lead_id,empresa,setor,canal_origem,dia_chegada,orcamento_declarado,urgencia_declarada,tamanho_funcionarios,fit_real
19834,Treino_0000,saude,inbound,0,61006.79,0.709,404,0.7337
19431,Treino_0001,industria,inbound,0,63460.65,0.235,174,0.8088
11695,Treino_0002,industria,outbound,0,50078.25,0.68,227,0.3921
11928,Treino_0003,servicos,inbound,0,73337.22,0.492,96,0.3219
12068,Treino_0004,industria,inbound,0,53184.78,0.775,180,0.2261
10413,Treino_0005,servicos,inbound,0,48000.19,0.633,176,0.4152
11596,Treino_0006,industria,inbound,0,29325.85,0.924,213,0.4737
12398,Treino_0007,servicos,inbound,0,60066.33,0.899,270,0.3392
12183,Treino_0008,varejo,outbound,0,86307.26,0.571,51,0.3462
10133,Treino_0009,saude,indicacao,0,39039.87,0.989,11,0.142
15913,Treino_0010,saude,outbound,0,33852.58,0.363,159,0.01
19747,Treino_0011,servicos,inbound,0,62755.24,0.88,141,0.6837
11923,Treino_0012,servicos,outbound,0,39020.89,0.163,424,0.7641
11456,Treino_0013,servicos,inbound,0,41783.65,0.892,331,0.5685
17009,Treino_0014,tecnologia,inbound,0,31334.85,0.295,271,0.4586
16026,Treino_0015,tecnologia,outbound,0,24814.38,0.897,68,0.4088
14283,Treino_0016,servicos,inbound,0,67070.13,0.537,489,0.373
18118,Treino_0017,varejo,outbound,0,58054.67,0.579,166,0.1959
15464,Treino_0018,tecnologia,inbound,0,61574.36,0.474,208,0.4373
16415,Treino_0019,industria,inbound,0,60984.52,0.204,284,0.0719
17636,Treino_0020,servicos,inbound,0,30237.13,0.994,33,0.331
15541,Treino_0021,saude,inbound,0,69430.1,0.891,19,0.5065
14284,Treino_0022,servicos,inbound,1,30949.2,0.45,210,0.0304
14332,Treino_0023,industria,inbound,1,41521.37,0.443,400,0.1969
15172,Treino_0024,tecnologia,inbound,1,77916.13,0.479,317,0.7004
15831,Treino_0025,tecnologia,inbound,1,60637.94,0.164,112,0.2609
13246,Treino_0026,servicos,outbound,1,83118.91,0.006,274,0.1347
17884,Treino_0027,varejo,inbound,1,43556.36,0.873,482,0.8711
18081,Treino_0028,saude,inbound,1,72444.64,0.92,164,0.6759
10177,Treino_0029,tecnologia,inbound,1,25984.6,0.976,441,0.6184
11328,Treino_0030,varejo,outbound,1,38475.47,0.446,484,0.5178
17848,Treino_0031,tecnologia,inbound,1,63334.31,0.277,105,0.2987
16916,Treino_0032,saude,outbound,1,76455.67,0.525,480,0.5978
13608,Treino_0033,saude,inbound,1,48094.03,0.402,166,0.326
15850,Treino_0034,tecnologia,outbound,1,37238.97,0.842,188,0.2227
12488,Treino_0035,varejo,outbound,1,38844.06,0.889,377,0.4662
13476,Treino_0036,industria,indicacao,1,32552.74,0.773,350,0.688
18932,Treino_0037,varejo,inbound,1,52088.83,0.728,173,0.4372
18716,Treino_0038,industria,indicacao,2,13295.11,0.91,328,0.5341
18681,Treino_0039,tecnologia,inbound,2,62203.3,0.738,403,0.7231
13061,Treino_0040,varejo,inbound,2,49377.96,0.839,79,0.4622
17689,Treino_0041,tecnologia,inbound,2,75304.46,0.579,121,0.6635
16184,Treino_0042,saude,inbound,2,19790.92,0.099,187,0.2158
17965,Treino_0043,tecnologia,indicacao,2,74801.28,0.434,384,0.4299
15700,Treino_0044,tecnologia,indicacao,2,60766.61,0.045,214,0.4318
10320,Treino_0045,industria,outbound,2,15561.11,0.833,453,0.4148
12423,Treino_0046,varejo,outbound,2,77152.14,0.979,443,0.7922
13030,Treino_0047,tecnologia,inbound,3,23292.69,0.485,288,0.3175
14266,Treino_0048,servicos,inbound,3,14411.41,0.437,286,0.42
19311,Treino_0049,servicos,outbound,3,48226.3,0.765,128,0.4804
11369,Treino_0050,industria,outbound,3,11370.3,0.277,64,0.2559
14748,Treino_0051,varejo,outbound,3,54694.86,0.272,471,0.7287
11507,Treino_0052,tecnologia,outbound,3,52372.8,0.917,429,0.5072
17181,Treino_0053,saude,outbound,3,73248.8,0.929,409,0.712
10272,Treino_0054,servicos,inbound,3,48983.54,0.989,352,0.8642
10692,Treino_0055,varejo,outbound,3,29260.57,0.491,402,0.3074
15552,Treino_0056,industria,inbound,3,44017.5,0.548,266,0.5318
10234,Treino_0057,saude,outbound,3,71976.16,0.877,348,0.9693
11674,Treino_0058,servicos,outbound,3,94348.95,0.824,370,0.7757
16862,Treino_0059,servicos,inbound,3,55138.36,0.404,67,0.1733
16867,Treino_0060,servicos,indicacao,3,52336.88,0.283,7,0.3655
11668,Treino_0061,saude,inbound,4,61160.16,0.659,403,0.715
11045,Treino_0062,saude,inbound,4,51045.83,0.205,20,0.6998
15274,Treino_0063,saude,inbound,4,68599.8,0.539,31,0.1602
17881,Treino_0064,varejo,inbound,4,21715.29,0.479,449,0.3587
12079,Treino_0065,tecnologia,inbound,4,52752.92,0.127,108,0.4727
16090,Treino_0066,varejo,inbound,4,59372.94,0.176,233,0.2586
18799,Treino_0067,tecnologia,outbound,4,26312.83,0.855,470,0.5268
19043,Treino_0068,tecnologia,outbound,4,25387.85,0.433,282,0.3284
15538,Treino_0069,servicos,inbound,4,31807.37,0.431,152,0.01
11953,Treino_0070,saude,outbound,4,54493.36,0.259,314,0.3661
11465,Treino_0071,tecnologia,inbound,4,5000.0,0.511,337,0.2565
17034,Treino_0072,servicos,inbound,4,36449.68,0.126,12,0.2238
12464,Treino_0073,industria,inbound,4,42776.72,0.924,107,0.7307
17819,Treino_0074,servicos,indicacao,4,99351.48,0.481,204,0.452
18402,Treino_0075,tecnologia,outbound,5,64744.03,0.203,317,0.2169
19155,Treino_0076,saude,indicacao,5,37188.38,0.535,276,0.3432
11429,Treino_0077,saude,indicacao,5,39145.01,0.442,424,0.7346
17842,Treino_0078,tecnologia,inbound,5,58770.57,0.979,416,0.867
12892,Treino_0079,industria,outbound,5,51303.65,0.865,124,0.4307
18232,Treino_0080,varejo,outbound,5,37326.33,0.603,191,0.2163
11593,Treino_0081,industria,inbound,5,45256.73,0.05,310,0.4353
12512,Treino_0082,varejo,indicacao,5,11727.09,0.307,26,0.1144
16498,Treino_0083,saude,inbound,5,76531.82,0.408,445,0.609
17945,Treino_0084,saude,inbound,5,49400.57,0.175,222,0.4414
15916,Treino_0085,industria,outbound,5,79237.69,0.094,402,0.5354
11282,Treino_0086,servicos,inbound,5,5000.0,0.54,190,0.3275
17323,Treino_0087,servicos,inbound,5,42848.37,0.859,38,0.4695
19978,Treino_0088,varejo,outbound,5,40849.47,0.11,310,0.2462
11498,Treino_0089,industria,outbound,5,26147.74,0.53,426,0.1071
12699,Treino_0090,industria,inbound,5,70564.53,0.833,320,0.7778
17969,Treino_0091,industria,inbound,5,61302.89,0.412,261,0.5274
10725,Treino_0092,servicos,inbound,5,33687.08,0.231,303,0.1188
17774,Treino_0093,servicos,outbound,5,59744.84,0.132,198,0.2679
18416,Treino_0094,servicos,inbound,5,49187.64,0.908,449,0.99
14757,Treino_0095,saude,inbound,6,54306.13,0.243,169,0.4451
11814,Treino_0096,servicos,outbound,6,33392.64,0.632,38,0.4263
10169,Treino_0097,saude,outbound,6,53764.77,0.153,323,0.6778
10392,Treino_0098,saude,inbound,6,72222.3,0.684,401,0.385
16242,Treino_0099,servicos,inbound,6,34629.79,0.016,14,0.1028
12203,Treino_0100,tecnologia,inbound,6,77622.05,0.714,468,0.7272
15649,Treino_0101,servicos,inbound,6,19083.34,0.891,232,0.4298
13946,Treino_0102,servicos,inbound,6,38105.94,0.762,202,0.5676
19052,Treino_0103,tecnologia,inbound,6,93713.8,0.756,273,0.5317
11081,Treino_0104,varejo,outbound,6,39758.17,0.618,396,0.3308
10661,Treino_0105,tecnologia,indicacao,6,60187.55,0.441,74,0.31
19135,Treino_0106,saude,inbound,6,74896.85,0.054,205,0.6047
15198,Treino_0107,servicos,inbound,6,72236.63,0.106,292,0.1958
16958,Treino_0108,saude,inbound,6,53931.33,0.967,97,0.6556
12692,Treino_0109,saude,outbound,6,24942.7,0.431,124,0.4207
19744,Treino_0110,industria,indicacao,7,70413.22,0.551,414,0.9871
15735,Treino_0111,varejo,inbound,7,36085.42,0.986,280,0.575
12630,Treino_0112,tecnologia,inbound,7,77750.32,0.265,102,0.2741
12490,Treino_0113,servicos,outbound,7,53932.24,0.351,87,0.1963
14674,Treino_0114,servicos,inbound,7,77541.59,0.431,353,0.5055
12510,Treino_0115,saude,inbound,7,51454.58,0.567,97,0.2095
16243,Treino_0116,industria,outbound,7,58213.24,0.271,236,0.4504
18555,Treino_0117,industria,indicacao,7,58240.82,0.059,363,0.4133
17724,Treino_0118,industria,inbound,7,89484.21,0.986,415,0.8945
18524,Treino_0119,servicos,indicacao,7,37069.26,0.657,40,0.6894
14344,Treino_0120,tecnologia,inbound,7,33577.41,0.19,294,0.1552
16580,Treino_0121,saude,inbound,8,41508.9,0.256,62,0.01
15924,Treino_0122,varejo,indicacao,8,79919.87,0.661,79,0.7668
12336,Treino_0123,industria,indicacao,8,15754.69,0.308,122,0.1969
19934,Treino_0124,servicos,inbound,8,49860.48,0.627,359,0.2863
13372,Treino_0125,industria,outbound,8,59060.48,0.11,265,0.5322
14161,Treino_0126,servicos,indicacao,8,39993.12,0.151,95,0.339
13350,Treino_0127,tecnologia,inbound,8,46028.1,0.95,190,0.2133
11034,Treino_0128,servicos,outbound,8,58403.82,0.954,110,0.368
13955,Treino_0129,servicos,inbound,8,39016.44,0.572,420,0.3628
19235,Treino_0130,industria,inbound,8,27418.45,0.098,478,0.3015
10700,Treino_0131,varejo,inbound,8,50534.36,0.246,166,0.4388
16024,Treino_0132,varejo,inbound,8,37480.79,0.956,166,0.5884
17271,Treino_0133,tecnologia,inbound,8,35934.93,0.455,457,0.4262
11364,Treino_0134,industria,inbound,8,47403.6,0.929,282,0.5171
13488,Treino_0135,varejo,inbound,8,41162.98,0.96,170,0.2735
12513,Treino_0136,saude,outbound,8,51899.62,0.311,467,0.5095
12198,Treino_0137,industria,inbound,8,32568.91,0.323,144,0.2516
11735,Treino_0138,servicos,inbound,8,60479.97,0.504,275,0.9008
16336,Treino_0139,servicos,inbound,8,75919.5,0.133,341,0.4892
19186,Treino_0140,saude,inbound,8,55109.34,0.333,369,0.6149
11146,Treino_0141,tecnologia,inbound,9,55800.95,0.572,258,0.4144
10513,Treino_0142,tecnologia,inbound,9,22000.33,0.941,66,0.3974
16679,Treino_0143,tecnologia,inbound,9,34579.03,0.62,36,0.3289
13252,Treino_0144,varejo,indicacao,9,45429.18,0.925,46,0.5843
18277,Treino_0145,industria,inbound,9,74573.1,0.241,154,0.2857
14104,Treino_0146,saude,inbound,9,45051.31,0.698,242,0.4156
17714,Treino_0147,servicos,outbound,9,84225.34,0.421,25,0.1987
14131,Treino_0148,saude,inbound,9,54152.43,0.354,446,0.653
19910,Treino_0149,saude,indicacao,9,17886.39,0.569,207,0.3815
19552,Treino_0150,varejo,inbound,9,30993.46,0.49,127,0.5239
18712,Treino_0151,tecnologia,outbound,9,28067.15,0.566,228,0.205
19811,Treino_0152,saude,inbound,9,48303.41,0.725,218,0.4194
12397,Treino_0153,servicos,outbound,9,51505.45,0.7,289,0.7321
19462,Treino_0154,varejo,outbound,9,26873.98,0.761,184,0.5452
10939,Treino_0155,varejo,outbound,9,38145.83,0.629,412,0.4801
12948,Treino_0156,saude,outbound,9,48634.41,0.572,319,0.6946
15352,Treino_0157,varejo,indicacao,9,52438.01,0.053,485,0.3288
13712,Treino_0158,industria,inbound,9,16200.35,0.923,482,0.4587
15229,Treino_0159,tecnologia,inbound,9,71650.94,0.943,285,0.7945
18869,Treino_0160,varejo,inbound,9,99780.53,0.485,397,0.8751
18715,Treino_0161,servicos,outbound,9,42301.5,0.051,56,0.01
17854,Treino_0162,saude,outbound,9,5000.0,0.294,174,0.01
13152,Treino_0163,servicos,indicacao,9,44449.58,0.186,30,0.0367
15108,Treino_0164,servicos,inbound,10,47721.34,0.013,152,0.0125
10704,Treino_0165,saude,inbound,10,64056.8,0.456,200,0.4
12089,Treino_0166,saude,inbound,10,58977.83,0.923,343,0.811
17141,Treino_0167,saude,inbound,10,48670.68,0.684,382,0.5035
10204,Treino_0168,servicos,indicacao,10,32927.85,0.732,497,0.6859
17107,Treino_0169,tecnologia,inbound,10,45786.1,0.276,196,0.01
11870,Treino_0170,varejo,inbound,10,49306.92,0.78,420,0.8171
15842,Treino_0171,varejo,inbound,10,64443.88,0.814,475,0.7639
10380,Treino_0172,saude,outbound,10,73139.73,0.017,377,0.3062
12727,Treino_0173,saude,inbound,10,55453.61,0.62,161,0.3761
11562,Treino_0174,saude,inbound,10,49690.62,0.213,94,0.1489
10559,Treino_0175,tecnologia,inbound,10,57037.22,0.478,479,0.497
14221,Treino_0176,saude,outbound,10,7912.61,0.497,169,0.1882
11000,Treino_0177,saude,inbound,10,57632.09,0.379,64,0.0444
15814,Treino_0178,varejo,outbound,10,56817.75,0.445,445,0.5324
17311,Treino_0179,tecnologia,inbound,10,91251.17,0.574,319,0.6507
17438,Treino_0180,tecnologia,outbound,10,19216.71,0.239,444,0.096
14561,Treino_0181,industria,inbound,10,78167.85,0.69,274,0.6771
17713,Treino_0182,saude,outbound,10,38752.7,0.903,341,0.9213
14451,Treino_0183,servicos,outbound,10,73550.24,0.172,367,0.5736
17715,Treino_0184,varejo,outbound,10,54407.32,0.249,260,0.5613
18192,Treino_0185,saude,indicacao,10,61944.55,0.099,289,0.4236
15534,Treino_0186,tecnologia,indicacao,11,93196.27,0.904,440,0.4325
16417,Treino_0187,servicos,inbound,11,40057.07,0.705,227,0.264
18425,Treino_0188,varejo,outbound,11,36505.52,0.607,82,0.337
10549,Treino_0189,industria,inbound,11,68125.38,0.122,349,0.6427
16324,Treino_0190,varejo,inbound,11,54420.09,0.358,435,0.4125
11357,Treino_0191,servicos,inbound,11,54609.3,0.784,189,0.3212
17879,Treino_0192,industria,inbound,11,56519.88,0.529,126,0.0628
14616,Treino_0193,tecnologia,indicacao,11,70932.52,0.931,38,0.6663
12102,Treino_0194,tecnologia,inbound,11,24762.14,0.313,427,0.363
13880,Treino_0195,industria,outbound,11,41218.4,0.623,434,0.1565
10253,Treino_0196,servicos,outbound,11,38445.85,0.211,144,0.0499
15491,Treino_0197,saude,inbound,11,66190.12,0.449,280,0.6783
11505,Treino_0198,varejo,inbound,11,61539.55,0.772,186,0.3555
17291,Treino_0199,servicos,indicacao,11,82806.53,0.428,476,0.4064
12758,Treino_0200,saude,indicacao,11,30946.95,0.574,114,0.2233
10506,Treino_0201,industria,outbound,11,76479.09,0.029,134,0.491
19903,Treino_0202,varejo,outbound,11,31163.88,0.594,159,0.6254
12267,Treino_0203,tecnologia,inbound,11,37650.9,0.962,63,0.5015
18607,Treino_0204,varejo,inbound,12,52309.95,0.135,445,0.1187
17707,Treino_0205,servicos,inbound,12,80433.51,0.461,65,0.3993
16648,Treino_0206,tecnologia,inbound,12,56986.82,0.381,468,0.6288
19510,Treino_0207,industria,outbound,12,38692.42,0.171,234,0.4041
12364,Treino_0208,saude,outbound,12,41918.62,0.91,446,0.8181
15770,Treino_0209,servicos,inbound,12,53266.5,0.019,179,0.1153
16320,Treino_0210,servicos,outbound,12,39208.73,0.495,237,0.2664
19151,Treino_0211,varejo,inbound,12,59824.69,0.849,129,0.6944
16122,Treino_0212,industria,inbound,12,39190.7,0.587,468,0.5916
17862,Treino_0213,saude,outbound,12,45584.59,0.248,212,0.3258
11935,Treino_0214,saude,inbound,12,30859.35,0.867,348,0.2919
10348,Treino_0215,servicos,inbound,12,106257.1,0.598,257,0.7376
13893,Treino_0216,industria,inbound,12,52628.67,0.71,54,0.5546
15675,Treino_0217,industria,inbound,12,69195.26,0.292,393,0.4565
10918,Treino_0218,industria,inbound,12,14115.56,0.276,190,0.1924
16554,Treino_0219,saude,inbound,12,55730.83,0.746,188,0.3461
10256,Treino_0220,industria,indicacao,13,66323.94,0.694,26,0.3985
12504,Treino_0221,servicos,inbound,13,41155.45,0.747,497,0.5828
12492,Treino_0222,industria,inbound,13,57584.42,0.912,192,0.8068
15979,Treino_0223,industria,outbound,13,39068.99,0.617,152,0.1915
12204,Treino_0224,servicos,inbound,13,53731.89,0.858,486,0.7848
11824,Treino_0225,saude,indicacao,13,44957.72,0.624,47,0.5555
13062,Treino_0226,saude,indicacao,13,38667.07,0.748,156,0.462
10008,Treino_0227,tecnologia,inbound,13,74865.95,0.474,412,0.612
15362,Treino_0228,tecnologia,indicacao,13,59496.96,0.401,212,0.4411
14880,Treino_0229,servicos,inbound,13,50846.49,0.461,408,0.6888
16910,Treino_0230,varejo,inbound,13,74414.27,0.845,326,0.8144
19955,Treino_0231,varejo,inbound,13,80561.29,0.463,473,0.6223
19949,Treino_0232,servicos,inbound,13,66697.38,0.763,262,0.4283
12638,Treino_0233,industria,inbound,13,68644.61,0.397,395,0.2558
15257,Treino_0234,industria,indicacao,13,83062.09,0.907,279,0.6656
19038,Treino_0235,saude,outbound,13,36157.69,0.207,367,0.4313
13861,Treino_0236,tecnologia,outbound,14,19024.53,0.849,77,0.2009
18321,Treino_0237,varejo,inbound,14,41162.68,0.589,34,0.121
19249,Treino_0238,tecnologia,outbound,14,59121.36,0.615,98,0.4975
13837,Treino_0239,servicos,outbound,14,35845.4,0.299,13,0.177
15825,Treino_0240,tecnologia,inbound,14,34800.72,0.756,269,0.0232
19719,Treino_0241,servicos,inbound,14,58423.16,0.143,304,0.6846
17703,Treino_0242,industria,inbound,14,67609.77,0.181,425,0.6802
13382,Treino_0243,varejo,inbound,14,39114.29,0.249,127,0.1314
19216,Treino_0244,industria,inbound,14,46390.53,0.764,58,0.1882
19129,Treino_0245,varejo,indicacao,14,23071.78,0.357,244,0.3396
12465,Treino_0246,servicos,inbound,14,27489.61,0.512,301,0.5427
11839,Treino_0247,tecnologia,inbound,14,79188.05,0.266,409,0.444
15988,Treino_0248,varejo,inbound,14,59273.5,0.01,326,0.6501
18351,Treino_0249,tecnologia,inbound,14,14449.91,0.456,98,0.3422
10017,Treino_0250,industria,inbound,14,20857.77,0.382,68,0.2717
17791,Treino_0251,varejo,inbound,15,89751.99,0.875,43,0.7184
14464,Treino_0252,tecnologia,inbound,15,49486.22,0.557,128,0.2802
13094,Treino_0253,saude,inbound,15,44584.68,0.933,31,0.6278
16256,Treino_0254,varejo,indicacao,15,67560.93,0.139,370,0.7061
18515,Treino_0255,servicos,inbound,15,33156.74,0.437,439,0.276
15958,Treino_0256,saude,outbound,15,74169.28,0.406,279,0.4347
13183,Treino_0257,tecnologia,inbound,15,30430.73,0.618,144,0.3911
14223,Treino_0258,servicos,outbound,15,81893.48,0.543,354,0.8148
13991,Treino_0259,varejo,inbound,15,5951.48,0.63,271,0.6299
10046,Treino_0260,tecnologia,inbound,15,5000.0,0.236,111,0.0807
18304,Treino_0261,tecnologia,inbound,15,50229.29,0.829,9,0.206
19951,Treino_0262,saude,inbound,15,58208.15,0.198,118,0.1338
16098,Treino_0263,servicos,outbound,15,33202.08,0.589,454,0.7047
16742,Treino_0264,tecnologia,indicacao,15,28315.59,0.209,169,0.5228
16368,Treino_0265,tecnologia,inbound,15,71521.22,0.509,93,0.4364
19999,Treino_0266,saude,inbound,15,53759.45,0.352,156,0.4051
15128,Treino_0267,servicos,inbound,15,38469.96,0.577,202,0.4574
17050,Treino_0268,industria,outbound,15,46249.88,0.627,66,0.3855
11439,Treino_0269,saude,inbound,15,67243.83,0.074,74,0.2753
11432,Treino_0270,saude,inbound,15,42216.03,0.422,221,0.022
19204,Treino_0271,varejo,outbound,15,45701.06,0.737,75,0.9387
15309,Treino_0272,servicos,outbound,15,68186.87,0.123,49,0.2281
11907,Treino_0273,industria,inbound,16,50552.87,0.072,165,0.3552
18380,Treino_0274,varejo,outbound,16,34377.72,0.198,69,0.124
16115,Treino_0275,industria,inbound,16,72676.16,0.476,285,0.658
10118,Treino_0276,tecnologia,outbound,16,61779.28,0.161,291,0.4407
10673,Treino_0277,saude,inbound,16,50770.4,0.462,178,0.6332
15664,Treino_0278,tecnologia,outbound,16,65090.28,0.382,113,0.3141
15971,Treino_0279,servicos,indicacao,16,5000.0,0.311,332,0.6248
12670,Treino_0280,tecnologia,outbound,16,15425.9,0.016,275,0.01
14971,Treino_0281,saude,indicacao,16,41767.05,0.163,140,0.186
19541,Treino_0282,industria,outbound,16,52773.75,0.388,103,0.3983
17547,Treino_0283,industria,outbound,16,73531.25,0.564,118,0.3383
17936,Treino_0284,saude,outbound,16,50649.97,0.817,55,0.5173
15251,Treino_0285,tecnologia,outbound,16,65617.49,0.62,108,0.376
10032,Treino_0286,industria,outbound,16,60285.55,0.84,75,0.6851
11981,Treino_0287,varejo,inbound,16,30610.61,0.875,160,0.6871
17152,Treino_0288,saude,inbound,16,21526.64,0.699,237,0.5712
15801,Treino_0289,varejo,indicacao,16,66719.93,0.445,202,0.3597
16311,Treino_0290,saude,inbound,16,71003.57,0.501,346,0.5788
13780,Treino_0291,saude,outbound,16,54977.16,0.252,235,0.0797
17421,Treino_0292,varejo,outbound,16,49852.57,0.444,128,0.4938
14488,Treino_0293,varejo,outbound,16,78671.35,0.509,7,0.7646
19581,Treino_0294,saude,outbound,16,38982.02,0.081,456,0.0783
14802,Treino_0295,servicos,outbound,16,41787.57,0.544,315,0.5933
11984,Treino_0296,tecnologia,outbound,16,58252.46,0.174,283,0.01
16127,Treino_0297,tecnologia,outbound,16,61542.72,0.451,122,0.1269
10168,Treino_0298,tecnologia,inbound,16,44920.07,0.229,246,0.4217
18497,Treino_0299,varejo,indicacao,17,60478.74,0.271,416,0.0724
11778,Treino_0300,tecnologia,outbound,17,6036.66,0.798,173,0.2655
19406,Treino_0301,tecnologia,outbound,17,22124.58,0.377,375,0.8092
15230,Treino_0302,saude,inbound,17,72982.29,0.566,394,0.6471
14718,Treino_0303,servicos,outbound,17,40574.33,0.316,140,0.4559
18322,Treino_0304,tecnologia,outbound,17,23461.47,0.906,66,0.9734
15785,Treino_0305,servicos,inbound,17,31657.8,0.067,129,0.3603
10391,Treino_0306,industria,outbound,17,94505.18,0.895,91,0.8737
11187,Treino_0307,servicos,inbound,17,38944.55,0.253,145,0.01
11452,Treino_0308,servicos,inbound,17,25620.11,0.706,168,0.4008
14892,Treino_0309,servicos,inbound,17,77528.82,0.816,75,0.4581
19998,Treino_0310,servicos,indicacao,17,30019.57,0.469,114,0.2289
10356,Treino_0311,tecnologia,indicacao,17,38407.89,0.917,269,0.4081
13287,Treino_0312,servicos,inbound,17,7914.73,0.713,8,0.3515
10950,Treino_0313,tecnologia,inbound,18,76306.28,0.332,318,0.7207
17492,Treino_0314,servicos,inbound,18,14184.21,0.071,144,0.0374
10406,Treino_0315,servicos,inbound,18,53509.98,0.834,85,0.5122
17251,Treino_0316,saude,outbound,18,34479.9,0.106,49,0.0516
19340,Treino_0317,saude,inbound,18,103078.0,0.398,100,0.7448
19021,Treino_0318,industria,outbound,18,53857.18,0.416,494,0.6977
19159,Treino_0319,industria,outbound,18,55806.3,0.812,9,0.7987
11274,Treino_0320,saude,inbound,18,32801.89,0.714,18,0.3647
17640,Treino_0321,saude,inbound,18,43537.24,0.514,90,0.2643
17913,Treino_0322,tecnologia,indicacao,18,58225.39,0.312,210,0.4829
12069,Treino_0323,servicos,inbound,18,77993.47,0.015,99,0.1849
19487,Treino_0324,varejo,inbound,18,71162.87,0.522,97,0.3851
15370,Treino_0325,tecnologia,inbound,18,63516.16,0.208,178,0.4416
12391,Treino_0326,servicos,indicacao,18,91210.88,0.366,490,0.7063
15536,Treino_0327,saude,inbound,18,39078.02,0.63,129,0.4242
15422,Treino_0328,industria,inbound,18,51457.01,0.827,23,0.3609
13139,Treino_0329,industria,inbound,18,22738.87,0.897,414,0.6555
14664,Treino_0330,servicos,outbound,18,38616.06,0.935,244,0.7136
12754,Treino_0331,servicos,outbound,18,59125.46,0.439,259,0.5495
13437,Treino_0332,industria,inbound,18,58409.6,0.473,317,0.5856
13040,Treino_0333,servicos,inbound,19,60222.09,0.415,160,0.4256
12408,Treino_0334,tecnologia,inbound,19,27157.11,0.95,396,0.7631
14381,Treino_0335,saude,inbound,19,44640.95,0.042,119,0.3113
19618,Treino_0336,tecnologia,inbound,19,67750.9,0.476,13,0.279
10555,Treino_0337,varejo,inbound,19,5000.0,0.278,270,0.1009
18389,Treino_0338,industria,outbound,19,6602.19,0.295,310,0.5425
15038,Treino_0339,servicos,indicacao,19,60154.2,0.828,53,0.5244
16319,Treino_0340,saude,inbound,19,50746.2,0.7,321,0.4584
19658,Treino_0341,servicos,inbound,19,5000.0,0.178,396,0.2343
13606,Treino_0342,varejo,inbound,19,91148.61,0.688,181,0.8857
12189,Treino_0343,industria,outbound,19,71901.04,0.665,15,0.288
15267,Treino_0344,tecnologia,inbound,19,41750.39,0.283,37,0.3181
14965,Treino_0345,varejo,inbound,19,40708.92,0.863,129,0.7484
14848,Treino_0346,varejo,inbound,19,7229.39,0.435,89,0.3155
12308,Treino_0347,varejo,outbound,20,46530.54,0.641,402,0.8077
15771,Treino_0348,varejo,inbound,20,33921.7,0.811,424,0.8096
11716,Treino_0349,servicos,inbound,20,17087.32,0.009,407,0.3791
13383,Treino_0350,industria,inbound,20,35827.73,0.869,333,0.8564
19881,Treino_0351,industria,inbound,20,78849.85,0.217,182,0.5586
10664,Treino_0352,servicos,inbound,20,50682.85,0.427,366,0.5176
14950,Treino_0353,industria,inbound,20,80891.17,0.24,302,0.2951
15640,Treino_0354,saude,inbound,20,56961.11,0.615,231,0.313
12789,Treino_0355,industria,inbound,20,66135.95,0.167,336,0.5882
10164,Treino_0356,servicos,inbound,20,78214.38,0.509,399,0.6789
19672,Treino_0357,industria,inbound,20,69817.98,0.935,115,0.3637
11549,Treino_0358,saude,outbound,20,44062.11,0.849,21,0.2825
18478,Treino_0359,saude,indicacao,20,60199.69,0.128,435,0.4471
16462,Treino_0360,tecnologia,outbound,20,20596.21,0.708,75,0.3332
12147,Treino_0361,tecnologia,inbound,20,44242.58,0.452,342,0.3441
10048,Treino_0362,varejo,inbound,21,19358.97,0.363,323,0.1342
14490,Treino_0363,industria,inbound,21,41075.97,0.639,216,0.4069
10624,Treino_0364,tecnologia,outbound,21,14276.7,0.428,416,0.6349
16824,Treino_0365,servicos,outbound,21,46123.21,0.305,125,0.3519
16819,Treino_0366,industria,inbound,21,45589.95,0.067,181,0.1585
11862,Treino_0367,varejo,inbound,21,50158.36,0.329,300,0.3997
12053,Treino_0368,varejo,outbound,21,31353.59,0.507,156,0.5785
10064,Treino_0369,industria,indicacao,21,28645.15,0.261,53,0.3184
15597,Treino_0370,varejo,indicacao,21,53340.2,0.89,142,0.8021
11374,Treino_0371,servicos,outbound,21,73880.76,0.545,272,0.3374
16129,Treino_0372,servicos,indicacao,21,41971.09,0.448,367,0.1665
13784,Treino_0373,servicos,inbound,21,36290.83,0.44,391,0.3836
16233,Treino_0374,servicos,inbound,21,80584.51,0.26,111,0.2431
19041,Treino_0375,servicos,outbound,21,80154.31,0.973,111,0.7328
10773,Treino_0376,servicos,inbound,21,43143.25,0.558,74,0.2712
19674,Treino_0377,saude,inbound,21,26606.76,0.063,265,0.4537
17676,Treino_0378,tecnologia,inbound,21,48845.48,0.02,143,0.3258
16986,Treino_0379,saude,inbound,21,52950.81,0.864,304,0.5686
10743,Treino_0380,industria,indicacao,21,25088.28,0.731,463,0.4861
11684,Treino_0381,tecnologia,outbound,22,58869.25,0.61,275,0.5496
15678,Treino_0382,industria,indicacao,22,62245.2,0.986,235,0.8155
14800,Treino_0383,saude,outbound,22,52862.05,0.023,260,0.0654
11902,Treino_0384,tecnologia,inbound,22,57800.32,0.455,74,0.111
13135,Treino_0385,industria,outbound,22,68126.38,0.521,91,0.5788
16710,Treino_0386,varejo,inbound,22,50969.52,0.809,59,0.1459
15582,Treino_0387,varejo,inbound,22,25389.48,0.454,311,0.6044
19873,Treino_0388,industria,inbound,22,83101.58,0.436,202,0.6278
13613,Treino_0389,tecnologia,inbound,22,33484.68,0.625,126,0.3983
10171,Treino_0390,industria,outbound,22,42690.99,0.784,438,0.8738
13783,Treino_0391,tecnologia,inbound,22,49796.59,0.121,55,0.2184
18311,Treino_0392,tecnologia,inbound,22,56284.52,0.773,201,0.6991
15798,Treino_0393,industria,outbound,22,49613.58,0.456,93,0.1869
16991,Treino_0394,varejo,outbound,22,62760.73,0.171,439,0.3898
18978,Treino_0395,saude,inbound,22,70817.4,0.067,491,0.3124
14555,Treino_0396,varejo,outbound,22,45851.76,0.036,32,0.2557
14533,Treino_0397,tecnologia,outbound,22,62231.7,0.088,314,0.3618
17555,Treino_0398,tecnologia,inbound,22,50144.04,0.92,483,0.3344
13439,Treino_0399,saude,indicacao,22,84604.82,0.024,333,0.1423
11725,Treino_0400,tecnologia,outbound,22,30282.37,0.041,138,0.2806
13789,Treino_0401,varejo,inbound,22,56713.93,0.805,136,0.6774
12975,Treino_0402,industria,indicacao,23,75807.27,0.885,321,0.2687
19074,Treino_0403,industria,outbound,23,63138.55,0.687,489,0.9552
14938,Treino_0404,tecnologia,inbound,23,31278.24,0.376,241,0.4482
10131,Treino_0405,saude,inbound,23,59854.01,0.213,315,0.2973
19215,Treino_0406,industria,inbound,23,5000.0,0.945,497,0.287
12753,Treino_0407,saude,inbound,23,54089.69,0.736,200,0.4025
13118,Treino_0408,saude,inbound,23,31658.34,0.232,194,0.4108
10501,Treino_0409,saude,indicacao,23,24410.21,0.781,65,0.4422
10092,Treino_0410,saude,outbound,23,32325.39,0.797,157,0.3336
15359,Treino_0411,varejo,inbound,23,48642.33,0.695,145,0.4656
18836,Treino_0412,industria,inbound,23,106044.92,0.675,275,0.6899
17330,Treino_0413,saude,inbound,23,75801.12,0.237,461,0.7141
19252,Treino_0414,tecnologia,outbound,23,58088.52,0.629,204,0.2345
12156,Treino_0415,tecnologia,indicacao,23,48893.37,0.022,494,0.4103
15615,Treino_0416,saude,inbound,23,40222.64,0.779,296,0.4587
16197,Treino_0417,varejo,inbound,23,8845.86,0.088,232,0.01
13997,Treino_0418,varejo,indicacao,23,71059.45,0.386,239,0.4853
15587,Treino_0419,saude,inbound,24,39174.58,0.953,149,0.5362
18274,Treino_0420,industria,inbound,24,42269.62,0.876,170,0.3846
16902,Treino_0421,varejo,inbound,24,46927.29,0.667,110,0.01
14591,Treino_0422,industria,outbound,24,46954.71,0.025,442,0.01
16948,Treino_0423,saude,indicacao,24,50028.27,0.735,171,0.8355
14604,Treino_0424,varejo,outbound,24,81702.12,0.389,119,0.4001
11667,Treino_0425,saude,inbound,24,43980.82,0.943,131,0.7409
11661,Treino_0426,saude,outbound,24,58734.75,0.891,122,0.7148
17664,Treino_0427,tecnologia,outbound,24,34959.11,0.113,70,0.1289
17095,Treino_0428,servicos,outbound,24,48962.98,0.185,248,0.3029
15169,Treino_0429,tecnologia,indicacao,24,53745.41,0.322,275,0.5045
10303,Treino_0430,saude,outbound,24,51342.3,0.944,75,0.2247
17142,Treino_0431,varejo,outbound,24,50222.79,0.783,34,0.6198
14781,Treino_0432,varejo,inbound,24,10170.71,0.569,261,0.3034
11385,Treino_0433,varejo,indicacao,24,47265.45,0.044,293,0.5047
19441,Treino_0434,servicos,inbound,24,65543.96,0.024,279,0.3956
10334,Treino_0435,saude,inbound,24,61495.52,0.239,105,0.5074
17256,Treino_0436,servicos,outbound,24,61291.75,0.622,67,0.2447
14975,Treino_0437,varejo,outbound,24,23569.86,0.139,148,0.4124
11651,Treino_0438,industria,inbound,24,32421.02,0.84,218,0.3798
15719,Treino_0439,varejo,outbound,24,80119.14,0.497,274,0.2009
12202,Treino_0440,servicos,indicacao,24,43884.77,0.222,448,0.4962
19602,Treino_0441,saude,inbound,24,57178.87,0.732,440,0.844
10626,Treino_0442,tecnologia,inbound,24,48243.27,0.734,450,0.717
15586,Treino_0443,industria,inbound,24,33008.48,0.127,401,0.1202
16664,Treino_0444,varejo,outbound,24,73307.18,0.948,294,0.8718
14605,Treino_0445,servicos,inbound,25,76769.33,0.127,155,0.5
18116,Treino_0446,saude,outbound,25,40701.43,0.235,13,0.1868
13790,Treino_0447,industria,inbound,25,33243.32,0.035,213,0.102
10869,Treino_0448,industria,outbound,25,49471.55,0.041,354,0.3757
15819,Treino_0449,saude,inbound,25,44869.22,0.183,84,0.4096
10867,Treino_0450,tecnologia,outbound,25,5000.0,0.03,179,0.2699
17910,Treino_0451,saude,inbound,25,45304.5,0.887,125,0.5708
19611,Treino_0452,tecnologia,inbound,25,57654.66,0.098,312,0.6148
19914,Treino_0453,servicos,indicacao,25,9792.04,0.957,213,0.2827
12277,Treino_0454,saude,indicacao,25,40907.19,0.687,410,0.3398
11943,Treino_0455,tecnologia,inbound,25,37935.18,0.251,27,0.01
11787,Treino_0456,servicos,inbound,25,27317.56,0.477,288,0.408
16040,Treino_0457,tecnologia,inbound,25,24680.17,0.226,113,0.1606
13528,Treino_0458,tecnologia,outbound,25,34615.32,0.1,36,0.01
16549,Treino_0459,varejo,inbound,25,36701.88,0.223,338,0.2533
16386,Treino_0460,varejo,indicacao,25,49785.53,0.395,262,0.2454
18834,Treino_0461,varejo,inbound,25,25548.49,0.269,201,0.0359
16626,Treino_0462,varejo,outbound,25,30497.66,0.021,359,0.5878
14859,Treino_0463,industria,inbound,25,18787.88,0.582,471,0.6303
12220,Treino_0464,varejo,inbound,25,45811.09,0.83,482,0.5635
11583,Treino_0465,industria,inbound,26,63545.86,0.849,320,0.5689
17362,Treino_0466,industria,outbound,26,81866.8,0.194,328,0.6287
17970,Treino_0467,saude,indicacao,26,50776.39,0.88,158,0.2827
14698,Treino_0468,tecnologia,outbound,26,34622.03,0.112,22,0.4727
19099,Treino_0469,industria,outbound,26,55735.69,0.399,76,0.5633
16189,Treino_0470,tecnologia,inbound,26,25364.41,0.302,392,0.2187
19348,Treino_0471,saude,outbound,26,58039.65,0.965,91,0.5892
11546,Treino_0472,industria,inbound,26,47737.47,0.001,253,0.357
16518,Treino_0473,industria,inbound,26,59090.43,0.747,99,0.1989
10366,Treino_0474,tecnologia,indicacao,26,67196.66,0.524,420,0.6614
12537,Treino_0475,saude,inbound,26,49849.04,0.484,111,0.2337
16879,Treino_0476,saude,inbound,26,56373.72,0.61,314,0.786
16402,Treino_0477,saude,outbound,26,51031.59,0.563,371,0.5428
12669,Treino_0478,saude,inbound,26,38227.33,0.447,300,0.2191
18293,Treino_0479,industria,inbound,26,45767.68,0.972,420,0.8461
16347,Treino_0480,servicos,inbound,26,51339.91,0.434,422,0.4298
15824,Treino_0481,servicos,inbound,27,66581.97,0.659,467,0.8322
13721,Treino_0482,saude,indicacao,27,56341.95,0.18,487,0.616
18444,Treino_0483,servicos,inbound,27,32068.67,0.495,434,0.5211
16616,Treino_0484,servicos,inbound,27,45725.21,0.077,150,0.2152
15349,Treino_0485,industria,inbound,27,73482.85,0.229,360,0.5494
16876,Treino_0486,saude,inbound,27,56000.16,0.996,421,0.8488
14084,Treino_0487,servicos,outbound,27,65230.57,0.136,482,0.3341
12459,Treino_0488,industria,outbound,27,46888.8,0.186,363,0.6148
17968,Treino_0489,saude,outbound,27,33485.1,0.745,299,0.7496
17741,Treino_0490,saude,inbound,27,26275.71,0.477,365,0.4114
17767,Treino_0491,tecnologia,inbound,27,22994.13,0.146,36,0.2174
14875,Treino_0492,tecnologia,inbound,27,60076.28,0.715,279,0.2518
18264,Treino_0493,varejo,inbound,27,43352.74,0.588,157,0.3255
12815,Treino_0494,saude,inbound,27,49951.07,0.822,374,0.7415
17150,Treino_0495,varejo,outbound,27,61364.34,0.514,139,0.5062
17240,Treino_0496,servicos,indicacao,27,43245.17,0.748,92,0.0629
19682,Treino_0497,saude,inbound,27,58514.55,0.105,164,0.3236
12311,Treino_0498,industria,indicacao,27,79483.56,0.768,25,0.6374
17135,Treino_0499,industria,outbound,27,42158.78,0.203,85,0.4123
19446,Treino_0500,saude,outbound,27,35617.07,0.199,164,0.1068
13048,Treino_0501,varejo,inbound,27,48939.99,0.31,133,0.2591
19128,Treino_0502,tecnologia,indicacao,27,48240.36,0.622,26,0.4483
16315,Treino_0503,saude,inbound,27,22601.08,0.757,105,0.6461
17632,Treino_0504,tecnologia,inbound,27,65509.92,0.287,66,0.3508
12448,Treino_0505,industria,inbound,27,20996.05,0.108,151,0.01
11645,Treino_0506,servicos,inbound,28,49150.26,0.012,10,0.4031
10398,Treino_0507,servicos,indicacao,28,49953.57,0.514,49,0.389
18171,Treino_0508,varejo,outbound,28,55088.46,0.824,284,0.3708
13500,Treino_0509,varejo,indicacao,28,57297.61,0.065,389,0.358
11132,Treino_0510,servicos,outbound,28,32839.84,0.859,391,0.3225
18494,Treino_0511,tecnologia,inbound,28,43997.14,0.608,213,0.8699
15865,Treino_0512,saude,outbound,28,47109.09,0.258,494,0.3332
19643,Treino_0513,varejo,inbound,28,47003.3,0.804,486,0.6783
15946,Treino_0514,industria,inbound,28,58253.07,0.453,329,0.3876
13254,Treino_0515,tecnologia,inbound,28,81522.0,0.567,147,0.5289
15593,Treino_0516,tecnologia,inbound,28,74768.23,0.008,29,0.0477
15855,Treino_0517,industria,inbound,28,43174.49,0.745,292,0.5705
16070,Treino_0518,tecnologia,inbound,28,35068.46,0.222,448,0.4433
10617,Treino_0519,saude,indicacao,29,95788.42,0.398,35,0.032
13332,Treino_0520,saude,indicacao,29,21233.81,0.964,140,0.1801
18271,Treino_0521,varejo,outbound,29,104074.71,0.21,169,0.8634
18489,Treino_0522,servicos,inbound,29,58378.9,0.004,308,0.5424
19909,Treino_0523,tecnologia,indicacao,29,59898.37,0.32,208,0.1617
17770,Treino_0524,industria,outbound,29,24118.72,0.091,307,0.2441
11341,Treino_0525,varejo,outbound,29,56763.64,0.099,156,0.3427
17343,Treino_0526,saude,inbound,29,78201.14,0.526,462,0.6756
10152,Treino_0527,servicos,inbound,29,26913.64,0.807,194,0.2938
15369,Treino_0528,varejo,inbound,29,57890.28,0.35,218,0.8559
16717,Treino_0529,saude,outbound,29,58475.13,0.077,437,0.2592
15187,Treino_0530,servicos,indicacao,29,54291.02,0.008,230,0.1459
16673,Treino_0531,servicos,inbound,29,32093.9,0.961,348,0.801
15794,Treino_0532,varejo,indicacao,29,19014.17,0.314,109,0.3489
10374,Treino_0533,servicos,inbound,29,60256.65,0.975,106,0.6081
10291,Treino_0534,industria,outbound,29,39244.9,0.234,144,0.3041
16135,Treino_0535,servicos,outbound,29,32571.23,0.733,139,0.3788
15347,Treino_0536,servicos,inbound,29,81152.03,0.472,174,0.4145
10143,Treino_0537,industria,outbound,30,101728.99,0.304,170,0.3003
17743,Treino_0538,tecnologia,indicacao,30,57211.33,0.51,102,0.1533
14210,Treino_0539,saude,outbound,30,69553.31,0.895,325,0.9646
16177,Treino_0540,servicos,outbound,30,5000.0,0.087,305,0.2264
17080,Treino_0541,saude,inbound,30,59440.01,0.272,409,0.5141
12979,Treino_0542,varejo,inbound,30,52188.47,0.442,124,0.404
13575,Treino_0543,varejo,inbound,30,16089.9,0.319,406,0.4168
12144,Treino_0544,servicos,inbound,30,66586.32,0.934,166,0.5773
10778,Treino_0545,industria,outbound,30,36123.91,0.407,342,0.4679
16021,Treino_0546,tecnologia,inbound,30,69682.71,0.834,138,0.8897
19439,Treino_0547,industria,outbound,31,39728.36,0.55,430,0.4246
19223,Treino_0548,saude,inbound,31,61393.62,0.555,418,0.7691
10080,Treino_0549,industria,indicacao,31,73529.65,0.069,280,0.501
12843,Treino_0550,tecnologia,inbound,31,54556.0,0.329,465,0.4781
18560,Treino_0551,industria,outbound,31,38462.22,0.006,406,0.345
14426,Treino_0552,servicos,outbound,31,73736.29,0.179,454,0.4847
11295,Treino_0553,industria,indicacao,31,79277.41,0.919,331,0.7985
17812,Treino_0554,varejo,inbound,31,92981.03,0.479,139,0.5009
18918,Treino_0555,industria,indicacao,31,70101.89,0.002,462,0.4789
17574,Treino_0556,varejo,outbound,31,26138.83,0.821,451,0.4798
18807,Treino_0557,saude,inbound,31,66506.0,0.384,49,0.0158
10394,Treino_0558,tecnologia,outbound,31,63409.1,0.03,314,0.5658
11005,Treino_0559,industria,inbound,31,49714.66,0.689,175,0.8011
17725,Treino_0560,servicos,inbound,31,44627.06,0.729,196,0.5268
18433,Treino_0561,servicos,outbound,31,42281.4,0.647,339,0.4327
10962,Treino_0562,servicos,outbound,31,37107.04,0.608,145,0.4787
18257,Treino_0563,varejo,inbound,31,46131.76,0.32,355,0.5345
18361,Treino_0564,tecnologia,inbound,31,54356.88,0.31,396,0.2373
18537,Treino_0565,industria,inbound,31,63380.52,0.35,26,0.01
14081,Treino_0566,servicos,inbound,31,60973.31,0.184,100,0.6756
13445,Treino_0567,industria,outbound,31,51175.77,0.996,278,0.438
18099,Treino_0568,industria,inbound,32,67802.37,0.458,141,0.494
19620,Treino_0569,servicos,outbound,32,44737.77,0.001,438,0.3075
12118,Treino_0570,varejo,inbound,32,100170.86,0.759,448,0.7098
16025,Treino_0571,tecnologia,inbound,32,50625.44,0.979,27,0.7131
14475,Treino_0572,industria,indicacao,32,40507.74,0.923,341,0.7021
17835,Treino_0573,varejo,outbound,32,43799.11,0.225,429,0.499
16718,Treino_0574,saude,inbound,32,36190.12,0.036,93,0.1308
17845,Treino_0575,industria,inbound,32,74030.73,0.193,134,0.1546
12104,Treino_0576,tecnologia,inbound,32,58097.97,0.687,468,0.5921
18390,Treino_0577,saude,inbound,32,58041.54,0.205,483,0.4773
18348,Treino_0578,tecnologia,inbound,32,37591.92,0.632,215,0.5148
16453,Treino_0579,varejo,outbound,32,67629.16,0.955,160,0.99
14038,Treino_0580,servicos,indicacao,32,11253.68,0.372,48,0.3775
12454,Treino_0581,servicos,inbound,32,67594.2,0.543,57,0.5222
19346,Treino_0582,servicos,inbound,32,17747.52,0.805,462,0.3993
18083,Treino_0583,varejo,indicacao,32,52847.05,0.831,253,0.596
19601,Treino_0584,servicos,outbound,32,76668.28,0.754,11,0.4295
17590,Treino_0585,saude,outbound,32,84718.23,0.388,222,0.3086
17056,Treino_0586,industria,inbound,32,39171.08,0.704,114,0.4648
11612,Treino_0587,saude,outbound,32,48613.89,0.48,24,0.01
17666,Treino_0588,tecnologia,inbound,32,47946.78,0.502,407,0.3297
12888,Treino_0589,industria,inbound,32,62240.07,0.348,309,0.6586
16645,Treino_0590,industria,inbound,33,60153.93,0.021,244,0.243
11093,Treino_0591,saude,indicacao,33,65882.63,0.763,268,0.773
19584,Treino_0592,varejo,indicacao,33,42726.98,0.258,27,0.3727
13293,Treino_0593,saude,outbound,33,27026.0,0.935,361,0.565
15194,Treino_0594,varejo,inbound,33,15737.97,0.697,236,0.416
12676,Treino_0595,varejo,indicacao,33,18821.25,0.548,319,0.2554
10893,Treino_0596,servicos,inbound,33,57466.32,0.463,269,0.4129
18645,Treino_0597,tecnologia,indicacao,33,33935.01,0.261,89,0.1736
13548,Treino_0598,varejo,inbound,33,56633.37,0.412,36,0.2586
17303,Treino_0599,saude,inbound,33,45680.66,0.897,472,0.6751
17384,Treino_0600,servicos,outbound,33,48286.19,0.164,48,0.1255
19373,Treino_0601,saude,inbound,33,8279.5,0.056,240,0.2259
13695,Treino_0602,tecnologia,inbound,33,5000.0,0.83,50,0.3753
12225,Treino_0603,tecnologia,inbound,33,46076.5,0.48,485,0.6298
19947,Treino_0604,industria,inbound,34,56181.98,0.105,241,0.3734
14363,Treino_0605,servicos,outbound,34,64177.54,0.682,284,0.5776
16053,Treino_0606,tecnologia,inbound,34,28551.56,0.528,232,0.441
14338,Treino_0607,servicos,inbound,34,58677.68,0.175,184,0.5057
18520,Treino_0608,varejo,outbound,34,66955.97,0.392,406,0.6814
17511,Treino_0609,industria,inbound,34,29392.69,0.872,440,0.6613
18729,Treino_0610,servicos,indicacao,34,74693.55,0.164,450,0.5795
18089,Treino_0611,saude,inbound,34,40221.6,0.901,462,0.8746
13272,Treino_0612,tecnologia,indicacao,34,60940.76,0.659,278,0.3838
13306,Treino_0613,varejo,outbound,34,68401.39,0.976,82,0.9683
13129,Treino_0614,saude,outbound,34,46228.38,0.598,223,0.5015
18325,Treino_0615,industria,inbound,34,73054.78,0.607,383,0.7183
12302,Treino_0616,servicos,inbound,34,21104.99,0.503,376,0.4106
18007,Treino_0617,tecnologia,inbound,34,68772.28,0.273,485,0.6771
15754,Treino_0618,varejo,outbound,34,24863.82,0.347,296,0.0892
17692,Treino_0619,industria,indicacao,34,90764.15,0.529,311,0.4688
17831,Treino_0620,servicos,outbound,34,27041.93,0.436,178,0.0851
16748,Treino_0621,varejo,inbound,34,30864.01,0.673,32,0.223
10095,Treino_0622,varejo,indicacao,34,53692.94,0.184,208,0.6635
17227,Treino_0623,varejo,inbound,35,48346.04,0.557,392,0.678
18964,Treino_0624,industria,indicacao,35,75677.82,0.781,281,0.2009
17505,Treino_0625,varejo,inbound,35,55721.63,0.838,432,0.5658
14771,Treino_0626,varejo,outbound,35,53445.87,0.102,379,0.2966
17448,Treino_0627,saude,outbound,35,42454.39,0.925,181,0.3996
12425,Treino_0628,servicos,outbound,35,31545.06,0.675,126,0.5808
11039,Treino_0629,servicos,inbound,35,5000.0,0.931,87,0.3804
11280,Treino_0630,servicos,inbound,35,66065.56,0.404,22,0.4806
11053,Treino_0631,varejo,inbound,35,74263.84,0.368,49,0.3634
16579,Treino_0632,industria,inbound,35,62320.2,0.599,432,0.4865
11292,Treino_0633,varejo,inbound,35,48546.49,0.947,326,0.3592
11658,Treino_0634,servicos,inbound,35,65036.63,0.625,301,0.3892
17024,Treino_0635,varejo,indicacao,35,34936.81,0.439,78,0.3109
13101,Treino_0636,tecnologia,inbound,35,72114.45,0.628,307,0.7082
10088,Treino_0637,varejo,indicacao,35,15793.79,0.51,170,0.5048
18670,Treino_0638,industria,inbound,35,47014.38,0.115,254,0.3111
12205,Treino_0639,tecnologia,indicacao,35,29210.68,0.672,235,0.2646
14524,Treino_0640,tecnologia,outbound,36,58054.54,0.483,284,0.5278
18612,Treino_0641,servicos,indicacao,36,71277.69,0.381,219,0.1056
15485,Treino_0642,servicos,inbound,36,36039.69,0.994,261,0.6054
12040,Treino_0643,tecnologia,outbound,36,57558.85,0.944,265,0.6119
19922,Treino_0644,varejo,outbound,36,68558.72,0.848,234,0.6213
10897,Treino_0645,servicos,outbound,36,50382.16,0.642,55,0.1885
16858,Treino_0646,saude,outbound,36,48288.3,0.575,368,0.5604
13028,Treino_0647,saude,inbound,36,46181.24,0.617,297,0.5053
12777,Treino_0648,industria,outbound,36,22428.99,0.676,148,0.5194
15330,Treino_0649,tecnologia,inbound,36,58373.4,0.13,83,0.1102
13006,Treino_0650,varejo,inbound,36,40167.57,0.846,7,0.7304
19173,Treino_0651,varejo,inbound,36,53807.1,0.768,462,0.5342
17928,Treino_0652,saude,outbound,36,39564.59,0.388,467,0.5293
11607,Treino_0653,industria,inbound,36,47699.5,0.143,376,0.1863
16592,Treino_0654,servicos,outbound,36,51646.8,0.692,265,0.6623
11242,Treino_0655,saude,outbound,36,60305.19,0.357,229,0.7661
17234,Treino_0656,industria,outbound,36,66628.45,0.699,305,0.3742
15210,Treino_0657,servicos,inbound,36,75599.22,0.869,483,0.7729
14790,Treino_0658,saude,inbound,36,26228.0,0.476,353,0.1675
12092,Treino_0659,varejo,inbound,36,48857.2,0.024,162,0.2036
13440,Treino_0660,industria,indicacao,37,34176.01,0.492,245,0.8306
12334,Treino_0661,saude,indicacao,37,15413.58,0.189,260,0.3134
16352,Treino_0662,varejo,outbound,37,56806.0,0.546,181,0.597
11415,Treino_0663,industria,indicacao,37,36076.01,0.85,35,0.1449
10868,Treino_0664,industria,inbound,37,50655.82,0.148,208,0.3969
18633,Treino_0665,varejo,inbound,37,33675.09,0.368,378,0.4737
12169,Treino_0666,varejo,inbound,37,48977.93,0.05,436,0.2685
19931,Treino_0667,industria,outbound,37,73987.48,0.562,102,0.4856
15777,Treino_0668,industria,outbound,37,63253.3,0.567,28,0.6397
11017,Treino_0669,varejo,inbound,37,43179.74,0.681,434,0.562
18899,Treino_0670,servicos,inbound,37,48733.85,0.972,293,0.698
19670,Treino_0671,servicos,inbound,37,66634.82,0.595,127,0.1853
11042,Treino_0672,industria,inbound,37,41918.12,0.162,236,0.1317
16663,Treino_0673,servicos,inbound,37,81287.63,0.797,180,0.529
16509,Treino_0674,industria,outbound,37,49459.21,0.24,288,0.01
13977,Treino_0675,industria,inbound,37,5000.0,0.385,124,0.0583
18201,Treino_0676,tecnologia,outbound,37,61420.09,0.541,74,0.7731
18842,Treino_0677,servicos,indicacao,37,44380.79,0.197,240,0.4336
17063,Treino_0678,tecnologia,inbound,38,55122.33,0.511,107,0.2454
17529,Treino_0679,industria,indicacao,38,66926.41,0.18,389,0.1503
15144,Treino_0680,tecnologia,inbound,38,79445.37,0.523,275,0.4987
19319,Treino_0681,saude,outbound,38,57720.96,0.45,411,0.3977
18898,Treino_0682,varejo,inbound,38,69945.98,0.543,142,0.3537
17935,Treino_0683,tecnologia,inbound,38,39362.82,0.021,20,0.1868
12064,Treino_0684,saude,outbound,38,38242.39,0.757,301,0.3796
19024,Treino_0685,tecnologia,outbound,38,36062.59,0.082,371,0.1864
15199,Treino_0686,servicos,indicacao,38,47440.08,0.71,44,0.5911
15791,Treino_0687,varejo,inbound,38,8368.77,0.777,451,0.1868
16865,Treino_0688,saude,outbound,38,96103.1,0.567,397,0.6631
12402,Treino_0689,varejo,indicacao,38,58091.58,0.504,312,0.648
11112,Treino_0690,tecnologia,inbound,38,42568.96,0.373,412,0.615
14900,Treino_0691,saude,outbound,38,12309.81,0.969,333,0.2136
11383,Treino_0692,servicos,inbound,38,23292.7,0.09,224,0.2754
14979,Treino_0693,tecnologia,inbound,38,40389.47,0.282,392,0.4435
19527,Treino_0694,tecnologia,outbound,38,48908.39,0.21,200,0.0159
11464,Treino_0695,servicos,inbound,38,36866.58,0.858,170,0.751
16912,Treino_0696,tecnologia,outbound,38,40662.95,0.936,266,0.3986
11539,Treino_0697,varejo,inbound,38,54168.54,0.492,343,0.3409
18498,Treino_0698,saude,inbound,39,18776.08,0.813,316,0.3131
13144,Treino_0699,varejo,inbound,39,50747.07,0.33,232,0.4696
12795,Treino_0700,saude,inbound,39,25465.69,0.435,77,0.3817
17885,Treino_0701,tecnologia,indicacao,39,50938.27,0.919,108,0.5063
19188,Treino_0702,varejo,inbound,39,56793.72,0.306,290,0.1338
17398,Treino_0703,varejo,inbound,39,54128.01,0.933,360,0.5613
10855,Treino_0704,industria,inbound,39,5000.0,0.462,420,0.382
12033,Treino_0705,industria,indicacao,39,59803.67,0.004,309,0.2041
13073,Treino_0706,saude,inbound,39,45643.57,0.059,105,0.174
15708,Treino_0707,servicos,outbound,39,57756.21,0.24,25,0.4949
14784,Treino_0708,servicos,outbound,39,59708.74,0.028,166,0.4429
17476,Treino_0709,saude,outbound,39,17908.22,0.19,91,0.0802
17784,Treino_0710,varejo,outbound,40,46627.86,0.05,288,0.4695
16947,Treino_0711,servicos,outbound,40,69002.62,0.786,294,0.2458
17485,Treino_0712,industria,inbound,40,78583.97,0.774,230,0.5096
16594,Treino_0713,servicos,outbound,40,48933.42,0.774,416,0.5777
17814,Treino_0714,tecnologia,inbound,40,19395.45,0.414,494,0.4597
17682,Treino_0715,servicos,indicacao,40,50583.19,0.549,361,0.4825
14568,Treino_0716,saude,outbound,40,31635.86,0.281,272,0.4398
11509,Treino_0717,tecnologia,outbound,40,55660.17,0.155,443,0.2426
17101,Treino_0718,industria,outbound,40,64900.7,0.966,139,0.6911
17986,Treino_0719,saude,indicacao,40,52145.29,0.897,371,0.5025
11448,Treino_0720,saude,inbound,40,38068.58,0.05,192,0.0714
12180,Treino_0721,tecnologia,indicacao,41,48846.48,0.379,129,0.4768
13050,Treino_0722,saude,inbound,41,62387.78,0.673,191,0.5246
11462,Treino_0723,tecnologia,outbound,41,70820.51,0.975,236,0.5927
18564,Treino_0724,industria,inbound,41,35456.16,0.324,45,0.0912
11124,Treino_0725,saude,inbound,41,44058.51,0.789,186,0.7162
10764,Treino_0726,varejo,outbound,41,31211.13,0.838,219,0.4781
12359,Treino_0727,industria,outbound,41,51223.55,0.93,439,0.4644
11551,Treino_0728,industria,inbound,41,57120.35,0.926,110,0.2925
17487,Treino_0729,tecnologia,outbound,41,54593.45,0.256,298,0.2221
11776,Treino_0730,tecnologia,indicacao,41,75693.21,0.3,130,0.3746
19315,Treino_0731,servicos,inbound,41,30937.86,0.806,331,0.4544
14489,Treino_0732,industria,outbound,42,55710.3,0.901,46,0.4095
17058,Treino_0733,saude,inbound,42,53319.07,0.239,260,0.2651
18500,Treino_0734,saude,inbound,42,14494.94,0.216,117,0.2456
15097,Treino_0735,servicos,indicacao,42,55598.99,0.366,205,0.2582
13164,Treino_0736,servicos,inbound,42,91120.56,0.757,110,0.976
15596,Treino_0737,saude,outbound,42,71747.61,0.53,224,0.6186
16326,Treino_0738,saude,outbound,42,70757.83,0.222,377,0.4428
19075,Treino_0739,saude,outbound,42,28390.81,0.348,70,0.4655
13202,Treino_0740,industria,inbound,42,37642.98,0.317,343,0.5953
13070,Treino_0741,saude,inbound,42,37717.72,0.702,366,0.4925
19142,Treino_0742,varejo,inbound,42,34615.55,0.252,247,0.2103
16598,Treino_0743,saude,indicacao,42,50440.62,0.5,23,0.4409
18583,Treino_0744,saude,outbound,42,8969.31,0.291,360,0.1648
11473,Treino_0745,tecnologia,inbound,42,82015.08,0.135,257,0.353
12936,Treino_0746,tecnologia,outbound,42,46623.47,0.883,481,0.9049
10788,Treino_0747,industria,inbound,42,24373.58,0.677,319,0.4177
11501,Treino_0748,industria,outbound,42,68387.57,0.97,435,0.927
14747,Treino_0749,saude,indicacao,42,61599.3,0.203,139,0.5091
12042,Treino_0750,saude,inbound,43,57718.63,0.309,489,0.4145
10487,Treino_0751,tecnologia,indicacao,43,35465.74,0.945,252,0.4318
16708,Treino_0752,saude,inbound,43,34229.79,0.161,20,0.0424
19617,Treino_0753,varejo,inbound,43,59442.31,0.687,228,0.32
17538,Treino_0754,tecnologia,inbound,43,44650.29,0.481,98,0.3238
16061,Treino_0755,tecnologia,indicacao,43,65211.8,0.162,460,0.446
15674,Treino_0756,servicos,outbound,43,44286.51,0.87,255,0.6283
16058,Treino_0757,servicos,indicacao,43,80981.48,0.029,473,0.4031
19959,Treino_0758,tecnologia,indicacao,43,43619.04,0.728,89,0.5582
16650,Treino_0759,tecnologia,inbound,43,68380.59,0.77,384,0.7777
18759,Treino_0760,tecnologia,outbound,43,54447.9,0.615,356,0.699
10587,Treino_0761,servicos,inbound,43,55628.84,0.959,369,0.776
18725,Treino_0762,servicos,outbound,43,47659.29,0.355,161,0.3498
14631,Treino_0763,industria,outbound,44,65480.05,0.131,141,0.0849
17891,Treino_0764,tecnologia,inbound,44,42359.92,0.374,30,0.01
16174,Treino_0765,saude,indicacao,44,73271.07,0.775,30,0.3414
11850,Treino_0766,tecnologia,outbound,44,70986.89,0.313,346,0.5895
15937,Treino_0767,servicos,inbound,44,48985.41,0.009,382,0.4044
12114,Treino_0768,varejo,outbound,44,67263.36,0.033,61,0.2208
10100,Treino_0769,servicos,indicacao,44,26342.88,0.424,361,0.2611
11805,Treino_0770,servicos,outbound,44,73962.19,0.11,234,0.3541
14650,Treino_0771,tecnologia,inbound,44,75463.2,0.865,261,0.631
16621,Treino_0772,tecnologia,indicacao,44,43825.44,0.424,352,0.6188
14515,Treino_0773,tecnologia,inbound,44,32960.16,0.463,491,0.6169
15176,Treino_0774,tecnologia,inbound,44,32993.11,0.189,495,0.5602
10434,Treino_0775,servicos,inbound,44,39558.72,0.729,430,0.5914
18372,Treino_0776,tecnologia,inbound,44,28079.64,0.175,364,0.259
16670,Treino_0777,tecnologia,inbound,44,58782.64,0.85,335,0.7358
12706,Treino_0778,industria,inbound,44,54522.21,0.071,121,0.01
10742,Treino_0779,saude,outbound,44,87882.51,0.125,67,0.4175
17914,Treino_0780,tecnologia,indicacao,44,26980.88,0.36,137,0.1852
19562,Treino_0781,varejo,inbound,45,19334.28,0.438,415,0.0878
10425,Treino_0782,varejo,inbound,45,33317.4,0.851,91,0.3154
15189,Treino_0783,varejo,inbound,45,45264.87,0.917,308,0.6444
19370,Treino_0784,varejo,inbound,45,39194.5,0.139,150,0.2687
15356,Treino_0785,tecnologia,inbound,45,61884.57,0.207,51,0.3318
14057,Treino_0786,servicos,inbound,45,76865.66,0.898,187,0.5761
14997,Treino_0787,varejo,inbound,45,73610.81,0.432,148,0.282
17602,Treino_0788,varejo,indicacao,45,41565.08,0.766,105,0.5353
10594,Treino_0789,tecnologia,indicacao,45,35648.15,0.66,447,0.5741
13082,Treino_0790,industria,inbound,45,34515.98,0.213,20,0.1981
18674,Treino_0791,tecnologia,indicacao,45,40614.83,0.052,482,0.5322
12190,Treino_0792,industria,outbound,45,35541.77,0.983,211,0.6468
13033,Treino_0793,servicos,inbound,45,50250.16,0.039,47,0.1714
19749,Treino_0794,industria,inbound,45,53488.93,0.157,217,0.2289
17861,Treino_0795,varejo,inbound,45,27035.21,0.135,234,0.171
12980,Treino_0796,varejo,indicacao,45,51708.5,0.813,240,0.6253
12635,Treino_0797,tecnologia,inbound,45,67733.24,0.915,47,0.4875
16198,Treino_0798,saude,inbound,45,24053.44,0.461,252,0.1452
11556,Treino_0799,servicos,indicacao,45,47394.04,0.837,136,0.7369
18499,Treino_0800,varejo,indicacao,46,72172.36,0.028,326,0.3772
11662,Treino_0801,servicos,outbound,46,52569.19,0.502,54,0.5489
15212,Treino_0802,tecnologia,outbound,46,57284.07,0.556,347,0.3385
17721,Treino_0803,industria,outbound,46,65731.04,0.891,84,0.3609
17016,Treino_0804,industria,inbound,46,45874.57,0.091,422,0.4733
16080,Treino_0805,tecnologia,inbound,46,39157.7,0.896,52,0.7851
17444,Treino_0806,varejo,outbound,46,50081.14,0.084,117,0.1515
16379,Treino_0807,industria,inbound,46,75799.18,0.798,322,0.5719
12739,Treino_0808,industria,inbound,46,31760.88,0.444,373,0.4768
14692,Treino_0809,saude,inbound,46,51194.11,0.645,58,0.5559
14600,Treino_0810,saude,inbound,46,59666.62,0.156,299,0.6428
11966,Treino_0811,saude,inbound,46,54557.51,0.962,285,0.2695
15051,Treino_0812,saude,indicacao,46,46399.59,0.768,310,0.4074
18241,Treino_0813,industria,inbound,46,34373.83,0.656,345,0.4608
17897,Treino_0814,tecnologia,inbound,46,52713.93,0.573,54,0.5233
16919,Treino_0815,saude,inbound,46,63270.8,0.505,412,0.7059
11342,Treino_0816,servicos,inbound,46,43826.65,0.309,466,0.3848
19737,Treino_0817,tecnologia,inbound,46,56829.77,0.871,47,0.5646
16270,Treino_0818,tecnologia,inbound,46,35858.57,0.376,366,0.5014
18690,Treino_0819,industria,outbound,46,65966.29,0.463,6,0.4105
18574,Treino_0820,tecnologia,indicacao,46,48832.87,0.218,372,0.5403
11043,Treino_0821,varejo,outbound,46,52224.69,0.575,475,0.9186
12796,Treino_0822,varejo,outbound,47,81059.9,0.599,471,0.6645
16617,Treino_0823,varejo,indicacao,47,42224.56,0.994,350,0.7499
16677,Treino_0824,saude,inbound,47,28601.18,0.889,225,0.5696
10562,Treino_0825,industria,inbound,47,35573.53,0.504,79,0.0706
15546,Treino_0826,servicos,outbound,47,63585.44,0.349,389,0.3083
19298,Treino_0827,varejo,inbound,47,22495.69,0.508,289,0.2979
17815,Treino_0828,servicos,inbound,47,78066.74,0.003,252,0.2884
14237,Treino_0829,servicos,inbound,47,59265.97,0.527,172,0.5129
19508,Treino_0830,tecnologia,inbound,47,31532.51,0.7,79,0.2586
15083,Treino_0831,industria,inbound,47,37607.52,0.06,446,0.5349
17727,Treino_0832,industria,inbound,47,61676.1,0.416,11,0.3111
18926,Treino_0833,tecnologia,outbound,47,22574.66,0.786,29,0.1991
14851,Treino_0834,industria,inbound,47,67011.14,0.959,411,0.7311
11419,Treino_0835,saude,inbound,47,73116.16,0.459,185,0.411
19856,Treino_0836,varejo,inbound,48,59502.88,0.7,374,0.3646
16215,Treino_0837,servicos,inbound,48,49638.68,0.969,440,0.7833
11584,Treino_0838,industria,inbound,48,34819.75,0.807,214,0.2651
11840,Treino_0839,saude,inbound,48,44965.69,0.66,445,0.9223
12531,Treino_0840,industria,inbound,48,94490.0,0.451,342,0.7033
18186,Treino_0841,industria,inbound,48,47382.58,0.366,467,0.2722
10174,Treino_0842,tecnologia,inbound,48,43675.05,0.246,220,0.1711
14913,Treino_0843,industria,indicacao,48,35031.14,0.181,134,0.1281
15401,Treino_0844,saude,inbound,48,58378.64,0.137,482,0.4111
18243,Treino_0845,varejo,indicacao,48,86309.32,0.06,42,0.3643
15084,Treino_0846,industria,inbound,48,31291.49,0.055,302,0.1799
10470,Treino_0847,saude,inbound,48,61625.27,0.894,450,0.7601
13504,Treino_0848,saude,inbound,48,40490.0,0.853,347,0.9534
16533,Treino_0849,tecnologia,outbound,48,75707.77,0.665,353,0.7141
10791,Treino_0850,industria,inbound,48,44520.95,0.375,119,0.6414
19157,Treino_0851,varejo,inbound,48,62342.29,0.018,104,0.2892
17638,Treino_0852,servicos,inbound,48,49503.33,0.373,80,0.4761
19002,Treino_0853,saude,inbound,48,40858.41,0.688,441,0.114
11836,Treino_0854,varejo,inbound,49,58641.37,0.393,470,0.4077
11122,Treino_0855,tecnologia,inbound,49,68895.99,0.455,50,0.283
10866,Treino_0856,varejo,inbound,49,96401.14,0.991,12,0.9073
13749,Treino_0857,saude,outbound,49,43631.09,0.757,267,0.7403
14666,Treino_0858,tecnologia,outbound,49,52477.58,0.508,424,0.4507
18867,Treino_0859,servicos,inbound,49,77641.82,0.192,198,0.1293
15075,Treino_0860,varejo,indicacao,49,74620.59,0.178,386,0.3499
10691,Treino_0861,industria,inbound,49,35513.9,0.57,432,0.5092
19300,Treino_0862,industria,outbound,49,52328.19,0.025,367,0.3455
19289,Treino_0863,varejo,outbound,49,39257.69,0.765,354,0.3863
18521,Treino_0864,industria,inbound,49,58244.66,0.667,476,0.7202
17123,Treino_0865,tecnologia,outbound,49,50088.37,0.739,180,0.7186
11353,Treino_0866,industria,indicacao,50,5000.0,0.239,411,0.01
10296,Treino_0867,servicos,inbound,50,85360.0,0.69,103,0.6877
12775,Treino_0868,tecnologia,inbound,50,5000.0,0.495,125,0.2695
11891,Treino_0869,varejo,inbound,50,53436.19,0.835,147,0.6608
16248,Treino_0870,tecnologia,outbound,50,55549.13,0.624,407,0.6761
16693,Treino_0871,servicos,outbound,50,65898.62,0.466,67,0.3307
14645,Treino_0872,saude,inbound,50,37634.44,0.818,77,0.9886
13896,Treino_0873,servicos,inbound,50,43960.57,0.759,81,0.2245
13190,Treino_0874,servicos,inbound,50,31788.04,0.657,357,0.4215
13843,Treino_0875,saude,inbound,50,71089.99,0.393,341,0.7319
13585,Treino_0876,industria,inbound,50,66986.19,0.385,328,0.3143
13297,Treino_0877,saude,inbound,50,19820.97,0.893,466,0.3552
10087,Treino_0878,tecnologia,inbound,50,5000.0,0.798,472,0.6432
13535,Treino_0879,servicos,outbound,50,43793.04,0.703,204,0.2988
16856,Treino_0880,varejo,inbound,50,64214.82,0.755,87,0.3322
17029,Treino_0881,varejo,inbound,50,5000.0,0.274,258,0.1462
11936,Treino_0882,tecnologia,outbound,50,29609.9,0.536,360,0.276
10060,Treino_0883,servicos,outbound,50,29107.58,0.325,216,0.6303
19152,Treino_0884,saude,outbound,51,54020.04,0.541,91,0.3697
10917,Treino_0885,industria,outbound,51,57506.55,0.169,162,0.3611
12390,Treino_0886,servicos,indicacao,51,54935.98,0.528,242,0.4612
10523,Treino_0887,varejo,outbound,51,70340.61,0.083,55,0.1915
15530,Treino_0888,varejo,inbound,51,62107.3,0.241,438,0.4099
17753,Treino_0889,saude,inbound,51,46541.03,0.889,357,0.8533
18379,Treino_0890,saude,inbound,51,19738.54,0.908,440,0.7283
17927,Treino_0891,industria,inbound,51,14336.74,0.672,283,0.35
17809,Treino_0892,saude,outbound,51,50935.4,0.783,442,0.5689
13879,Treino_0893,saude,inbound,51,38753.7,0.619,454,0.5066
11711,Treino_0894,industria,inbound,51,37130.32,0.853,91,0.6652
10340,Treino_0895,varejo,inbound,51,48943.93,0.397,126,0.3026
18231,Treino_0896,servicos,inbound,51,51375.32,0.418,67,0.5341
14708,Treino_0897,saude,outbound,51,42381.47,0.633,8,0.2135
13897,Treino_0898,servicos,inbound,51,54712.39,0.218,377,0.5739
19893,Treino_0899,tecnologia,inbound,51,61382.55,0.837,380,0.302
19940,Treino_0900,saude,outbound,51,54406.52,0.205,249,0.2408
17545,Treino_0901,servicos,inbound,51,53325.65,0.454,185,0.8357
12515,Treino_0902,tecnologia,inbound,51,59602.1,0.496,307,0.4162
18598,Treino_0903,tecnologia,inbound,51,47436.41,0.888,437,0.7537
11482,Treino_0904,industria,indicacao,52,34903.94,0.607,272,0.5624
15438,Treino_0905,saude,inbound,52,56041.52,0.473,21,0.4991
10399,Treino_0906,servicos,outbound,52,38914.22,0.55,209,0.3134
17018,Treino_0907,saude,inbound,52,29655.47,0.503,235,0.4419
11273,Treino_0908,varejo,indicacao,52,35491.1,0.06,186,0.2711
10629,Treino_0909,saude,inbound,52,47610.76,0.765,383,0.503
19491,Treino_0910,industria,outbound,52,70840.79,0.385,385,0.4119
17932,Treino_0911,saude,inbound,52,58852.45,0.204,191,0.1545
15045,Treino_0912,saude,indicacao,52,16215.11,0.419,218,0.3989
12756,Treino_0913,industria,indicacao,52,64154.96,0.698,18,0.6044
17685,Treino_0914,varejo,inbound,52,65149.39,0.449,398,0.8791
18398,Treino_0915,saude,inbound,52,22715.09,0.474,9,0.3973
12920,Treino_0916,industria,outbound,52,78152.73,0.688,86,0.5687
15647,Treino_0917,varejo,inbound,52,43994.92,0.72,221,0.6032
10084,Treino_0918,industria,indicacao,52,39546.54,0.75,326,0.8919
19969,Treino_0919,industria,inbound,52,20815.37,0.096,31,0.4558
15976,Treino_0920,tecnologia,inbound,52,39793.98,0.947,52,0.5121
15654,Treino_0921,saude,outbound,52,35939.12,0.568,154,0.4155
16546,Treino_0922,servicos,inbound,52,90333.85,0.647,446,0.7591
18726,Treino_0923,industria,inbound,53,63044.15,0.273,255,0.6862
14794,Treino_0924,varejo,inbound,53,49757.93,0.159,138,0.3236
18260,Treino_0925,industria,outbound,53,53806.83,0.382,340,0.6104
17389,Treino_0926,saude,inbound,53,68413.86,0.714,29,0.4299
17333,Treino_0927,tecnologia,indicacao,53,62730.41,0.0,397,0.2647
19415,Treino_0928,saude,inbound,53,20542.31,0.725,160,0.3577
17650,Treino_0929,servicos,indicacao,53,86815.87,0.816,417,0.99
19036,Treino_0930,varejo,inbound,53,60666.84,0.891,328,0.6677
10927,Treino_0931,industria,inbound,53,84968.58,0.065,98,0.3744
13544,Treino_0932,tecnologia,inbound,53,62678.98,0.406,467,0.8419
12686,Treino_0933,varejo,outbound,53,31778.1,0.043,63,0.2691
16403,Treino_0934,servicos,outbound,53,33332.53,0.113,251,0.3022
19136,Treino_0935,industria,inbound,53,93724.37,0.114,396,0.3506
11294,Treino_0936,servicos,outbound,53,70324.17,0.936,303,0.7531
13024,Treino_0937,industria,outbound,53,33457.16,0.153,412,0.2633
15329,Treino_0938,servicos,outbound,53,55049.87,0.28,394,0.7184
13386,Treino_0939,saude,inbound,53,77891.59,0.882,246,0.4285
11765,Treino_0940,saude,outbound,53,36210.66,0.765,156,0.01
15921,Treino_0941,industria,inbound,53,44658.09,0.248,354,0.574
11154,Treino_0942,industria,inbound,53,56825.51,0.795,46,0.368
10992,Treino_0943,saude,outbound,53,32642.06,0.597,51,0.2348
15054,Treino_0944,servicos,inbound,53,47863.92,0.939,78,0.7955
16543,Treino_0945,varejo,inbound,53,47045.56,0.256,169,0.177
18185,Treino_0946,saude,outbound,54,26659.62,0.965,298,0.724
16581,Treino_0947,varejo,outbound,54,76680.39,0.955,156,0.3297
15671,Treino_0948,servicos,inbound,54,52817.87,0.361,392,0.4731
15227,Treino_0949,industria,indicacao,54,18113.67,0.424,490,0.5913
10099,Treino_0950,industria,indicacao,54,53725.59,0.549,199,0.5519
15702,Treino_0951,industria,inbound,54,20358.0,0.736,112,0.2979
13018,Treino_0952,servicos,outbound,54,58261.05,0.107,438,0.4047
11994,Treino_0953,industria,inbound,54,26698.33,0.981,340,0.5371
17506,Treino_0954,tecnologia,inbound,54,66205.73,0.343,451,0.7264
18313,Treino_0955,servicos,outbound,54,49699.45,0.947,272,0.9383
18163,Treino_0956,varejo,outbound,54,78822.77,0.259,231,0.4474
19989,Treino_0957,servicos,outbound,55,84853.17,0.306,292,0.362
18608,Treino_0958,industria,inbound,55,38290.27,0.568,38,0.6745
10535,Treino_0959,varejo,inbound,55,26954.87,0.787,248,0.5773
14683,Treino_0960,varejo,inbound,55,94545.73,0.244,362,0.5168
15266,Treino_0961,industria,outbound,55,53845.78,0.927,369,0.5073
18079,Treino_0962,industria,indicacao,55,59688.09,0.851,230,0.7756
14267,Treino_0963,saude,inbound,55,37844.03,0.025,367,0.5515
13309,Treino_0964,saude,indicacao,55,41538.72,0.248,77,0.1867
11954,Treino_0965,industria,inbound,55,47866.23,0.55,149,0.6249
12567,Treino_0966,saude,indicacao,55,38640.83,0.279,264,0.1029
10936,Treino_0967,industria,outbound,55,79014.78,0.444,67,0.7819
13810,Treino_0968,varejo,inbound,55,37406.91,0.478,397,0.7937
14273,Treino_0969,varejo,indicacao,55,33541.01,0.153,436,0.5425
19550,Treino_0970,saude,outbound,56,72396.41,0.587,361,0.1487
12409,Treino_0971,saude,inbound,56,104461.36,0.016,245,0.3933
18879,Treino_0972,servicos,outbound,56,62683.01,0.831,320,0.6566
18328,Treino_0973,saude,outbound,56,24738.91,0.644,200,0.2991
16520,Treino_0974,saude,indicacao,56,47310.39,0.763,495,0.5414
16968,Treino_0975,tecnologia,indicacao,56,41589.94,0.046,304,0.3221
11600,Treino_0976,industria,outbound,56,37886.19,0.621,176,0.447
17020,Treino_0977,industria,outbound,56,68010.29,0.412,463,0.5603
18483,Treino_0978,tecnologia,inbound,56,46606.81,0.543,350,0.4151
12917,Treino_0979,tecnologia,inbound,56,57154.96,0.024,346,0.1161
13795,Treino_0980,varejo,outbound,56,90837.72,0.02,161,0.1885
17843,Treino_0981,industria,inbound,56,42050.83,0.714,231,0.2987
16702,Treino_0982,varejo,outbound,56,50878.53,0.252,169,0.01
16814,Treino_0983,servicos,inbound,56,54356.03,0.755,324,0.6171
16573,Treino_0984,varejo,inbound,56,38156.02,0.776,462,0.7194
10948,Treino_0985,servicos,inbound,56,62470.54,0.223,413,0.5051
15776,Treino_0986,saude,inbound,56,71504.79,0.938,208,0.7563
13126,Treino_0987,servicos,inbound,56,64083.45,0.473,234,0.306
12318,Treino_0988,varejo,inbound,56,45010.79,0.38,308,0.5515
11440,Treino_0989,saude,outbound,56,46829.91,0.716,472,0.5683
17796,Treino_0990,tecnologia,outbound,56,35066.59,0.938,258,0.7454
12306,Treino_0991,tecnologia,outbound,56,15593.6,0.922,50,0.4682
19751,Treino_0992,industria,outbound,56,55449.14,0.708,156,0.4639
10726,Treino_0993,saude,inbound,56,70895.46,0.629,120,0.6221
14428,Treino_0994,industria,inbound,56,105122.62,0.217,249,0.8177
13100,Treino_0995,varejo,outbound,56,49100.33,0.262,361,0.4442
12817,Treino_0996,servicos,inbound,57,64403.93,0.394,322,0.3765
10370,Treino_0997,varejo,outbound,57,65142.3,0.578,384,0.785
19818,Treino_0998,servicos,inbound,57,68039.16,0.847,321,0.8862
16458,Treino_0999,industria,inbound,57,52827.07,0.415,131,0.2043
19153,Treino_1000,industria,inbound,57,52343.23,0.066,46,0.2103
17134,Treino_1001,servicos,inbound,57,77939.07,0.898,197,0.6958
12550,Treino_1002,saude,inbound,57,19467.58,0.808,497,0.613
19828,Treino_1003,varejo,indicacao,57,26939.1,0.771,73,0.2836
13932,Treino_1004,varejo,inbound,57,61635.17,0.461,215,0.6281
12518,Treino_1005,servicos,inbound,57,60764.17,0.231,255,0.3322
13612,Treino_1006,tecnologia,inbound,57,15643.0,0.227,100,0.01
10241,Treino_1007,servicos,inbound,57,39690.12,0.704,188,0.311
11103,Treino_1008,saude,inbound,57,71203.73,0.034,363,0.663
10315,Treino_1009,tecnologia,inbound,57,66882.63,0.872,481,0.7214
19440,Treino_1010,industria,outbound,57,26137.09,0.744,15,0.2134
15796,Treino_1011,industria,inbound,57,58295.78,0.242,75,0.4395
19865,Treino_1012,industria,outbound,58,33631.76,0.223,232,0.1577
11390,Treino_1013,industria,inbound,58,40318.35,0.671,337,0.4242
19820,Treino_1014,tecnologia,inbound,58,53761.07,0.039,270,0.3694
15256,Treino_1015,servicos,inbound,58,66282.74,0.953,393,0.5704
16850,Treino_1016,tecnologia,outbound,58,47834.23,0.225,421,0.1883
17336,Treino_1017,industria,outbound,58,52017.47,0.206,277,0.1839
16018,Treino_1018,varejo,inbound,58,28227.41,0.461,219,0.3024
19078,Treino_1019,tecnologia,indicacao,58,36417.86,0.29,154,0.5855
16091,Treino_1020,servicos,inbound,58,37926.58,0.592,146,0.2953
14809,Treino_1021,industria,inbound,58,59478.93,0.521,62,0.4641
19691,Treino_1022,industria,outbound,59,5148.33,0.216,225,0.01
14012,Treino_1023,tecnologia,indicacao,59,59562.66,0.853,345,0.8138
12263,Treino_1024,tecnologia,outbound,59,39944.54,0.966,340,0.5905
11395,Treino_1025,tecnologia,inbound,59,13240.15,0.928,400,0.7622
11744,Treino_1026,varejo,inbound,59,89384.81,0.202,146,0.3513
18864,Treino_1027,tecnologia,inbound,59,84987.65,0.543,493,0.6049
15228,Treino_1028,saude,inbound,59,53431.24,0.627,390,0.3653
13257,Treino_1029,saude,inbound,59,18155.71,0.882,228,0.4095
14921,Treino_1030,industria,outbound,59,36102.68,0.963,259,0.4941
15689,Treino_1031,industria,inbound,59,17045.32,0.566,172,0.1774
16291,Treino_1032,industria,inbound,59,59392.55,0.719,143,0.1208
13023,Treino_1033,tecnologia,indicacao,59,90332.57,0.188,69,0.7327
12994,Treino_1034,tecnologia,inbound,59,46505.58,0.269,151,0.5728
10436,Treino_1035,saude,outbound,59,62189.95,0.916,277,0.4697
13319,Treino_1036,varejo,outbound,59,83438.44,0.93,200,0.7877
13519,Treino_1037,tecnologia,inbound,59,39785.87,0.208,151,0.161
12487,Treino_1038,varejo,outbound,59,51042.0,0.427,243,0.2792
15310,Treino_1039,tecnologia,inbound,59,75250.35,0.884,494,0.7376
16294,Treino_1040,saude,inbound,59,57903.27,0.7,235,0.2809
12005,Treino_1041,industria,inbound,59,65042.47,0.707,286,0.3082
16789,Treino_1042,tecnologia,indicacao,59,60972.3,0.183,74,0.1292
19445,Treino_1043,varejo,inbound,59,40294.88,0.123,308,0.2702
16849,Treino_1044,tecnologia,outbound,60,14768.99,0.988,468,0.546
10943,Treino_1045,industria,inbound,60,73832.72,0.999,303,0.7037
19536,Treino_1046,industria,inbound,60,31688.46,0.146,41,0.01
11363,Treino_1047,industria,inbound,60,73421.01,0.54,193,0.6113
11642,Treino_1048,tecnologia,inbound,60,30615.1,0.133,182,0.4242
13454,Treino_1049,varejo,outbound,60,29482.26,0.179,278,0.3669
15254,Treino_1050,saude,inbound,60,55790.57,0.78,99,0.5438
15387,Treino_1051,servicos,inbound,60,45975.08,0.818,52,0.6789
15935,Treino_1052,servicos,inbound,60,50766.03,0.35,71,0.01
10280,Treino_1053,industria,outbound,60,15885.03,0.534,330,0.3794
18579,Treino_1054,industria,indicacao,60,19476.34,0.085,145,0.0462
10211,Treino_1055,tecnologia,inbound,60,84041.63,0.627,137,0.6879
13718,Treino_1056,industria,inbound,61,51225.86,0.417,423,0.4514
14228,Treino_1057,varejo,outbound,61,51177.2,0.303,12,0.1104
12683,Treino_1058,tecnologia,indicacao,61,63071.76,0.557,419,0.6065
17488,Treino_1059,varejo,outbound,61,29719.4,0.841,63,0.3259
18174,Treino_1060,varejo,inbound,61,37874.71,0.069,138,0.1531
15510,Treino_1061,tecnologia,inbound,61,81399.78,0.655,261,0.6347
13086,Treino_1062,tecnologia,inbound,61,69826.73,0.057,365,0.727
19011,Treino_1063,saude,inbound,61,67783.57,0.772,392,0.8325
16568,Treino_1064,saude,inbound,61,32361.71,0.101,295,0.0251
17390,Treino_1065,tecnologia,indicacao,61,32660.72,0.539,169,0.6736
15433,Treino_1066,industria,outbound,61,40992.73,0.994,61,0.1569
19887,Treino_1067,industria,outbound,61,28917.6,0.766,155,0.2959
15354,Treino_1068,saude,inbound,61,58863.25,0.58,378,0.6725
18415,Treino_1069,saude,inbound,61,80600.02,0.364,256,0.5622
12728,Treino_1070,tecnologia,indicacao,61,55091.65,0.422,259,0.3798
17694,Treino_1071,servicos,inbound,61,22625.6,0.735,111,0.3149
17247,Treino_1072,industria,outbound,62,54522.96,0.5,159,0.1289
12371,Treino_1073,servicos,inbound,62,59197.61,0.173,172,0.603
11492,Treino_1074,tecnologia,inbound,62,52242.75,0.654,119,0.6229
11450,Treino_1075,servicos,outbound,62,69108.69,0.635,242,0.5753
13930,Treino_1076,tecnologia,inbound,62,51053.58,0.037,465,0.4031
15248,Treino_1077,tecnologia,inbound,62,16598.22,0.813,264,0.3281
19535,Treino_1078,saude,outbound,62,69533.35,0.316,153,0.1182
12823,Treino_1079,tecnologia,outbound,62,71048.73,0.403,424,0.6752
10723,Treino_1080,servicos,inbound,62,71321.12,0.93,83,0.5057
12752,Treino_1081,servicos,outbound,62,43920.06,0.787,493,0.7449
13305,Treino_1082,servicos,indicacao,62,39005.11,0.044,145,0.2275
15442,Treino_1083,servicos,indicacao,62,56253.78,0.483,340,0.4577
16913,Treino_1084,varejo,inbound,62,54331.47,0.759,209,0.5832
19710,Treino_1085,saude,inbound,62,58459.74,0.561,136,0.5151
12297,Treino_1086,saude,outbound,62,48431.48,0.474,293,0.3141
10886,Treino_1087,industria,inbound,62,44430.36,0.83,222,0.8027
11162,Treino_1088,varejo,inbound,62,48704.32,0.008,366,0.6505
18246,Treino_1089,tecnologia,inbound,62,66656.86,0.744,95,0.5941
14371,Treino_1090,industria,inbound,62,89521.55,0.206,352,0.3863
10354,Treino_1091,saude,outbound,62,90810.3,0.473,455,0.6773
10405,Treino_1092,tecnologia,outbound,62,30975.9,0.127,338,0.4939
19872,Treino_1093,servicos,outbound,63,56757.79,0.673,122,0.2896
10960,Treino_1094,servicos,inbound,63,56684.31,0.091,356,0.2939
16150,Treino_1095,varejo,inbound,63,69470.67,0.952,94,0.2727
15137,Treino_1096,varejo,indicacao,63,22007.0,0.095,349,0.205
12458,Treino_1097,tecnologia,inbound,63,60807.69,0.101,369,0.4804
11479,Treino_1098,saude,inbound,63,32076.17,0.944,297,0.5266
16134,Treino_1099,tecnologia,inbound,63,33527.75,0.624,41,0.4567
19225,Treino_1100,industria,inbound,63,22387.37,0.744,452,0.4479
17822,Treino_1101,industria,inbound,63,68223.05,0.024,242,0.288
11693,Treino_1102,servicos,outbound,63,17740.85,0.323,223,0.5502
15487,Treino_1103,varejo,outbound,63,49887.87,0.239,344,0.1608
13290,Treino_1104,varejo,outbound,63,61296.03,0.338,109,0.2148
19312,Treino_1105,varejo,inbound,63,22627.44,0.427,492,0.7331
15200,Treino_1106,saude,inbound,63,32948.26,0.364,203,0.4899
17395,Treino_1107,industria,inbound,63,52609.63,0.595,83,0.3809
15707,Treino_1108,tecnologia,outbound,63,49613.02,0.585,324,0.4534
17539,Treino_1109,varejo,outbound,64,58955.86,0.218,283,0.3712
16556,Treino_1110,varejo,inbound,64,68453.19,0.055,126,0.0542
17678,Treino_1111,tecnologia,inbound,64,54274.02,0.825,175,0.5091
11218,Treino_1112,servicos,inbound,64,55229.81,0.287,435,0.585
18045,Treino_1113,industria,inbound,64,15203.3,0.908,450,0.7982
19898,Treino_1114,saude,outbound,64,68218.03,0.728,306,0.488
15529,Treino_1115,varejo,outbound,64,62273.99,0.425,179,0.5602
14895,Treino_1116,industria,inbound,64,48486.1,0.517,101,0.5883
12760,Treino_1117,varejo,outbound,64,64919.5,0.94,403,0.5747
10345,Treino_1118,varejo,indicacao,64,42135.99,0.051,15,0.01
14858,Treino_1119,varejo,inbound,64,56646.72,0.121,488,0.5834
19437,Treino_1120,saude,inbound,64,22025.92,0.301,48,0.1654
16212,Treino_1121,servicos,inbound,64,62616.48,0.307,231,0.2754
10454,Treino_1122,saude,outbound,64,44037.57,0.525,160,0.3767
18172,Treino_1123,varejo,inbound,64,54269.8,0.29,297,0.5168
17209,Treino_1124,tecnologia,inbound,64,54314.6,0.186,369,0.4399
12389,Treino_1125,servicos,inbound,64,23033.58,0.652,285,0.5883
12288,Treino_1126,varejo,inbound,64,61698.81,0.048,347,0.0761
15580,Treino_1127,servicos,indicacao,64,11925.49,0.967,404,0.7044
15892,Treino_1128,servicos,inbound,64,65471.49,0.465,364,0.6806
18529,Treino_1129,industria,indicacao,65,35194.39,0.673,144,0.1551
19398,Treino_1130,varejo,inbound,65,72151.22,0.658,129,0.8403
18360,Treino_1131,industria,outbound,65,46252.69,0.453,183,0.4345
17244,Treino_1132,saude,outbound,65,45670.45,0.21,69,0.3233
17047,Treino_1133,varejo,inbound,65,44825.47,0.599,270,0.6526
14245,Treino_1134,tecnologia,inbound,65,42838.51,0.394,20,0.2958
18975,Treino_1135,saude,outbound,65,54497.33,0.974,375,0.6734
18617,Treino_1136,servicos,inbound,65,39289.18,0.046,375,0.01
10504,Treino_1137,saude,outbound,65,68702.64,0.468,272,0.3507
15358,Treino_1138,varejo,inbound,65,55351.85,0.014,405,0.2548
10430,Treino_1139,saude,inbound,65,51472.21,0.76,362,0.5352
14927,Treino_1140,servicos,inbound,65,39563.72,0.794,256,0.3446
16791,Treino_1141,saude,outbound,65,98841.04,0.212,380,0.4512
18092,Treino_1142,industria,inbound,65,30238.24,0.092,53,0.4545
12718,Treino_1143,servicos,indicacao,65,63549.25,0.115,335,0.3208
12929,Treino_1144,tecnologia,inbound,65,52042.36,0.198,66,0.0838
16571,Treino_1145,servicos,outbound,65,38872.88,0.888,56,0.5913
10797,Treino_1146,saude,outbound,65,53980.73,0.673,313,0.4392
16132,Treino_1147,varejo,inbound,65,46274.23,0.736,491,0.4254
14526,Treino_1148,varejo,outbound,65,62981.97,0.921,226,0.528
10213,Treino_1149,industria,inbound,66,28960.49,0.296,143,0.0654
17772,Treino_1150,servicos,inbound,66,22725.64,0.285,320,0.01
13785,Treino_1151,tecnologia,inbound,66,44218.2,0.981,479,0.99
19081,Treino_1152,servicos,outbound,66,47103.86,0.478,495,0.4583
15608,Treino_1153,saude,indicacao,66,49056.11,0.847,208,0.645
15186,Treino_1154,tecnologia,inbound,66,76818.35,0.501,377,0.6683
17124,Treino_1155,servicos,indicacao,66,47488.53,0.58,19,0.573
17366,Treino_1156,varejo,outbound,66,21171.24,0.957,464,0.875
19560,Treino_1157,tecnologia,inbound,66,24946.74,0.393,185,0.2351
13750,Treino_1158,saude,inbound,66,65197.04,0.492,479,0.6616
13307,Treino_1159,industria,inbound,66,35220.06,0.526,268,0.4804
13593,Treino_1160,industria,inbound,66,59815.07,0.857,355,0.6631
12644,Treino_1161,industria,outbound,66,25404.57,0.278,272,0.4094
11697,Treino_1162,servicos,inbound,66,42722.9,0.462,338,0.4974
15474,Treino_1163,varejo,inbound,66,68414.49,0.097,246,0.44
11092,Treino_1164,varejo,inbound,66,27054.02,0.66,145,0.2102
10061,Treino_1165,industria,outbound,66,64455.19,0.645,169,0.5171
17297,Treino_1166,servicos,inbound,66,48617.85,0.166,376,0.3238
17332,Treino_1167,industria,inbound,66,61948.15,0.52,300,0.4796
10105,Treino_1168,tecnologia,outbound,66,62164.22,0.594,76,0.3846
14146,Treino_1169,tecnologia,inbound,66,55881.61,0.985,243,0.6804
15966,Treino_1170,industria,indicacao,66,39656.01,0.969,113,0.7305
14806,Treino_1171,saude,outbound,66,78364.93,0.309,202,0.11
15423,Treino_1172,servicos,outbound,66,79916.7,0.465,374,0.5864
15720,Treino_1173,saude,inbound,66,49808.18,0.752,240,0.3811
16609,Treino_1174,saude,inbound,66,37873.34,0.432,224,0.671
13470,Treino_1175,servicos,outbound,66,28437.93,0.233,497,0.4329
18826,Treino_1176,varejo,inbound,66,49846.77,0.012,324,0.304
11920,Treino_1177,industria,inbound,67,23593.05,0.478,310,0.2487
10038,Treino_1178,servicos,indicacao,67,59216.5,0.094,499,0.5887
19738,Treino_1179,servicos,inbound,67,77871.33,0.991,159,0.6593
10465,Treino_1180,industria,outbound,67,47236.83,0.368,262,0.0444
15880,Treino_1181,saude,outbound,67,37521.37,0.061,361,0.32
10945,Treino_1182,tecnologia,indicacao,67,8986.05,0.294,185,0.2487
15216,Treino_1183,servicos,inbound,67,50095.15,0.379,393,0.6776
13245,Treino_1184,varejo,outbound,67,73514.74,0.181,259,0.2919
16547,Treino_1185,varejo,inbound,67,55819.61,0.942,116,0.5378
12671,Treino_1186,tecnologia,outbound,67,44584.21,0.234,278,0.4702
18466,Treino_1187,tecnologia,inbound,67,73673.75,0.429,76,0.4365
16019,Treino_1188,saude,indicacao,67,58451.22,0.518,286,0.4181
18278,Treino_1189,saude,inbound,67,43658.35,0.687,319,0.4937
17241,Treino_1190,varejo,inbound,67,63175.98,0.426,219,0.4011
19313,Treino_1191,varejo,outbound,67,66928.17,0.314,207,0.4104
16247,Treino_1192,industria,outbound,67,40123.55,0.275,235,0.3107
16317,Treino_1193,varejo,inbound,67,62589.77,0.161,22,0.0962
16712,Treino_1194,servicos,inbound,67,23829.21,0.149,343,0.1759
13283,Treino_1195,varejo,outbound,67,41188.03,0.178,458,0.01
17760,Treino_1196,saude,inbound,68,73451.89,0.203,335,0.6437
14401,Treino_1197,industria,indicacao,68,12624.73,0.736,119,0.6675
11164,Treino_1198,servicos,outbound,68,17085.22,0.206,338,0.3304
19653,Treino_1199,servicos,inbound,68,73025.31,0.327,60,0.5148
16341,Treino_1200,saude,outbound,68,55235.49,0.036,331,0.5563
12029,Treino_1201,saude,inbound,68,73086.56,0.407,96,0.2773
17681,Treino_1202,servicos,inbound,68,77057.02,0.642,185,0.4628
14517,Treino_1203,industria,outbound,68,64825.59,0.802,165,0.3654
18708,Treino_1204,industria,indicacao,68,70526.61,0.11,438,0.6285
13193,Treino_1205,varejo,outbound,68,53041.76,0.438,118,0.332
16516,Treino_1206,tecnologia,outbound,68,34459.59,0.87,128,0.4891
18596,Treino_1207,industria,indicacao,68,82060.44,0.236,11,0.4333
12725,Treino_1208,servicos,inbound,68,50844.13,0.285,318,0.5391
15822,Treino_1209,servicos,outbound,68,35765.82,0.299,362,0.4911
12840,Treino_1210,servicos,inbound,68,72734.78,0.944,424,0.817
18797,Treino_1211,industria,inbound,68,56819.45,0.159,484,0.3921
12720,Treino_1212,varejo,inbound,68,36548.26,0.633,208,0.1556
15206,Treino_1213,servicos,outbound,69,37384.9,0.809,455,0.4429
12313,Treino_1214,servicos,indicacao,69,21375.49,0.898,215,0.4004
11233,Treino_1215,saude,inbound,69,58946.86,0.823,270,0.4903
11766,Treino_1216,saude,outbound,69,19982.98,0.413,298,0.1804
12001,Treino_1217,servicos,outbound,69,57725.85,0.055,113,0.4607
15556,Treino_1218,servicos,outbound,69,36330.16,0.788,44,0.6719
15907,Treino_1219,servicos,inbound,69,69587.99,0.7,37,0.4694
14994,Treino_1220,industria,indicacao,69,63378.87,0.415,414,0.5083
14959,Treino_1221,servicos,inbound,69,67350.49,0.134,381,0.5947
12360,Treino_1222,industria,outbound,69,61402.15,0.529,124,0.499
18051,Treino_1223,industria,indicacao,69,29149.57,0.327,373,0.4177
16464,Treino_1224,tecnologia,inbound,69,43295.78,0.782,396,0.7282
17160,Treino_1225,industria,indicacao,69,7368.91,0.083,293,0.261
13648,Treino_1226,saude,inbound,69,20716.42,0.489,6,0.171
16112,Treino_1227,saude,outbound,69,42779.68,0.811,403,0.6854
19375,Treino_1228,saude,inbound,69,49957.96,0.945,125,0.8658
18593,Treino_1229,tecnologia,outbound,69,37938.35,0.624,41,0.1086
18550,Treino_1230,saude,outbound,69,61476.87,0.872,448,0.8317
15684,Treino_1231,tecnologia,inbound,69,49488.14,0.471,160,0.2766
18814,Treino_1232,varejo,inbound,70,34650.12,0.341,281,0.2324
13224,Treino_1233,saude,outbound,70,58703.16,0.719,239,0.8397
10615,Treino_1234,servicos,outbound,70,68480.27,0.869,328,0.6734
18018,Treino_1235,tecnologia,outbound,70,70331.42,0.879,23,0.6004
11621,Treino_1236,industria,inbound,70,24987.17,0.836,105,0.1909
13241,Treino_1237,servicos,outbound,70,82046.14,0.765,455,0.579
14455,Treino_1238,tecnologia,inbound,70,45255.59,0.721,186,0.4236
13277,Treino_1239,servicos,inbound,70,25839.76,0.255,307,0.4014
19080,Treino_1240,servicos,inbound,70,47879.39,0.367,381,0.3306
16254,Treino_1241,industria,inbound,70,67296.33,0.814,446,0.7711
18758,Treino_1242,saude,inbound,70,52766.62,0.738,188,0.6185
14601,Treino_1243,varejo,outbound,70,68943.51,0.001,101,0.0699
11237,Treino_1244,servicos,inbound,70,37540.74,0.324,302,0.2695
14608,Treino_1245,servicos,indicacao,70,77955.18,0.223,242,0.01
18977,Treino_1246,tecnologia,inbound,70,49758.91,0.454,209,0.529
12792,Treino_1247,varejo,outbound,71,58398.43,0.095,202,0.1026
14919,Treino_1248,tecnologia,outbound,71,72306.23,0.014,123,0.2294
14711,Treino_1249,tecnologia,outbound,71,5000.0,0.791,211,0.4103
16002,Treino_1250,saude,inbound,71,47914.25,0.481,159,0.4784
14934,Treino_1251,servicos,outbound,71,67236.47,0.671,255,0.3237
14439,Treino_1252,servicos,inbound,71,56449.59,0.126,493,0.7275
10642,Treino_1253,servicos,inbound,71,47684.85,0.404,269,0.2769
11378,Treino_1254,industria,indicacao,71,28897.67,0.16,13,0.302
13231,Treino_1255,tecnologia,inbound,71,54841.0,0.878,402,0.6247
14397,Treino_1256,varejo,inbound,71,9332.57,0.666,159,0.2594
14420,Treino_1257,servicos,outbound,71,72519.88,0.732,360,0.621
19479,Treino_1258,industria,outbound,71,30837.44,0.808,86,0.3599
19064,Treino_1259,industria,outbound,71,20930.23,0.895,109,0.0255
11052,Treino_1260,varejo,inbound,71,81359.36,0.062,150,0.5374
17790,Treino_1261,saude,indicacao,71,91760.76,0.198,220,0.2292
14636,Treino_1262,saude,indicacao,71,67642.98,0.911,263,0.6629
10885,Treino_1263,tecnologia,inbound,71,41146.33,0.345,464,0.4331
10952,Treino_1264,servicos,indicacao,71,29687.94,0.701,478,0.4982
16804,Treino_1265,varejo,inbound,71,31896.25,0.78,142,0.3045
18291,Treino_1266,servicos,indicacao,71,55554.4,0.924,376,0.5509
18228,Treino_1267,saude,inbound,71,54092.19,0.613,25,0.5745
14803,Treino_1268,tecnologia,outbound,72,51323.41,0.288,117,0.3202
17941,Treino_1269,tecnologia,inbound,72,60699.22,0.712,113,0.5683
11762,Treino_1270,servicos,inbound,72,48504.04,0.438,226,0.1697
14336,Treino_1271,servicos,inbound,72,51321.99,0.508,294,0.3659
16544,Treino_1272,servicos,indicacao,72,43257.41,0.673,69,0.2576
17732,Treino_1273,saude,indicacao,72,49326.56,0.087,52,0.0583
10901,Treino_1274,servicos,inbound,72,38786.34,0.434,470,0.6565
12771,Treino_1275,varejo,outbound,72,55939.61,0.844,342,0.5378
19837,Treino_1276,tecnologia,outbound,72,81304.85,0.452,16,0.2276
16467,Treino_1277,varejo,outbound,72,55055.28,0.236,496,0.4996
18594,Treino_1278,varejo,inbound,72,76868.69,0.298,40,0.3757
14546,Treino_1279,industria,outbound,72,47772.18,0.844,325,0.2997
10944,Treino_1280,varejo,indicacao,72,46957.43,0.462,215,0.5639
15205,Treino_1281,saude,inbound,72,43414.93,0.159,343,0.3369
12913,Treino_1282,industria,inbound,72,40051.36,0.059,499,0.5514
18733,Treino_1283,saude,inbound,72,38857.8,0.397,476,0.7753
14197,Treino_1284,tecnologia,inbound,72,33272.94,0.973,486,0.6044
14384,Treino_1285,saude,outbound,72,82515.83,0.376,108,0.3626
10083,Treino_1286,tecnologia,indicacao,72,107360.58,0.501,92,0.3519
12819,Treino_1287,saude,inbound,73,40186.37,0.122,169,0.5635
17807,Treino_1288,industria,indicacao,73,95802.74,0.224,331,0.6165
12541,Treino_1289,servicos,outbound,73,94831.25,0.866,387,0.99
16325,Treino_1290,varejo,inbound,73,23250.81,0.184,110,0.1212
10697,Treino_1291,industria,outbound,73,71447.93,0.027,144,0.3985
19480,Treino_1292,industria,indicacao,73,56628.73,0.942,200,0.2951
12476,Treino_1293,varejo,outbound,73,27045.78,0.467,156,0.3354
14135,Treino_1294,industria,outbound,73,59104.67,0.249,452,0.2555
17886,Treino_1295,saude,inbound,73,54189.65,0.235,193,0.3431
16429,Treino_1296,saude,inbound,73,63457.33,0.718,335,0.7142
15662,Treino_1297,industria,inbound,73,76701.44,0.151,198,0.452
17688,Treino_1298,industria,inbound,73,57138.84,0.409,23,0.699
16925,Treino_1299,saude,outbound,73,47994.98,0.573,315,0.1276
12738,Treino_1300,tecnologia,indicacao,73,53964.15,0.384,436,0.3693
13643,Treino_1301,servicos,indicacao,73,53060.84,0.884,163,0.4781
13376,Treino_1302,tecnologia,inbound,73,49128.65,0.135,479,0.5258
17489,Treino_1303,varejo,outbound,73,38659.95,0.808,109,0.2837
13566,Treino_1304,varejo,outbound,73,54953.74,0.576,175,0.3578
17285,Treino_1305,industria,inbound,73,72181.2,0.858,483,0.99
17596,Treino_1306,varejo,indicacao,73,65892.35,0.164,166,0.3843
19669,Treino_1307,saude,indicacao,73,51608.85,0.065,244,0.1249
19177,Treino_1308,industria,inbound,73,60528.35,0.86,351,0.5404
11251,Treino_1309,varejo,inbound,73,38615.97,0.399,73,0.135
10336,Treino_1310,tecnologia,inbound,74,57799.91,0.784,142,0.3962
14253,Treino_1311,saude,inbound,74,12788.48,0.179,496,0.3915
15249,Treino_1312,tecnologia,outbound,74,56196.86,0.321,289,0.5425
16471,Treino_1313,servicos,inbound,74,13354.32,0.08,389,0.5242
13076,Treino_1314,tecnologia,indicacao,74,64455.3,0.585,384,0.8857
10985,Treino_1315,saude,inbound,74,61950.44,0.226,442,0.2129
16918,Treino_1316,industria,inbound,74,53655.37,0.244,288,0.1164
15857,Treino_1317,industria,outbound,74,23915.35,0.245,478,0.235
16038,Treino_1318,servicos,inbound,74,62264.87,0.239,320,0.0762
19134,Treino_1319,servicos,inbound,74,56812.13,0.368,397,0.4157
15670,Treino_1320,tecnologia,outbound,74,77204.52,0.179,459,0.6254
12970,Treino_1321,tecnologia,indicacao,74,60318.7,0.129,7,0.0226
15338,Treino_1322,saude,indicacao,74,65840.99,0.262,310,0.312
15980,Treino_1323,industria,inbound,74,24716.59,0.021,387,0.2224
11996,Treino_1324,saude,inbound,74,102702.99,0.736,418,0.9704
18139,Treino_1325,industria,inbound,74,21753.11,0.746,212,0.2363
14873,Treino_1326,servicos,outbound,74,22661.65,0.72,400,0.5046
19576,Treino_1327,varejo,inbound,74,47101.17,0.668,407,0.7219
11773,Treino_1328,saude,inbound,74,44547.05,0.749,261,0.6643
12051,Treino_1329,saude,outbound,74,63798.41,0.601,376,0.3743
15560,Treino_1330,saude,outbound,74,68290.11,0.333,227,0.4164
11833,Treino_1331,tecnologia,inbound,74,62868.02,0.34,414,0.5888
17008,Treino_1332,varejo,inbound,74,54090.98,0.439,225,0.4061
19827,Treino_1333,saude,inbound,74,64949.13,0.569,391,0.5505
11513,Treino_1334,tecnologia,outbound,74,65532.48,0.666,306,0.6257
12563,Treino_1335,varejo,indicacao,74,43054.74,0.548,208,0.5502
13343,Treino_1336,industria,inbound,74,68575.93,0.494,72,0.1213
19154,Treino_1337,servicos,outbound,74,93200.63,0.022,242,0.5602
19667,Treino_1338,tecnologia,outbound,74,43933.74,0.607,272,0.2938
17726,Treino_1339,servicos,outbound,74,26423.64,0.201,162,0.3267
12993,Treino_1340,varejo,inbound,75,57351.61,0.123,188,0.3896
12853,Treino_1341,tecnologia,outbound,75,33642.64,0.763,450,0.525
14793,Treino_1342,saude,inbound,75,82077.7,0.276,332,0.4559
17426,Treino_1343,servicos,inbound,75,65422.44,0.344,377,0.5003
17249,Treino_1344,industria,indicacao,75,36935.95,0.714,23,0.5172
16972,Treino_1345,varejo,outbound,75,64435.13,0.422,142,0.3995
13552,Treino_1346,varejo,outbound,75,77891.36,0.076,328,0.2485
15424,Treino_1347,servicos,inbound,75,89247.69,0.11,349,0.6763
12181,Treino_1348,varejo,inbound,75,11187.49,0.253,352,0.4033
15709,Treino_1349,industria,inbound,75,48048.05,0.15,317,0.4893
14149,Treino_1350,servicos,outbound,75,35856.66,0.355,196,0.2886
15817,Treino_1351,varejo,inbound,75,50511.8,0.667,54,0.3784
16404,Treino_1352,varejo,outbound,75,34344.17,0.099,355,0.4331
15506,Treino_1353,varejo,inbound,75,48288.17,0.454,373,0.475
14073,Treino_1354,saude,indicacao,75,65635.14,0.549,337,0.5241
15790,Treino_1355,saude,inbound,75,26489.17,0.204,310,0.34
13868,Treino_1356,varejo,inbound,76,44978.59,0.778,90,0.481
14717,Treino_1357,industria,inbound,76,73861.16,0.454,315,0.7709
15160,Treino_1358,servicos,inbound,76,21042.02,0.262,350,0.3014
15570,Treino_1359,saude,inbound,76,39340.45,0.326,213,0.2926
10440,Treino_1360,saude,inbound,76,59229.05,0.714,82,0.441
13392,Treino_1361,servicos,outbound,76,35802.46,0.082,218,0.2641
18240,Treino_1362,industria,indicacao,76,42174.03,0.352,160,0.0768
18546,Treino_1363,industria,indicacao,76,79092.17,0.587,430,0.8291
15371,Treino_1364,saude,inbound,76,29468.95,0.78,484,0.8355
15567,Treino_1365,industria,inbound,76,59826.06,0.069,67,0.269
16639,Treino_1366,varejo,inbound,76,33835.4,0.542,216,0.4151
15973,Treino_1367,servicos,inbound,77,48299.5,0.977,286,0.6252
11670,Treino_1368,servicos,outbound,77,39741.11,0.716,460,0.5417
17754,Treino_1369,saude,indicacao,77,22546.86,0.435,369,0.5265
19957,Treino_1370,saude,indicacao,77,103111.17,0.493,166,0.7024
11352,Treino_1371,varejo,outbound,77,42206.43,0.647,25,0.3339
13191,Treino_1372,saude,outbound,77,77679.66,0.661,108,0.1899
19981,Treino_1373,saude,inbound,77,50348.13,0.237,196,0.3467
15715,Treino_1374,servicos,outbound,77,70222.27,0.981,296,0.426
13406,Treino_1375,saude,inbound,77,16543.68,0.04,318,0.1695
10875,Treino_1376,servicos,indicacao,77,56211.71,0.138,206,0.4034
12347,Treino_1377,tecnologia,inbound,77,35989.09,0.523,405,0.3932
13559,Treino_1378,varejo,inbound,77,37653.88,0.228,453,0.5002
15331,Treino_1379,tecnologia,outbound,77,59862.01,0.994,375,0.7092
18880,Treino_1380,industria,inbound,77,43815.44,0.56,184,0.4243
12939,Treino_1381,servicos,inbound,77,50007.27,0.421,467,0.6977
13415,Treino_1382,industria,inbound,78,12329.31,0.614,86,0.2658
14861,Treino_1383,varejo,outbound,78,38288.14,0.611,373,0.71
14169,Treino_1384,varejo,outbound,78,50710.93,0.009,361,0.3355
16280,Treino_1385,industria,outbound,78,59816.4,0.697,487,0.7953
16349,Treino_1386,saude,inbound,78,33211.96,0.401,261,0.6619
14243,Treino_1387,servicos,inbound,78,26562.0,0.552,495,0.3748
18905,Treino_1388,servicos,outbound,78,35050.36,0.127,124,0.1012
12736,Treino_1389,saude,inbound,78,69756.33,0.461,293,0.5766
17437,Treino_1390,tecnologia,inbound,78,60131.23,0.894,175,0.6022
10919,Treino_1391,tecnologia,outbound,78,63155.73,0.919,236,0.5873
19639,Treino_1392,saude,inbound,78,56751.33,0.908,91,0.6753
16786,Treino_1393,saude,inbound,78,51881.78,0.718,380,0.4242
16736,Treino_1394,servicos,inbound,78,84090.14,0.037,351,0.6391
19878,Treino_1395,tecnologia,outbound,78,54916.81,0.578,359,0.4939
10739,Treino_1396,tecnologia,outbound,78,45127.36,0.847,67,0.4923
12338,Treino_1397,industria,inbound,78,66302.7,0.231,55,0.3933
16629,Treino_1398,servicos,inbound,78,67680.08,0.127,391,0.5392
14966,Treino_1399,saude,inbound,78,61524.99,0.741,263,0.7321
12283,Treino_1400,tecnologia,outbound,78,72359.58,0.913,333,0.773
10760,Treino_1401,industria,outbound,78,35684.35,0.277,417,0.498
19304,Treino_1402,saude,inbound,79,32807.17,0.511,302,0.162
19192,Treino_1403,tecnologia,inbound,79,54575.32,0.969,496,0.8145
11530,Treino_1404,tecnologia,outbound,79,32695.59,0.505,225,0.4296
16530,Treino_1405,saude,outbound,79,54350.35,0.06,430,0.3386
19785,Treino_1406,varejo,inbound,79,64437.44,0.835,262,0.4177
19596,Treino_1407,tecnologia,inbound,79,44037.3,0.533,270,0.4115
13359,Treino_1408,tecnologia,inbound,79,46853.33,0.51,8,0.4009
19384,Treino_1409,tecnologia,inbound,79,72302.23,0.242,32,0.01
18622,Treino_1410,servicos,inbound,79,61362.55,0.644,413,0.4555
17279,Treino_1411,tecnologia,outbound,79,45048.08,0.272,498,0.4662
11893,Treino_1412,varejo,outbound,79,81113.99,0.781,461,0.7444
13624,Treino_1413,industria,inbound,79,70132.14,0.848,75,0.4544
13663,Treino_1414,saude,inbound,79,55054.69,0.187,462,0.352
13031,Treino_1415,saude,outbound,79,65643.7,0.435,112,0.517
16989,Treino_1416,saude,indicacao,79,50081.16,0.757,486,0.3103
19149,Treino_1417,servicos,inbound,79,9545.83,0.838,209,0.5076
15047,Treino_1418,tecnologia,inbound,79,41382.56,0.9,295,0.7856
10658,Treino_1419,varejo,inbound,79,44576.77,0.874,222,0.6544
17130,Treino_1420,industria,inbound,80,26508.33,0.059,326,0.3522
17185,Treino_1421,tecnologia,inbound,80,44235.24,0.775,447,0.3588
17388,Treino_1422,saude,inbound,80,41502.26,0.748,152,0.5637
15114,Treino_1423,saude,inbound,80,68005.44,0.471,213,0.5697
11748,Treino_1424,industria,inbound,80,62331.51,0.048,92,0.4229
15155,Treino_1425,saude,inbound,80,77285.98,0.599,231,0.544
19748,Treino_1426,tecnologia,outbound,80,63253.17,0.17,233,0.4315
11085,Treino_1427,industria,inbound,80,40470.96,0.176,489,0.415
18094,Treino_1428,industria,inbound,80,37356.72,0.577,469,0.5705
15008,Treino_1429,varejo,inbound,80,49725.71,0.28,177,0.2352
13022,Treino_1430,saude,inbound,80,47453.97,0.557,466,0.683
19711,Treino_1431,tecnologia,inbound,80,28473.81,0.266,40,0.5741
15298,Treino_1432,varejo,inbound,80,18116.8,0.844,359,0.3159
10483,Treino_1433,varejo,inbound,80,56158.01,0.041,386,0.4008
11306,Treino_1434,tecnologia,inbound,80,65784.01,0.071,35,0.3983
10803,Treino_1435,tecnologia,inbound,80,52470.06,0.123,161,0.3
14280,Treino_1436,varejo,inbound,81,74471.37,0.324,398,0.5236
12339,Treino_1437,varejo,outbound,81,84092.48,0.121,281,0.7863
15607,Treino_1438,servicos,outbound,81,47378.33,0.037,365,0.4301
17482,Treino_1439,varejo,outbound,81,36770.26,0.142,192,0.01
17299,Treino_1440,varejo,outbound,81,79152.73,0.847,418,0.7416
11257,Treino_1441,saude,indicacao,81,56402.45,0.354,92,0.5882
16275,Treino_1442,tecnologia,outbound,81,59590.4,0.362,89,0.5679
15616,Treino_1443,industria,inbound,81,42982.0,0.661,265,0.3565
12367,Treino_1444,varejo,inbound,81,87283.51,0.177,14,0.3266
11780,Treino_1445,servicos,inbound,81,48528.48,0.077,253,0.5433
16632,Treino_1446,saude,inbound,81,49670.39,0.921,438,0.6518
10407,Treino_1447,varejo,inbound,81,5000.0,0.07,481,0.5156
14416,Treino_1448,varejo,inbound,81,53678.47,0.451,250,0.3263
16522,Treino_1449,saude,inbound,81,27430.91,0.316,330,0.4008
15019,Treino_1450,servicos,indicacao,81,41932.57,0.139,291,0.01
14930,Treino_1451,tecnologia,inbound,81,70878.61,0.91,225,0.4906
18176,Treino_1452,tecnologia,inbound,81,48072.41,0.857,113,0.5105
19848,Treino_1453,servicos,indicacao,81,49143.48,0.751,39,0.1786
19796,Treino_1454,varejo,indicacao,81,53195.1,0.698,117,0.1449
18033,Treino_1455,industria,inbound,81,55241.96,0.624,278,0.5656
13276,Treino_1456,tecnologia,inbound,81,53969.64,0.866,440,0.6003
13159,Treino_1457,saude,outbound,81,41820.31,0.362,394,0.7266
10019,Treino_1458,saude,outbound,81,69074.25,0.83,129,0.4492
18924,Treino_1459,saude,inbound,81,57502.63,0.25,393,0.6849
10865,Treino_1460,industria,outbound,81,44227.19,0.016,372,0.2562
16050,Treino_1461,servicos,outbound,81,5000.0,0.696,397,0.6218
12779,Treino_1462,tecnologia,inbound,82,16246.95,0.281,197,0.01
11281,Treino_1463,servicos,indicacao,82,40127.1,0.545,125,0.2243
10297,Treino_1464,tecnologia,inbound,82,73553.98,0.236,429,0.5313
10525,Treino_1465,saude,indicacao,82,42182.32,0.706,43,0.2865
13741,Treino_1466,tecnologia,inbound,82,49928.68,0.719,218,0.3674
12862,Treino_1467,tecnologia,inbound,82,80439.18,0.659,220,0.7813
13591,Treino_1468,industria,inbound,82,79686.42,0.87,11,0.5448
14842,Treino_1469,saude,outbound,82,82138.67,0.553,432,0.401
11334,Treino_1470,varejo,inbound,82,22323.24,0.929,155,0.3812
16030,Treino_1471,tecnologia,outbound,82,65371.3,0.066,446,0.5084
10519,Treino_1472,industria,inbound,82,54231.01,0.239,317,0.6043
13158,Treino_1473,servicos,inbound,82,67858.34,0.744,284,0.515
11945,Treino_1474,servicos,inbound,82,35511.14,0.03,376,0.2023
12098,Treino_1475,tecnologia,inbound,82,30732.69,0.287,279,0.3975
19830,Treino_1476,tecnologia,outbound,82,37137.16,0.763,300,0.6479
13652,Treino_1477,varejo,inbound,82,17141.12,0.065,175,0.3001
18641,Treino_1478,varejo,indicacao,82,34186.98,0.084,471,0.1709
13911,Treino_1479,varejo,indicacao,83,39011.69,0.397,434,0.3471
16496,Treino_1480,servicos,inbound,83,26998.31,0.42,221,0.2149
16643,Treino_1481,industria,outbound,83,42556.19,0.152,364,0.2683
11812,Treino_1482,servicos,inbound,83,40548.56,0.407,378,0.6457
12120,Treino_1483,industria,indicacao,83,51759.57,0.693,355,0.8725
16213,Treino_1484,saude,inbound,83,17366.26,0.964,498,0.457
19624,Treino_1485,varejo,outbound,83,54424.17,0.462,355,0.9341
17296,Treino_1486,industria,outbound,83,35072.16,0.614,152,0.5975
19773,Treino_1487,varejo,inbound,83,50280.05,0.798,302,0.5813
13358,Treino_1488,servicos,inbound,83,39649.67,0.504,321,0.5622
18382,Treino_1489,servicos,inbound,83,30807.18,0.482,466,0.0426
10387,Treino_1490,industria,outbound,83,43224.8,0.267,104,0.3602
19005,Treino_1491,varejo,inbound,83,63586.71,0.694,495,0.6757
11622,Treino_1492,industria,indicacao,83,51497.1,0.761,184,0.514
13003,Treino_1493,industria,indicacao,83,48404.69,0.706,132,0.5911
16760,Treino_1494,industria,outbound,83,38658.37,0.835,368,0.3795
15599,Treino_1495,tecnologia,inbound,83,78276.71,0.386,487,0.1702
14202,Treino_1496,saude,inbound,83,43413.13,0.373,327,0.0338
17852,Treino_1497,servicos,outbound,83,59977.48,0.808,232,0.6022
11931,Treino_1498,servicos,inbound,84,30549.32,0.306,44,0.3809
10486,Treino_1499,tecnologia,indicacao,84,26779.09,0.947,178,0.2949
13304,Treino_1500,tecnologia,indicacao,84,41120.48,0.701,45,0.2845
14310,Treino_1501,saude,outbound,84,29538.16,0.006,408,0.3966
13555,Treino_1502,servicos,outbound,84,63305.03,0.653,217,0.6088
15816,Treino_1503,varejo,outbound,84,52420.3,0.466,495,0.7106
16375,Treino_1504,varejo,inbound,84,25163.79,0.801,21,0.4157
11278,Treino_1505,servicos,inbound,84,58309.27,0.803,182,0.3302
12961,Treino_1506,saude,inbound,84,69971.61,0.682,399,0.9351
16161,Treino_1507,saude,inbound,84,48256.3,0.253,286,0.5442
14727,Treino_1508,tecnologia,inbound,84,56156.11,0.67,480,0.6276
17633,Treino_1509,saude,inbound,84,52576.1,0.064,253,0.6245
17149,Treino_1510,industria,outbound,84,62128.0,0.255,60,0.1897
18962,Treino_1511,varejo,outbound,84,68422.63,0.41,429,0.4308
16292,Treino_1512,servicos,inbound,84,45520.38,0.05,143,0.1774
19111,Treino_1513,varejo,inbound,85,23857.57,0.101,470,0.4113
13981,Treino_1514,varejo,outbound,85,79163.5,0.541,481,0.99
13698,Treino_1515,tecnologia,inbound,85,33402.07,0.434,107,0.7963
19595,Treino_1516,servicos,inbound,85,69205.59,0.901,79,0.188
11646,Treino_1517,industria,inbound,85,37363.04,0.197,470,0.7846
12446,Treino_1518,servicos,inbound,85,99869.9,0.537,437,0.509
12401,Treino_1519,industria,inbound,85,55442.99,0.547,264,0.5756
18040,Treino_1520,industria,indicacao,85,15834.2,0.201,284,0.5197
12343,Treino_1521,industria,outbound,85,22521.25,0.937,491,0.8193
16490,Treino_1522,tecnologia,inbound,85,66589.97,0.129,95,0.0401
16316,Treino_1523,varejo,inbound,85,9068.22,0.947,109,0.2162
18946,Treino_1524,tecnologia,inbound,85,63276.7,0.426,358,0.3256
17720,Treino_1525,saude,outbound,85,33038.47,0.474,350,0.1712
13120,Treino_1526,tecnologia,inbound,85,44703.27,0.945,330,0.3254
11206,Treino_1527,servicos,outbound,85,47301.27,0.421,26,0.745
19211,Treino_1528,industria,inbound,85,57048.43,0.576,360,0.5249
17621,Treino_1529,saude,outbound,85,62976.31,0.979,211,0.9199
14181,Treino_1530,saude,inbound,85,58705.45,0.068,91,0.0581
15188,Treino_1531,varejo,inbound,85,55253.06,0.348,302,0.4545
16517,Treino_1532,varejo,inbound,85,26512.38,0.303,123,0.0786
16593,Treino_1533,tecnologia,inbound,85,40711.87,0.15,126,0.0877
16724,Treino_1534,servicos,outbound,86,36501.05,0.175,23,0.1552
18199,Treino_1535,tecnologia,inbound,86,50552.28,0.119,309,0.2712
11128,Treino_1536,tecnologia,outbound,86,97574.57,0.061,68,0.2178
10755,Treino_1537,varejo,inbound,86,28419.54,0.456,370,0.5312
18947,Treino_1538,varejo,inbound,86,54065.7,0.416,230,0.1558
17672,Treino_1539,industria,inbound,86,35495.8,0.596,22,0.144
18181,Treino_1540,industria,indicacao,86,30624.08,0.659,429,0.5474
11200,Treino_1541,industria,inbound,86,9006.35,0.981,311,0.2254
12571,Treino_1542,saude,indicacao,86,30536.67,0.474,123,0.3257
10683,Treino_1543,varejo,outbound,86,98414.44,0.687,382,0.5165
19543,Treino_1544,servicos,inbound,86,61398.62,0.813,268,0.6794
15196,Treino_1545,varejo,outbound,86,91299.17,0.817,81,0.6951
14583,Treino_1546,industria,inbound,86,53087.69,0.94,408,0.6418
13684,Treino_1547,varejo,inbound,86,77042.49,0.486,87,0.5013
10776,Treino_1548,tecnologia,inbound,86,91405.59,0.494,21,0.4073
13329,Treino_1549,servicos,outbound,86,41458.92,0.196,304,0.1905
19273,Treino_1550,saude,outbound,86,55806.14,0.455,483,0.388
13262,Treino_1551,tecnologia,inbound,86,34015.43,0.058,296,0.5575
14764,Treino_1552,servicos,outbound,86,77201.14,0.809,84,0.4976
11545,Treino_1553,servicos,outbound,86,38206.24,0.161,291,0.1995
10136,Treino_1554,varejo,outbound,86,5000.0,0.903,152,0.2594
14545,Treino_1555,tecnologia,outbound,87,71835.03,0.868,149,0.3967
12610,Treino_1556,varejo,inbound,87,43956.43,0.352,446,0.4774
17177,Treino_1557,saude,outbound,87,78544.13,0.655,190,0.5957
14124,Treino_1558,servicos,inbound,87,46299.23,0.435,270,0.6052
11518,Treino_1559,servicos,inbound,87,64272.57,0.269,432,0.6032
18720,Treino_1560,varejo,inbound,87,39994.49,0.331,48,0.2212
15420,Treino_1561,servicos,indicacao,87,39415.36,0.847,313,0.4282
12439,Treino_1562,tecnologia,inbound,87,69098.52,0.996,423,0.6073
16022,Treino_1563,varejo,outbound,87,40110.44,0.033,264,0.3739
14331,Treino_1564,saude,outbound,87,20878.94,0.102,155,0.3388
19701,Treino_1565,saude,outbound,87,77521.03,0.248,305,0.8805
19629,Treino_1566,varejo,indicacao,87,67806.14,0.645,274,0.5442
13230,Treino_1567,saude,inbound,87,93452.46,0.963,433,0.99
17671,Treino_1568,industria,outbound,87,35282.15,0.165,367,0.3599
15446,Treino_1569,varejo,outbound,87,59711.38,0.432,105,0.4772
16385,Treino_1570,servicos,outbound,87,72151.13,0.537,221,0.5955
19229,Treino_1571,varejo,inbound,87,74305.47,0.135,206,0.1299
15221,Treino_1572,varejo,outbound,87,11755.87,0.381,485,0.6762
10907,Treino_1573,saude,outbound,88,83677.06,0.575,39,0.462
15010,Treino_1574,saude,inbound,88,42978.68,0.243,59,0.2151
16965,Treino_1575,servicos,indicacao,88,78837.39,0.425,468,0.4809
13771,Treino_1576,saude,inbound,88,17365.96,0.375,204,0.2501
18741,Treino_1577,industria,inbound,88,39510.56,0.808,65,0.4843
13779,Treino_1578,saude,inbound,88,44717.31,0.503,428,0.2046
16202,Treino_1579,varejo,inbound,88,75130.93,0.895,445,0.99
17021,Treino_1580,varejo,inbound,88,38143.75,0.06,316,0.99
11980,Treino_1581,servicos,inbound,88,45331.42,0.521,360,0.5593
16086,Treino_1582,servicos,inbound,88,42054.06,0.397,63,0.1597
16794,Treino_1583,tecnologia,outbound,88,61748.91,0.355,367,0.3554
15036,Treino_1584,varejo,inbound,88,33084.96,0.403,176,0.5518
13742,Treino_1585,industria,inbound,88,37246.81,0.543,439,0.503
10607,Treino_1586,saude,inbound,88,42935.23,0.422,84,0.2857
12117,Treino_1587,servicos,inbound,89,19518.72,0.493,81,0.2729
19026,Treino_1588,servicos,indicacao,89,40552.38,0.994,303,0.7653
17740,Treino_1589,varejo,inbound,89,38350.16,0.387,360,0.3663
14961,Treino_1590,industria,inbound,89,37985.71,0.19,272,0.5248
18533,Treino_1591,varejo,indicacao,89,55909.78,0.571,108,0.2905
11403,Treino_1592,servicos,inbound,89,40118.09,0.602,235,0.0717
16384,Treino_1593,industria,inbound,89,47633.81,0.283,275,0.1618
17566,Treino_1594,saude,indicacao,89,36039.75,0.039,210,0.4471
11205,Treino_1595,varejo,inbound,89,63465.53,0.989,304,0.6345
10904,Treino_1596,servicos,inbound,89,37782.87,0.531,441,0.7544
16195,Treino_1597,servicos,outbound,89,50218.63,0.355,219,0.5736
19741,Treino_1598,varejo,inbound,89,90739.53,0.731,71,0.795
10365,Treino_1599,servicos,indicacao,89,36466.45,0.884,352,0.3072
18190,Treino_1600,varejo,inbound,89,21430.32,0.51,34,0.0253
15450,Treino_1601,saude,inbound,89,55677.11,0.802,5,0.3851
12627,Treino_1602,servicos,outbound,89,44983.19,0.18,465,0.4553
13886,Treino_1603,saude,inbound,89,56838.23,0.876,22,0.7941
18657,Treino_1604,saude,inbound,90,51742.44,0.82,32,0.5236
18100,Treino_1605,industria,inbound,90,32191.81,0.152,442,0.2559
17557,Treino_1606,varejo,inbound,90,92622.93,0.399,446,0.3926
10699,Treino_1607,varejo,indicacao,90,66530.76,0.261,219,0.4765
13324,Treino_1608,saude,outbound,90,62554.0,0.176,380,0.6097
18862,Treino_1609,industria,outbound,90,55226.24,0.915,325,0.7964
12519,Treino_1610,industria,inbound,90,24691.92,0.154,123,0.2519
12626,Treino_1611,tecnologia,inbound,90,72958.37,0.186,167,0.4671
17041,Treino_1612,servicos,indicacao,90,38789.88,0.046,141,0.01
14023,Treino_1613,saude,outbound,90,47509.55,0.091,211,0.1502
10633,Treino_1614,saude,outbound,90,58045.95,0.45,439,0.691
12358,Treino_1615,tecnologia,inbound,90,73265.01,0.69,117,0.7629
14457,Treino_1616,industria,inbound,90,53498.54,0.493,124,0.1025
18168,Treino_1617,industria,outbound,90,80738.61,0.691,369,0.7294
13967,Treino_1618,varejo,outbound,90,44337.79,0.25,43,0.625
15975,Treino_1619,tecnologia,inbound,90,75982.24,0.311,242,0.6414
18833,Treino_1620,servicos,inbound,90,24701.46,0.423,414,0.3736
18517,Treino_1621,saude,inbound,90,64853.57,0.615,331,0.99
12953,Treino_1622,varejo,inbound,90,44954.08,0.344,361,0.2789
15164,Treino_1623,saude,indicacao,90,40710.94,0.645,88,0.3442
11731,Treino_1624,tecnologia,inbound,90,72333.03,0.798,368,0.4741
14343,Treino_1625,saude,inbound,90,16040.29,0.831,92,0.4866
11521,Treino_1626,saude,inbound,90,61425.49,0.594,186,0.5109
11639,Treino_1627,tecnologia,inbound,91,33311.62,0.728,293,0.1021
18421,Treino_1628,industria,inbound,91,54158.92,0.682,309,0.6284
14328,Treino_1629,industria,inbound,91,35407.6,0.178,355,0.2341
14311,Treino_1630,saude,outbound,91,48702.42,0.212,170,0.01
13683,Treino_1631,saude,outbound,91,41294.9,0.433,454,0.3717
12950,Treino_1632,servicos,inbound,91,39232.24,0.236,258,0.3541
13027,Treino_1633,varejo,inbound,91,61057.84,0.334,207,0.5295
17309,Treino_1634,industria,inbound,91,11198.02,0.68,13,0.3339
19438,Treino_1635,servicos,outbound,91,50252.25,0.379,481,0.6118
10467,Treino_1636,servicos,inbound,91,50653.4,0.744,172,0.4718
16857,Treino_1637,industria,outbound,91,59180.63,0.764,84,0.5035
12067,Treino_1638,industria,indicacao,91,78420.21,0.791,306,0.6908
17606,Treino_1639,industria,outbound,91,37231.54,0.576,207,0.616
14641,Treino_1640,tecnologia,inbound,91,89138.37,0.628,282,0.3168
18218,Treino_1641,servicos,outbound,91,43030.25,0.942,121,0.4052
11107,Treino_1642,varejo,inbound,91,24147.7,0.672,390,0.4353
17092,Treino_1643,tecnologia,outbound,91,11014.99,0.274,492,0.4007
18057,Treino_1644,tecnologia,outbound,91,57938.59,0.632,182,0.5361
19569,Treino_1645,industria,outbound,91,66352.05,0.765,169,0.4603
13568,Treino_1646,tecnologia,inbound,91,29308.78,0.273,156,0.01
15141,Treino_1647,varejo,outbound,91,52653.7,0.398,447,0.6356
10580,Treino_1648,industria,inbound,91,60597.17,0.058,325,0.4144
12662,Treino_1649,tecnologia,outbound,91,43895.37,0.928,365,0.3718
11494,Treino_1650,tecnologia,outbound,92,45220.46,0.79,417,0.7043
12647,Treino_1651,saude,inbound,92,42928.39,0.719,251,0.5199
19821,Treino_1652,industria,inbound,92,43999.05,0.791,289,0.5233
16078,Treino_1653,industria,outbound,92,29747.99,0.109,67,0.1788
15915,Treino_1654,varejo,inbound,92,62405.65,0.307,460,0.4636
17992,Treino_1655,tecnologia,inbound,92,67689.96,0.862,152,0.2056
14659,Treino_1656,servicos,outbound,92,48291.14,0.417,143,0.4956
18888,Treino_1657,saude,inbound,92,19885.05,0.512,239,0.2119
11942,Treino_1658,tecnologia,outbound,92,39555.61,0.556,211,0.3619
13736,Treino_1659,industria,inbound,92,23286.47,0.454,403,0.5254
16397,Treino_1660,industria,inbound,92,73955.23,0.406,239,0.466
13384,Treino_1661,tecnologia,indicacao,92,57067.17,0.274,244,0.3595
12545,Treino_1662,industria,inbound,92,60656.69,0.867,374,0.8748
15458,Treino_1663,varejo,inbound,92,24588.33,0.566,98,0.15
16335,Treino_1664,tecnologia,outbound,92,84972.99,0.894,179,0.7939
14276,Treino_1665,saude,inbound,92,39964.43,0.041,55,0.093
17764,Treino_1666,tecnologia,outbound,92,42939.06,0.337,478,0.4057
18810,Treino_1667,industria,inbound,92,38167.17,0.923,388,0.5213
12800,Treino_1668,saude,outbound,93,59063.08,0.346,402,0.5952
13746,Treino_1669,tecnologia,inbound,93,75745.05,0.45,302,0.5942
18876,Treino_1670,tecnologia,inbound,93,68262.12,0.615,326,0.3073
15100,Treino_1671,tecnologia,inbound,93,36320.82,0.534,59,0.6423
19218,Treino_1672,varejo,inbound,93,28187.62,0.812,122,0.669
19950,Treino_1673,tecnologia,inbound,93,69296.78,0.346,115,0.2834
17882,Treino_1674,varejo,outbound,93,15436.71,0.386,266,0.5536
14136,Treino_1675,varejo,outbound,93,55421.91,0.627,206,0.4537
15486,Treino_1676,saude,inbound,93,45704.5,0.508,440,0.4121
12569,Treino_1677,varejo,outbound,93,60296.7,0.116,420,0.2573
16599,Treino_1678,varejo,inbound,93,77294.24,0.533,45,0.5848
14883,Treino_1679,varejo,inbound,93,14971.76,0.321,221,0.2532
16036,Treino_1680,servicos,outbound,93,43388.89,0.818,244,0.6637
14916,Treino_1681,industria,outbound,93,42862.25,0.215,348,0.1274
13668,Treino_1682,saude,inbound,93,38557.61,0.212,254,0.4302
11073,Treino_1683,tecnologia,inbound,93,44006.1,0.636,388,0.8068
11096,Treino_1684,servicos,indicacao,94,44774.98,0.661,36,0.2991
14089,Treino_1685,varejo,inbound,94,60620.02,0.041,16,0.7212
10222,Treino_1686,servicos,outbound,94,85621.91,0.502,490,0.7878
13275,Treino_1687,saude,outbound,94,39253.56,0.29,66,0.2787
17958,Treino_1688,saude,inbound,94,79891.38,0.62,168,0.6961
13053,Treino_1689,industria,outbound,94,64071.76,0.688,113,0.5309
14559,Treino_1690,servicos,inbound,94,73039.45,0.735,146,0.8571
18696,Treino_1691,varejo,inbound,94,56295.29,0.196,380,0.3016
12296,Treino_1692,saude,indicacao,94,59117.76,0.127,397,0.4874
17841,Treino_1693,tecnologia,inbound,94,68450.24,0.456,84,0.168
14643,Treino_1694,saude,inbound,94,68870.2,0.916,433,0.7374
12847,Treino_1695,tecnologia,outbound,94,81897.35,0.864,351,0.7661
16005,Treino_1696,industria,inbound,94,66377.52,0.617,346,0.6317
10593,Treino_1697,servicos,indicacao,94,37520.71,0.469,373,0.52
10451,Treino_1698,varejo,inbound,94,62365.4,0.421,422,0.7929
11389,Treino_1699,saude,inbound,94,66574.17,0.547,366,0.3371
17282,Treino_1700,industria,outbound,94,53624.8,0.623,489,0.3395
15594,Treino_1701,industria,inbound,95,30914.96,0.083,295,0.3311
12176,Treino_1702,servicos,inbound,95,45726.46,0.65,455,0.6319
12716,Treino_1703,industria,outbound,95,74820.66,0.527,256,0.5942
15520,Treino_1704,tecnologia,inbound,95,61373.2,0.405,47,0.307
10242,Treino_1705,servicos,indicacao,95,41307.64,0.639,421,0.4647
17273,Treino_1706,varejo,outbound,95,16675.57,0.39,244,0.406
11654,Treino_1707,tecnologia,outbound,95,54975.62,0.088,73,0.5226
11229,Treino_1708,industria,outbound,95,27122.3,0.769,472,0.4584
11243,Treino_1709,saude,outbound,95,54471.3,0.269,222,0.4613
13425,Treino_1710,servicos,outbound,95,71749.14,0.221,406,0.5018
13752,Treino_1711,servicos,outbound,95,47385.55,0.043,477,0.3166
10045,Treino_1712,servicos,inbound,95,77128.65,0.226,50,0.6323
18979,Treino_1713,saude,indicacao,95,5000.0,0.068,173,0.01
13199,Treino_1714,servicos,inbound,95,39045.54,0.323,98,0.3938
13222,Treino_1715,servicos,outbound,95,99105.14,0.984,261,0.7721
18675,Treino_1716,tecnologia,outbound,95,46433.61,0.667,146,0.2988
13389,Treino_1717,varejo,outbound,95,49196.67,0.95,66,0.4166
13567,Treino_1718,varejo,outbound,95,38140.11,0.015,219,0.4177
17513,Treino_1719,saude,outbound,96,36662.08,0.842,345,0.8416
11139,Treino_1720,servicos,inbound,96,59831.0,0.333,11,0.5147
18430,Treino_1721,industria,inbound,96,54016.49,0.069,261,0.4688
16087,Treino_1722,industria,inbound,96,67183.58,0.394,21,0.4078
13966,Treino_1723,varejo,inbound,96,41510.59,0.63,122,0.1883
11517,Treino_1724,tecnologia,outbound,96,48185.33,0.175,24,0.2416
16372,Treino_1725,servicos,inbound,96,91089.31,0.142,180,0.3759
19804,Treino_1726,servicos,inbound,96,53953.38,0.614,138,0.5587
19471,Treino_1727,tecnologia,indicacao,96,33727.39,0.269,420,0.6747
18576,Treino_1728,industria,outbound,96,48282.86,0.923,133,0.6943
14537,Treino_1729,saude,inbound,96,45563.97,0.692,93,0.3304
16843,Treino_1730,saude,outbound,96,69052.03,0.594,84,0.7325
13626,Treino_1731,servicos,inbound,96,41134.67,0.43,412,0.333
13649,Treino_1732,tecnologia,indicacao,96,43865.97,0.506,319,0.1618
14737,Treino_1733,servicos,inbound,97,66293.48,0.807,407,0.805
11687,Treino_1734,varejo,outbound,97,47905.84,0.478,151,0.4243
15555,Treino_1735,tecnologia,inbound,97,42779.37,0.703,433,0.4958
14688,Treino_1736,servicos,inbound,97,51258.34,0.428,326,0.6433
17737,Treino_1737,saude,inbound,97,78015.81,0.096,8,0.4169
18761,Treino_1738,industria,inbound,97,30941.14,0.888,499,0.799
10949,Treino_1739,varejo,inbound,97,49713.51,0.727,463,0.8634
16069,Treino_1740,varejo,outbound,97,41652.82,0.383,446,0.4879
16166,Treino_1741,varejo,inbound,97,60667.09,0.246,21,0.4146
15129,Treino_1742,servicos,outbound,97,61763.67,0.584,81,0.2083
11133,Treino_1743,varejo,inbound,97,21238.83,0.148,71,0.2237
19010,Treino_1744,tecnologia,inbound,97,63174.7,0.829,182,0.5911
10351,Treino_1745,saude,inbound,97,73632.77,0.054,251,0.3981
10157,Treino_1746,varejo,inbound,97,23549.67,0.963,28,0.248
11897,Treino_1747,servicos,inbound,97,56705.79,0.334,219,0.2865
19442,Treino_1748,tecnologia,indicacao,97,68823.15,0.703,169,0.4298
10068,Treino_1749,tecnologia,inbound,97,46417.13,0.007,411,0.0677
15296,Treino_1750,varejo,inbound,97,53703.9,0.133,273,0.2416
17976,Treino_1751,servicos,outbound,97,29237.9,0.033,422,0.4796
12934,Treino_1752,industria,indicacao,97,62434.08,0.358,481,0.2704
14493,Treino_1753,industria,inbound,97,31406.68,0.784,475,0.4593
18567,Treino_1754,industria,inbound,97,75517.01,0.577,51,0.6797
19357,Treino_1755,varejo,inbound,97,24746.68,0.349,478,0.1746
11169,Treino_1756,saude,indicacao,98,26191.84,0.237,427,0.7777
10050,Treino_1757,varejo,inbound,98,47792.9,0.722,58,0.6541
15533,Treino_1758,saude,inbound,98,20941.45,0.697,86,0.7336
11023,Treino_1759,tecnologia,inbound,98,55521.23,0.743,214,0.5637
17934,Treino_1760,industria,inbound,98,45148.27,0.865,41,0.3058
13775,Treino_1761,tecnologia,indicacao,98,52344.95,0.032,475,0.4706
14387,Treino_1762,varejo,outbound,98,45934.93,0.258,395,0.5898
12616,Treino_1763,varejo,inbound,98,52368.13,0.8,347,0.3337
16492,Treino_1764,servicos,outbound,98,63193.55,0.798,240,0.4207
13499,Treino_1765,tecnologia,outbound,98,23861.26,0.24,469,0.7506
12703,Treino_1766,servicos,inbound,98,7908.39,0.729,455,0.3939
18689,Treino_1767,industria,indicacao,98,39029.87,0.52,475,0.2161
18554,Treino_1768,saude,inbound,98,33908.05,0.038,494,0.1344
16572,Treino_1769,varejo,inbound,98,71987.44,0.229,89,0.01
11217,Treino_1770,industria,inbound,99,53382.39,0.502,265,0.4404
17661,Treino_1771,saude,outbound,99,53966.23,0.995,18,0.2737
10091,Treino_1772,industria,inbound,99,41117.15,0.871,410,0.9235
16672,Treino_1773,industria,inbound,99,50750.13,0.111,23,0.2266
14627,Treino_1774,servicos,inbound,99,68764.6,0.242,472,0.3465
17746,Treino_1775,tecnologia,outbound,99,40370.21,0.632,220,0.2636
15285,Treino_1776,saude,indicacao,99,55313.21,0.237,449,0.7553
16622,Treino_1777,industria,inbound,99,16900.72,0.18,51,0.0577
13740,Treino_1778,servicos,inbound,99,18819.91,0.7,170,0.5275
17081,Treino_1779,saude,inbound,99,31054.39,0.851,181,0.4962
10459,Treino_1780,industria,inbound,99,58600.1,0.015,67,0.1276
19383,Treino_1781,industria,inbound,99,41021.33,0.811,209,0.5899
18097,Treino_1782,industria,inbound,99,19894.44,0.951,394,0.9044
18129,Treino_1783,saude,outbound,99,45094.17,0.396,175,0.4454
13622,Treino_1784,servicos,indicacao,99,34173.04,0.696,12,0.8209
13719,Treino_1785,tecnologia,inbound,99,25998.02,0.038,204,0.1446
12321,Treino_1786,tecnologia,inbound,100,54233.74,0.376,181,0.2124
11297,Treino_1787,varejo,outbound,100,74172.16,0.069,283,0.4815
18346,Treino_1788,saude,inbound,100,53376.85,0.898,57,0.6188
14779,Treino_1789,servicos,indicacao,100,37209.38,0.825,219,0.5391
10839,Treino_1790,tecnologia,inbound,100,54410.52,0.734,319,0.8741
19132,Treino_1791,saude,inbound,100,21290.68,0.691,499,0.8736
18472,Treino_1792,servicos,inbound,100,65600.16,0.869,122,0.5418
13956,Treino_1793,varejo,outbound,100,49651.71,0.78,137,0.4783
14183,Treino_1794,servicos,outbound,100,18533.26,0.822,261,0.5282
15784,Treino_1795,tecnologia,inbound,100,25823.15,0.049,168,0.2868
13603,Treino_1796,varejo,inbound,100,35540.9,0.553,409,0.3934
10409,Treino_1797,industria,inbound,100,59222.81,0.34,323,0.5321
13538,Treino_1798,servicos,inbound,100,83422.13,0.047,226,0.5751
12317,Treino_1799,tecnologia,inbound,100,56319.64,0.201,14,0.082
12066,Treino_1800,tecnologia,inbound,100,30252.12,0.975,146,0.3803
12038,Treino_1801,servicos,indicacao,100,79515.54,0.552,306,0.2141
18721,Treino_1802,saude,indicacao,100,40559.93,0.373,235,0.457
12386,Treino_1803,saude,inbound,101,65735.17,0.621,340,0.5162
14768,Treino_1804,saude,outbound,101,59997.24,0.233,342,0.3902
15748,Treino_1805,tecnologia,outbound,101,70561.66,0.735,69,0.5935
17289,Treino_1806,industria,outbound,101,17730.99,0.981,157,0.5648
11377,Treino_1807,varejo,outbound,101,80506.83,0.304,100,0.6424
11442,Treino_1808,servicos,inbound,101,19786.82,0.924,201,0.4174
18427,Treino_1809,saude,inbound,101,60021.24,0.058,104,0.5124
11478,Treino_1810,varejo,outbound,101,24501.37,0.626,15,0.3439
14441,Treino_1811,tecnologia,inbound,101,18074.31,0.058,140,0.01
10023,Treino_1812,servicos,outbound,101,16647.41,0.796,362,0.5437
16761,Treino_1813,saude,inbound,101,23572.74,0.68,43,0.193
16353,Treino_1814,industria,inbound,101,52922.64,0.279,365,0.3662
13803,Treino_1815,tecnologia,outbound,101,20143.04,0.478,276,0.3951
14256,Treino_1816,varejo,outbound,101,16471.79,0.348,76,0.01
19906,Treino_1817,servicos,inbound,101,49902.15,0.933,436,0.7259
11592,Treino_1818,saude,inbound,101,87901.88,0.777,436,0.8421
11068,Treino_1819,varejo,inbound,102,107126.71,0.531,212,0.6838
19481,Treino_1820,saude,outbound,102,82336.61,0.298,96,0.3214
18530,Treino_1821,servicos,indicacao,102,48559.64,0.984,380,0.4299
18562,Treino_1822,tecnologia,inbound,102,48021.62,0.67,334,0.5309
15185,Treino_1823,servicos,inbound,102,41409.48,0.117,327,0.3306
11910,Treino_1824,tecnologia,indicacao,102,36415.92,0.017,337,0.3036
14432,Treino_1825,varejo,outbound,102,49974.05,0.937,84,0.2554
19900,Treino_1826,industria,indicacao,102,32290.52,0.472,246,0.3587
10710,Treino_1827,varejo,inbound,102,82401.99,0.056,60,0.01
12886,Treino_1828,industria,inbound,102,39516.2,0.929,499,0.9864
16633,Treino_1829,servicos,inbound,102,38144.08,0.227,462,0.2244
11212,Treino_1830,servicos,inbound,102,27355.38,0.063,240,0.01
14820,Treino_1831,servicos,inbound,102,47854.79,0.037,242,0.2919
12173,Treino_1832,tecnologia,outbound,102,47360.23,0.842,459,0.5898
10833,Treino_1833,servicos,indicacao,102,32974.0,0.165,14,0.0975
19625,Treino_1834,industria,indicacao,102,71577.74,0.074,297,0.4751
16277,Treino_1835,tecnologia,inbound,102,32976.11,0.916,321,0.5857
15807,Treino_1836,servicos,indicacao,102,39774.38,0.285,424,0.2443
11457,Treino_1837,varejo,outbound,103,43540.53,0.648,310,0.6022
12971,Treino_1838,industria,inbound,103,30282.72,0.003,273,0.01
12546,Treino_1839,varejo,inbound,103,54199.76,0.25,464,0.5102
12184,Treino_1840,tecnologia,outbound,103,52775.27,0.92,71,0.7702
11387,Treino_1841,saude,outbound,103,51050.38,0.843,412,0.5049
11384,Treino_1842,varejo,outbound,103,44199.84,0.219,248,0.1817
16528,Treino_1843,industria,outbound,103,33874.89,0.255,472,0.3333
12039,Treino_1844,servicos,inbound,103,34362.82,0.081,398,0.089
19248,Treino_1845,varejo,outbound,103,53169.05,0.933,370,0.5426
17618,Treino_1846,varejo,inbound,103,37971.14,0.561,346,0.1847
17975,Treino_1847,varejo,outbound,103,33836.47,0.704,98,0.0406
17469,Treino_1848,industria,inbound,103,69604.51,0.997,416,0.6669
12553,Treino_1849,saude,inbound,103,27254.74,0.361,191,0.7204
10379,Treino_1850,servicos,outbound,103,58087.32,0.009,209,0.4163
19752,Treino_1851,tecnologia,inbound,103,33100.68,0.668,47,0.406
16984,Treino_1852,varejo,outbound,103,87724.88,0.531,325,0.7881
12900,Treino_1853,tecnologia,outbound,103,41568.11,0.692,484,0.7829
14942,Treino_1854,saude,inbound,103,59233.41,0.999,122,0.357
16730,Treino_1855,servicos,outbound,103,54891.72,0.883,217,0.9064
13620,Treino_1856,tecnologia,inbound,104,71640.92,0.295,481,0.3736
19196,Treino_1857,industria,inbound,104,35116.9,0.891,245,0.1193
18308,Treino_1858,saude,inbound,104,45899.62,0.11,81,0.0581
12071,Treino_1859,tecnologia,outbound,104,47084.17,0.012,167,0.1704
17502,Treino_1860,tecnologia,outbound,104,32107.85,0.425,443,0.5194
19236,Treino_1861,varejo,indicacao,104,49502.16,0.791,42,0.2267
15117,Treino_1862,saude,inbound,104,82347.65,0.383,366,0.8227
18244,Treino_1863,industria,outbound,104,99871.66,0.338,190,0.1672
14153,Treino_1864,servicos,outbound,104,24601.36,0.828,196,0.4016
15535,Treino_1865,varejo,indicacao,104,66014.26,0.615,229,0.7727
12232,Treino_1866,saude,inbound,104,54621.61,0.144,25,0.2375
13607,Treino_1867,varejo,inbound,104,56814.11,0.213,187,0.6728
15492,Treino_1868,tecnologia,inbound,104,75374.74,0.367,46,0.3302
12693,Treino_1869,servicos,indicacao,104,53550.1,0.293,312,0.5318
10977,Treino_1870,tecnologia,inbound,104,81405.3,0.496,289,0.7143
19180,Treino_1871,tecnologia,inbound,104,29561.08,0.575,205,0.5408
17266,Treino_1872,tecnologia,outbound,105,71018.34,0.296,38,0.4916
10218,Treino_1873,saude,inbound,105,21793.8,0.974,96,0.2888
15517,Treino_1874,servicos,inbound,105,8104.09,0.283,448,0.0956
14844,Treino_1875,servicos,inbound,105,37915.84,0.429,481,0.2268
19585,Treino_1876,saude,outbound,105,56009.97,0.531,296,0.6143
15554,Treino_1877,industria,indicacao,105,17102.41,0.742,39,0.4001
13940,Treino_1878,servicos,inbound,105,55471.0,0.669,428,0.2711
12230,Treino_1879,tecnologia,outbound,105,65685.19,0.23,94,0.3721
16333,Treino_1880,industria,inbound,105,39699.49,0.382,478,0.7214
14362,Treino_1881,industria,outbound,105,82269.97,0.61,407,0.7338
16345,Treino_1882,industria,inbound,105,23832.19,0.243,350,0.2668
11648,Treino_1883,tecnologia,outbound,105,62094.05,0.9,136,0.6426
16299,Treino_1884,industria,indicacao,105,75240.65,0.286,322,0.2556
13011,Treino_1885,varejo,inbound,105,24316.4,0.257,304,0.5555
10317,Treino_1886,tecnologia,outbound,105,64691.72,0.05,171,0.4122
18695,Treino_1887,saude,outbound,105,56023.85,0.919,271,0.8562
12824,Treino_1888,tecnologia,indicacao,105,44556.07,0.449,241,0.8196
10117,Treino_1889,tecnologia,indicacao,105,51030.73,0.237,375,0.4212
19958,Treino_1890,saude,inbound,105,88617.5,0.405,337,0.7143
15839,Treino_1891,industria,inbound,105,23153.62,0.428,98,0.1884
16421,Treino_1892,servicos,inbound,105,36051.98,0.241,301,0.01
14445,Treino_1893,servicos,inbound,105,69957.48,0.892,414,0.6649
16971,Treino_1894,industria,inbound,106,50545.84,0.26,121,0.5202
17252,Treino_1895,varejo,outbound,106,24670.99,0.388,400,0.6279
13419,Treino_1896,servicos,inbound,106,82409.02,0.524,213,0.4712
14133,Treino_1897,tecnologia,outbound,106,17433.04,0.777,445,0.5718
19559,Treino_1898,tecnologia,inbound,106,38317.39,0.438,26,0.2747
15058,Treino_1899,industria,inbound,106,41827.06,0.114,183,0.3094
19831,Treino_1900,tecnologia,outbound,106,68413.46,0.122,489,0.605
13761,Treino_1901,varejo,outbound,106,5000.0,0.045,60,0.4405
16459,Treino_1902,tecnologia,inbound,106,37196.07,0.416,40,0.0964
17911,Treino_1903,saude,outbound,106,29490.94,0.602,443,0.6916
18447,Treino_1904,servicos,outbound,106,55589.44,0.95,477,0.99
12415,Treino_1905,saude,outbound,106,81100.88,0.089,62,0.4762
10740,Treino_1906,varejo,outbound,106,42940.63,0.354,229,0.275
17293,Treino_1907,servicos,indicacao,106,65333.26,0.183,316,0.533
15902,Treino_1908,varejo,inbound,107,47424.04,0.258,361,0.5131
13900,Treino_1909,servicos,indicacao,107,64383.69,0.976,400,0.9542
17838,Treino_1910,tecnologia,inbound,107,39189.42,0.098,318,0.051
14909,Treino_1911,saude,indicacao,107,60093.24,0.62,344,0.8675
15152,Treino_1912,industria,outbound,107,65906.23,0.236,353,0.3988
17197,Treino_1913,servicos,indicacao,107,43196.55,0.18,382,0.5049
12785,Treino_1914,industria,inbound,107,49273.72,0.649,348,0.7733
11820,Treino_1915,industria,outbound,107,69454.09,0.872,240,0.5612
19085,Treino_1916,varejo,inbound,107,51974.04,0.001,397,0.304
19759,Treino_1917,industria,inbound,107,63301.52,0.439,187,0.4838
19975,Treino_1918,tecnologia,indicacao,107,82601.87,0.225,188,0.3075
10792,Treino_1919,tecnologia,inbound,107,40704.56,0.808,379,0.6187
13587,Treino_1920,tecnologia,inbound,107,31944.68,0.795,440,0.99
12742,Treino_1921,tecnologia,inbound,107,51233.01,0.304,344,0.433
10290,Treino_1922,saude,inbound,107,77090.26,0.002,497,0.5333
12442,Treino_1923,industria,inbound,107,78504.6,0.852,160,0.5033
16606,Treino_1924,servicos,inbound,107,64950.31,0.736,218,0.4756
10990,Treino_1925,varejo,inbound,107,24603.49,0.123,193,0.01
17208,Treino_1926,industria,inbound,107,60583.25,0.458,230,0.2991
16815,Treino_1927,varejo,outbound,107,6430.13,0.365,151,0.3466
17460,Treino_1928,industria,inbound,107,51789.16,0.158,112,0.1526
16944,Treino_1929,servicos,inbound,107,80614.61,0.324,284,0.3084
11379,Treino_1930,tecnologia,outbound,107,44012.94,0.982,363,0.6121
14654,Treino_1931,industria,indicacao,108,26067.08,0.222,178,0.4482
18969,Treino_1932,servicos,outbound,108,64593.2,0.821,302,0.7426
10632,Treino_1933,tecnologia,outbound,108,43689.11,0.938,349,0.7166
14452,Treino_1934,saude,inbound,108,45425.22,0.96,485,0.4133
14639,Treino_1935,industria,outbound,108,37485.67,0.036,406,0.4322
11300,Treino_1936,tecnologia,indicacao,108,62995.94,0.392,68,0.5448
13878,Treino_1937,servicos,inbound,108,24337.7,0.642,275,0.4017
11463,Treino_1938,varejo,inbound,108,57049.12,0.769,28,0.4139
13558,Treino_1939,tecnologia,indicacao,108,43183.86,0.402,162,0.3316
14990,Treino_1940,servicos,outbound,108,59408.99,0.359,420,0.5568
17156,Treino_1941,servicos,inbound,108,50523.75,0.892,204,0.3109
11007,Treino_1942,saude,inbound,108,34056.68,0.636,52,0.2169
17648,Treino_1943,saude,outbound,108,77738.86,0.997,78,0.4972
13870,Treino_1944,saude,outbound,108,53086.18,0.055,174,0.1919
13016,Treino_1945,servicos,inbound,108,31881.08,0.137,196,0.2295
19735,Treino_1946,tecnologia,inbound,108,40092.35,0.758,445,0.3113
19515,Treino_1947,tecnologia,inbound,108,38694.79,0.715,317,0.2562
11882,Treino_1948,tecnologia,inbound,108,62752.44,0.428,121,0.6857
11561,Treino_1949,tecnologia,outbound,108,64995.02,0.733,246,0.3064
10236,Treino_1950,tecnologia,inbound,108,72678.83,0.831,67,0.6031
16550,Treino_1951,varejo,indicacao,108,36220.45,0.804,199,0.2081
14340,Treino_1952,industria,outbound,108,12108.13,0.752,295,0.3628
12499,Treino_1953,tecnologia,indicacao,108,43919.78,0.369,269,0.3121
16937,Treino_1954,servicos,outbound,108,80903.3,0.125,46,0.369
18847,Treino_1955,tecnologia,inbound,109,80368.58,0.21,317,0.5553
17162,Treino_1956,industria,inbound,109,63259.35,0.098,394,0.8025
16001,Treino_1957,tecnologia,outbound,109,53571.82,0.273,439,0.496
14257,Treino_1958,industria,inbound,109,41235.79,0.114,416,0.4617
17832,Treino_1959,saude,outbound,109,74033.07,0.572,396,0.8066
14296,Treino_1960,tecnologia,inbound,109,38605.27,0.636,339,0.4906
11760,Treino_1961,varejo,inbound,109,53521.22,0.032,361,0.5163
17608,Treino_1962,tecnologia,indicacao,109,71788.76,0.805,365,0.7003
17344,Treino_1963,saude,indicacao,109,54888.36,0.631,246,0.3252
15156,Treino_1964,industria,outbound,109,51501.31,0.795,172,0.8732
11320,Treino_1965,varejo,inbound,109,68349.29,0.319,455,0.2943
12329,Treino_1966,industria,indicacao,109,84915.29,0.186,299,0.5484
13397,Treino_1967,tecnologia,inbound,109,56831.86,0.426,226,0.3256
14480,Treino_1968,servicos,outbound,109,45531.78,0.236,96,0.1335
12333,Treino_1969,tecnologia,indicacao,109,82471.57,0.428,170,0.56
13236,Treino_1970,servicos,inbound,110,38173.82,0.33,314,0.4567
17113,Treino_1971,industria,indicacao,110,64226.43,0.448,8,0.4467
17690,Treino_1972,varejo,inbound,110,30332.08,0.654,188,0.5222
11134,Treino_1973,saude,outbound,110,28240.74,0.592,273,0.7062
19736,Treino_1974,saude,inbound,110,57152.44,0.847,49,0.6962
19598,Treino_1975,tecnologia,outbound,110,69193.86,0.87,480,0.8994
18998,Treino_1976,varejo,inbound,110,48404.09,0.345,269,0.4239
18968,Treino_1977,industria,inbound,110,48916.91,0.382,341,0.1194
10989,Treino_1978,industria,inbound,110,10216.69,0.031,415,0.342
19802,Treino_1979,saude,inbound,110,32949.95,0.571,217,0.3668
13584,Treino_1980,tecnologia,inbound,110,86593.81,0.911,230,0.6392
15561,Treino_1981,servicos,indicacao,110,64672.65,0.206,215,0.5646
19521,Treino_1982,industria,outbound,111,56884.93,0.963,143,0.8992
12011,Treino_1983,varejo,outbound,111,78167.81,0.377,149,0.1078
15724,Treino_1984,servicos,inbound,111,29077.7,0.48,452,0.2845
11137,Treino_1985,servicos,inbound,111,48284.0,0.904,183,0.4329
18575,Treino_1986,tecnologia,outbound,111,29998.92,0.642,319,0.514
10964,Treino_1987,industria,indicacao,111,69003.38,0.701,172,0.6496
13588,Treino_1988,industria,inbound,111,29261.39,0.896,37,0.6288
10463,Treino_1989,industria,outbound,111,16386.76,0.998,341,0.8937
17535,Treino_1990,industria,outbound,111,61318.15,0.049,269,0.4445
13801,Treino_1991,industria,inbound,111,57697.1,0.488,214,0.386
11811,Treino_1992,saude,indicacao,111,59335.78,0.974,53,0.6733
16250,Treino_1993,servicos,inbound,111,23346.97,0.275,354,0.7362
10024,Treino_1994,servicos,inbound,111,71846.03,0.036,450,0.2651
13550,Treino_1995,servicos,inbound,111,36681.51,0.707,11,0.3931
10029,Treino_1996,varejo,outbound,111,14991.81,0.512,499,0.5216
18992,Treino_1997,industria,outbound,111,34832.86,0.256,488,0.2636
12822,Treino_1998,varejo,inbound,111,43439.65,0.2,406,0.4038
16943,Treino_1999,industria,indicacao,111,60315.87,0.852,94,0.5025
10928,Treino_2000,servicos,inbound,111,51826.43,0.332,130,0.357
11788,Treino_2001,servicos,inbound,112,50164.06,0.034,324,0.421
18121,Treino_2002,varejo,indicacao,112,84039.01,0.905,224,0.3982
15080,Treino_2003,industria,inbound,112,57958.21,0.87,360,0.7683
12661,Treino_2004,industria,indicacao,112,47462.73,0.432,309,0.2648
12134,Treino_2005,industria,outbound,112,54803.81,0.959,135,0.6637
10511,Treino_2006,industria,outbound,112,67652.74,0.908,374,0.658
11688,Treino_2007,industria,outbound,112,53317.43,0.129,257,0.0585
12625,Treino_2008,varejo,indicacao,112,49235.38,0.164,364,0.5162
16367,Treino_2009,servicos,inbound,112,64514.61,0.432,305,0.6351
10350,Treino_2010,saude,inbound,112,49510.15,0.017,487,0.4219
12028,Treino_2011,tecnologia,inbound,112,57060.52,0.775,250,0.6897
14897,Treino_2012,saude,indicacao,112,55092.01,0.204,21,0.2729
15943,Treino_2013,varejo,inbound,112,89233.38,0.717,45,0.5443
19344,Treino_2014,industria,inbound,112,70257.58,0.504,479,0.6516
14061,Treino_2015,industria,inbound,112,46595.26,0.653,138,0.7015
11083,Treino_2016,industria,indicacao,112,40718.5,0.376,5,0.3557
15651,Treino_2017,industria,indicacao,112,63912.16,0.936,415,0.5797
16114,Treino_2018,servicos,indicacao,112,61802.92,0.874,170,0.3486
18358,Treino_2019,varejo,inbound,113,111883.05,0.222,109,0.3952
19392,Treino_2020,servicos,inbound,113,60057.26,0.327,277,0.2559
18722,Treino_2021,servicos,inbound,113,34853.59,0.784,322,0.6149
12908,Treino_2022,tecnologia,inbound,113,97983.68,0.666,424,0.6597
19655,Treino_2023,tecnologia,outbound,113,69449.37,0.099,368,0.1912
14902,Treino_2024,servicos,outbound,113,53442.59,0.984,324,0.4001
11515,Treino_2025,tecnologia,inbound,113,24081.52,0.125,484,0.2988
17490,Treino_2026,industria,outbound,113,29124.68,0.846,151,0.627
17222,Treino_2027,varejo,outbound,113,44288.99,0.805,176,0.4686
10782,Treino_2028,saude,inbound,113,60465.28,0.965,496,0.7288
11116,Treino_2029,tecnologia,inbound,113,74102.86,0.624,71,0.4306
18825,Treino_2030,saude,outbound,113,55415.61,0.005,103,0.1978
16208,Treino_2031,servicos,outbound,113,22795.74,0.128,40,0.2287
14071,Treino_2032,tecnologia,inbound,113,73301.17,0.284,325,0.7019
13594,Treino_2033,industria,indicacao,113,56950.8,0.351,411,0.5829
15483,Treino_2034,saude,inbound,113,40027.6,0.549,85,0.1521
15408,Treino_2035,tecnologia,outbound,113,66008.92,0.465,320,0.5499
18392,Treino_2036,industria,inbound,113,55070.99,0.082,412,0.3364
18150,Treino_2037,saude,outbound,114,73542.3,0.158,377,0.6231
14835,Treino_2038,servicos,inbound,114,65594.52,0.385,178,0.5444
19531,Treino_2039,tecnologia,inbound,114,101948.86,0.548,319,0.5938
12280,Treino_2040,varejo,inbound,114,42520.94,0.36,80,0.5387
16577,Treino_2041,saude,outbound,114,50679.82,0.551,265,0.3725
16318,Treino_2042,saude,inbound,114,47548.5,0.458,189,0.1138
12704,Treino_2043,servicos,outbound,114,76159.06,0.257,383,0.7973
11871,Treino_2044,tecnologia,indicacao,114,83864.75,0.612,457,0.6804
16863,Treino_2045,varejo,inbound,114,46858.48,0.417,267,0.7451
12915,Treino_2046,servicos,outbound,114,64970.33,0.773,478,0.8248
16551,Treino_2047,industria,inbound,114,70074.53,0.767,31,0.4823
19495,Treino_2048,industria,inbound,114,66744.74,0.303,174,0.4828
14775,Treino_2049,servicos,outbound,114,27844.15,0.741,170,0.2287
17326,Treino_2050,varejo,inbound,115,7856.18,0.736,141,0.5122
13239,Treino_2051,industria,outbound,115,56447.83,0.324,151,0.4043
16785,Treino_2052,tecnologia,inbound,115,39240.04,0.742,220,0.4236
17944,Treino_2053,servicos,outbound,115,32350.29,0.902,59,0.4139
14783,Treino_2054,tecnologia,inbound,115,77813.12,0.747,304,0.7353
13526,Treino_2055,servicos,inbound,115,48697.99,0.28,199,0.4334
10197,Treino_2056,varejo,outbound,115,37852.18,0.767,147,0.6303
14215,Treino_2057,servicos,inbound,115,12660.98,0.365,330,0.0586
17923,Treino_2058,varejo,inbound,115,67623.38,0.328,263,0.7401
11414,Treino_2059,varejo,outbound,115,43046.12,0.623,117,0.5794
15040,Treino_2060,saude,inbound,115,60056.07,0.884,146,0.7777
18471,Treino_2061,saude,inbound,115,50570.12,0.848,239,0.6549
13460,Treino_2062,tecnologia,inbound,115,23040.49,0.601,415,0.6413
11510,Treino_2063,tecnologia,indicacao,115,43414.57,0.114,246,0.2563
11638,Treino_2064,varejo,inbound,115,17131.58,0.327,369,0.1339
16567,Treino_2065,industria,indicacao,115,34902.82,0.599,338,0.4448
12452,Treino_2066,industria,inbound,116,72827.67,0.054,390,0.5478
13590,Treino_2067,servicos,outbound,116,22233.46,0.145,188,0.3503
13087,Treino_2068,saude,inbound,116,41405.87,0.154,76,0.3909
13686,Treino_2069,saude,inbound,116,26966.38,0.887,7,0.5609
18568,Treino_2070,saude,outbound,116,74281.22,0.22,213,0.3877
17028,Treino_2071,tecnologia,inbound,116,71572.09,0.918,365,0.7403
17337,Treino_2072,tecnologia,outbound,116,31816.95,0.038,243,0.01
19100,Treino_2073,saude,inbound,116,53352.72,0.803,40,0.4608
18711,Treino_2074,tecnologia,indicacao,116,92695.22,0.611,13,0.5874
19764,Treino_2075,varejo,inbound,116,71329.17,0.04,148,0.4728
14557,Treino_2076,saude,outbound,116,16073.7,0.066,107,0.01
10260,Treino_2077,tecnologia,outbound,116,44652.47,0.177,353,0.1873
12617,Treino_2078,tecnologia,outbound,116,53972.57,0.381,277,0.4387
13025,Treino_2079,varejo,indicacao,116,100776.73,0.501,258,0.6945
15938,Treino_2080,varejo,outbound,116,51898.12,0.547,144,0.5158
15190,Treino_2081,tecnologia,inbound,116,53540.07,0.275,303,0.5376
15963,Treino_2082,varejo,indicacao,116,32545.65,0.081,361,0.2746
11978,Treino_2083,tecnologia,inbound,116,66671.87,0.449,462,0.6024
15581,Treino_2084,saude,inbound,116,18744.16,0.7,173,0.2563
11708,Treino_2085,saude,outbound,116,39186.53,0.947,269,0.589
13000,Treino_2086,saude,indicacao,117,83684.37,0.77,303,0.8846
18989,Treino_2087,servicos,outbound,117,75428.65,0.231,393,0.4953
12314,Treino_2088,servicos,outbound,117,70366.92,0.048,210,0.2679
12290,Treino_2089,tecnologia,inbound,117,33268.62,0.986,98,0.2355
18616,Treino_2090,tecnologia,inbound,117,64982.32,0.646,426,0.7626
12341,Treino_2091,tecnologia,outbound,117,5130.29,0.656,143,0.5529
18806,Treino_2092,industria,inbound,117,5000.0,0.555,326,0.5198
18602,Treino_2093,servicos,inbound,117,70124.2,0.101,419,0.5921
14531,Treino_2094,tecnologia,inbound,117,26978.16,0.782,94,0.6613
15515,Treino_2095,servicos,inbound,117,66087.51,0.369,229,0.3091
12772,Treino_2096,saude,indicacao,117,78853.44,0.789,370,0.5531
14392,Treino_2097,tecnologia,outbound,117,34121.77,0.343,456,0.3013
17062,Treino_2098,industria,outbound,117,73984.79,0.098,436,0.6069
15508,Treino_2099,saude,outbound,117,96259.95,0.004,278,0.2954
17613,Treino_2100,saude,indicacao,117,25049.72,0.366,450,0.4355
11959,Treino_2101,industria,inbound,117,66516.75,0.857,372,0.8119
18981,Treino_2102,saude,outbound,117,72259.51,0.236,471,0.4283
18907,Treino_2103,tecnologia,outbound,117,49644.03,0.367,62,0.01
13078,Treino_2104,servicos,inbound,117,34128.06,0.601,196,0.6163
16071,Treino_2105,industria,inbound,117,17282.13,0.014,315,0.01
12931,Treino_2106,saude,inbound,118,53431.7,0.901,234,0.5782
18272,Treino_2107,saude,outbound,118,59147.87,0.915,45,0.4627
19973,Treino_2108,servicos,outbound,118,61513.41,0.984,158,0.4398
13015,Treino_2109,saude,outbound,118,62657.08,0.939,86,0.9354
11264,Treino_2110,servicos,inbound,118,61148.83,0.081,59,0.3793
13532,Treino_2111,servicos,inbound,118,17003.93,0.99,54,0.7533
12624,Treino_2112,saude,inbound,118,67252.97,0.008,434,0.2347
17718,Treino_2113,tecnologia,indicacao,118,50089.78,0.806,220,0.3988
15681,Treino_2114,servicos,outbound,118,49445.95,0.701,172,0.588
16871,Treino_2115,saude,indicacao,118,49726.29,0.79,236,0.6903
11597,Treino_2116,industria,outbound,118,43547.5,0.059,258,0.4967
13978,Treino_2117,saude,inbound,118,57946.09,0.07,108,0.1986
17353,Treino_2118,varejo,inbound,118,64533.6,0.213,289,0.2949
10333,Treino_2119,tecnologia,inbound,118,56917.39,0.777,216,0.2448
13994,Treino_2120,varejo,outbound,118,31685.48,0.292,251,0.01
11905,Treino_2121,servicos,outbound,118,47547.92,0.381,285,0.5743
15499,Treino_2122,tecnologia,inbound,118,49484.9,0.474,128,0.2167
14378,Treino_2123,saude,inbound,119,42450.41,0.006,194,0.4176
18307,Treino_2124,servicos,outbound,119,37251.32,0.083,346,0.1962
10905,Treino_2125,industria,outbound,119,12900.03,0.852,29,0.6581
17730,Treino_2126,tecnologia,inbound,119,77760.83,0.332,486,0.7544
15714,Treino_2127,tecnologia,inbound,119,65703.33,0.187,238,0.1709
11940,Treino_2128,tecnologia,inbound,119,47900.28,0.092,479,0.1348
17102,Treino_2129,servicos,outbound,119,60750.22,0.067,464,0.4201
11391,Treino_2130,varejo,inbound,119,53827.28,0.596,198,0.6613
10657,Treino_2131,varejo,outbound,119,38476.99,0.336,491,0.5426
18115,Treino_2132,tecnologia,outbound,119,52883.05,0.104,143,0.1636
19166,Treino_2133,servicos,inbound,119,40460.21,0.241,462,0.755
15225,Treino_2134,saude,inbound,119,60775.3,0.732,316,0.303
14821,Treino_2135,servicos,inbound,119,59333.53,0.566,65,0.4911
11614,Treino_2136,varejo,inbound,119,50956.57,0.19,146,0.2685
16088,Treino_2137,varejo,outbound,119,88508.23,0.871,204,0.8625
11349,Treino_2138,tecnologia,outbound,119,67574.67,0.733,252,0.6046
14113,Treino_2139,industria,indicacao,119,46541.83,0.104,10,0.0735
12872,Treino_2140,saude,outbound,119,91397.64,0.161,380,0.3387
14933,Treino_2141,servicos,inbound,120,76191.93,0.692,370,0.7865
15927,Treino_2142,saude,inbound,120,61678.36,0.956,392,0.89
19532,Treino_2143,saude,outbound,120,47728.11,0.524,199,0.3838
12145,Treino_2144,servicos,inbound,120,57802.44,0.841,456,0.9714
15002,Treino_2145,saude,inbound,120,79872.43,0.229,12,0.3536
18828,Treino_2146,servicos,inbound,120,85217.39,0.38,159,0.5675
13898,Treino_2147,tecnologia,outbound,120,43006.86,0.51,231,0.3849
15148,Treino_2148,industria,outbound,120,53315.1,0.881,246,0.5228
12732,Treino_2149,saude,outbound,120,57156.26,0.605,352,0.7085
11441,Treino_2150,saude,indicacao,120,37541.01,0.54,359,0.5147
16390,Treino_2151,industria,inbound,120,65194.77,0.9,157,0.5909
14415,Treino_2152,industria,indicacao,120,38800.22,0.232,452,0.5858
19103,Treino_2153,servicos,inbound,120,59672.42,0.107,221,0.4282
13007,Treino_2154,varejo,indicacao,120,31697.11,0.877,377,0.4686
10109,Treino_2155,industria,indicacao,120,31665.99,0.94,118,0.6474
10443,Treino_2156,tecnologia,inbound,120,72355.69,0.964,202,0.8188
19712,Treino_2157,servicos,inbound,121,78366.68,0.958,217,0.7506
16244,Treino_2158,varejo,indicacao,121,56656.19,0.693,409,0.99
12002,Treino_2159,varejo,outbound,121,71009.27,0.768,426,0.892
10167,Treino_2160,varejo,outbound,121,24236.14,0.743,20,0.178
17155,Treino_2161,tecnologia,inbound,121,31264.29,0.99,389,0.5424
13518,Treino_2162,varejo,inbound,121,31421.31,0.39,362,0.4193
17869,Treino_2163,varejo,inbound,121,53004.05,0.839,172,0.2805
17785,Treino_2164,tecnologia,outbound,121,38532.7,0.159,461,0.0114
10173,Treino_2165,tecnologia,indicacao,121,99230.58,0.049,24,0.6185
13506,Treino_2166,industria,inbound,121,43524.97,0.999,45,0.3709
13229,Treino_2167,tecnologia,inbound,121,46766.14,0.691,14,0.138
19184,Treino_2168,varejo,inbound,121,39966.84,0.604,455,0.6028
13693,Treino_2169,saude,outbound,121,73828.8,0.854,428,0.7803
16116,Treino_2170,saude,inbound,121,34878.16,0.354,93,0.3571
18151,Treino_2171,varejo,outbound,121,23177.59,0.03,393,0.103
16508,Treino_2172,tecnologia,inbound,121,80783.0,0.877,176,0.8388
13381,Treino_2173,varejo,inbound,121,60965.81,0.667,200,0.3689
18631,Treino_2174,varejo,inbound,121,55588.74,0.102,170,0.4043
11503,Treino_2175,servicos,inbound,122,50910.76,0.867,448,0.4809
11202,Treino_2176,tecnologia,outbound,122,44778.59,0.079,320,0.1617
10207,Treino_2177,tecnologia,inbound,122,84665.99,0.356,95,0.5082
17225,Treino_2178,servicos,inbound,122,66911.2,0.731,437,0.5942
15959,Treino_2179,saude,inbound,122,35635.92,0.977,176,0.3784
11576,Treino_2180,varejo,inbound,122,34058.85,0.773,341,0.4528
13037,Treino_2181,tecnologia,outbound,122,5000.0,0.455,303,0.4621
10808,Treino_2182,saude,inbound,122,24076.5,0.325,181,0.2538
18266,Treino_2183,varejo,inbound,122,38203.6,0.098,89,0.01
18270,Treino_2184,servicos,inbound,122,21127.72,0.579,231,0.3949
13707,Treino_2185,tecnologia,inbound,122,56703.58,0.987,404,0.9629
14854,Treino_2186,varejo,outbound,122,39272.13,0.352,77,0.3108
11609,Treino_2187,tecnologia,inbound,122,64315.35,0.194,302,0.482
19626,Treino_2188,varejo,indicacao,122,51495.35,0.816,241,0.4751
15833,Treino_2189,industria,outbound,123,28142.98,0.855,311,0.3808
16751,Treino_2190,industria,outbound,123,50528.62,0.023,457,0.1189
10873,Treino_2191,varejo,outbound,123,52443.36,0.476,218,0.504
16323,Treino_2192,varejo,outbound,123,48964.38,0.291,194,0.5738
18841,Treino_2193,servicos,inbound,123,59619.65,0.71,252,0.5936
12773,Treino_2194,varejo,indicacao,123,67638.26,0.007,322,0.405
14801,Treino_2195,tecnologia,outbound,123,66012.73,0.9,317,0.5462
16489,Treino_2196,saude,inbound,123,77044.49,0.903,112,0.6196
19094,Treino_2197,servicos,inbound,123,53187.58,0.892,9,0.3264
17670,Treino_2198,industria,indicacao,123,54384.05,0.718,31,0.4139
13711,Treino_2199,industria,inbound,123,71636.99,0.891,470,0.7262
18900,Treino_2200,saude,outbound,123,39038.71,0.028,340,0.3719
17479,Treino_2201,varejo,inbound,123,46321.87,0.862,265,0.579
13692,Treino_2202,saude,inbound,123,60774.79,0.339,318,0.4621
14191,Treino_2203,varejo,inbound,123,68853.79,0.205,53,0.2971
12223,Treino_2204,varejo,inbound,124,85086.53,0.922,391,0.6583
12700,Treino_2205,varejo,outbound,124,33812.38,0.759,435,0.3911
12581,Treino_2206,varejo,indicacao,124,19060.44,0.795,143,0.5043
18458,Treino_2207,industria,inbound,124,33621.18,0.448,492,0.6823
17723,Treino_2208,saude,inbound,124,57207.13,0.496,312,0.6392
13655,Treino_2209,saude,inbound,124,26560.18,0.451,239,0.2369
12828,Treino_2210,servicos,outbound,124,60824.16,0.248,420,0.6796
13523,Treino_2211,industria,outbound,124,49973.85,0.805,72,0.6449
15132,Treino_2212,industria,indicacao,124,37769.48,0.956,372,0.6956
11900,Treino_2213,industria,inbound,124,56358.05,0.458,235,0.5035
16990,Treino_2214,tecnologia,outbound,124,5000.0,0.18,304,0.01
17665,Treino_2215,servicos,outbound,124,49492.24,0.674,446,0.3798
19279,Treino_2216,saude,outbound,124,58889.07,0.551,89,0.5394
15336,Treino_2217,varejo,inbound,124,34879.07,0.808,494,0.6495
18209,Treino_2218,tecnologia,outbound,124,94313.02,0.234,119,0.2943
17893,Treino_2219,varejo,outbound,124,39219.73,0.26,42,0.1256
17895,Treino_2220,saude,outbound,124,27428.34,0.458,18,0.2432
18718,Treino_2221,servicos,inbound,124,74822.44,0.696,170,0.2712
16054,Treino_2222,saude,inbound,124,80136.52,0.71,495,0.8686
10581,Treino_2223,varejo,outbound,125,50881.36,0.15,39,0.1891
10089,Treino_2224,saude,indicacao,125,27518.0,0.18,102,0.4544
18316,Treino_2225,varejo,inbound,125,65365.36,0.382,495,0.59
15261,Treino_2226,tecnologia,outbound,125,38089.28,0.873,171,0.5135
13554,Treino_2227,industria,inbound,125,5000.0,0.657,9,0.3167
17704,Treino_2228,servicos,inbound,125,17838.09,0.312,386,0.538
14542,Treino_2229,varejo,outbound,125,63589.71,0.605,476,0.4454
10898,Treino_2230,varejo,inbound,125,70983.34,0.008,405,0.5352
19497,Treino_2231,varejo,inbound,125,35364.77,0.736,382,0.3236
13046,Treino_2232,industria,inbound,125,53884.43,0.825,400,0.6197
17508,Treino_2233,servicos,indicacao,125,67426.07,0.071,217,0.5935
18373,Treino_2234,servicos,outbound,125,54766.95,0.818,496,0.8116
12310,Treino_2235,varejo,outbound,125,17628.31,0.739,412,0.4071
14213,Treino_2236,saude,inbound,125,49442.79,0.005,368,0.5801
19015,Treino_2237,varejo,inbound,125,75720.19,0.892,273,0.2826
10550,Treino_2238,varejo,inbound,125,52321.54,0.098,195,0.01
11632,Treino_2239,saude,inbound,125,44944.45,0.484,434,0.4957
11631,Treino_2240,saude,outbound,125,37149.13,0.31,471,0.5039
10758,Treino_2241,saude,outbound,125,36901.39,0.017,425,0.2712
11388,Treino_2242,servicos,inbound,125,59081.54,0.959,402,0.7347
13398,Treino_2243,servicos,outbound,125,32031.99,0.168,47,0.4032
19175,Treino_2244,servicos,indicacao,125,58823.92,0.031,93,0.1623
10628,Treino_2245,industria,indicacao,126,67644.92,0.929,38,0.528
14427,Treino_2246,servicos,indicacao,126,49632.4,0.144,317,0.144
15626,Treino_2247,varejo,inbound,126,49214.88,0.336,293,0.01
11924,Treino_2248,saude,inbound,126,11318.49,0.31,143,0.1484
12653,Treino_2249,saude,inbound,126,49665.8,0.743,128,0.4471
15514,Treino_2250,saude,inbound,126,39852.89,0.22,214,0.0425
19095,Treino_2251,industria,indicacao,126,19652.9,0.299,282,0.2423
10552,Treino_2252,industria,outbound,126,51762.96,0.046,248,0.0136
15885,Treino_2253,saude,inbound,126,56837.69,0.621,156,0.804
16196,Treino_2254,tecnologia,inbound,126,66061.7,0.39,356,0.2453
18971,Treino_2255,saude,inbound,126,33699.28,0.195,384,0.1329
15780,Treino_2256,industria,inbound,126,46946.3,0.544,67,0.2817
14075,Treino_2257,saude,outbound,126,5000.0,0.105,292,0.1586
15343,Treino_2258,varejo,outbound,126,112891.56,0.451,425,0.6436
14924,Treino_2259,industria,indicacao,126,55187.66,0.106,330,0.4664
15960,Treino_2260,tecnologia,indicacao,126,93594.27,0.939,232,0.8008
11993,Treino_2261,servicos,inbound,127,34161.63,0.82,342,0.3556
13629,Treino_2262,servicos,inbound,127,61399.89,0.416,188,0.3188
16654,Treino_2263,tecnologia,inbound,127,65222.48,0.76,324,0.652
19542,Treino_2264,industria,outbound,127,39898.84,0.755,380,0.3425
10602,Treino_2265,servicos,inbound,127,48112.45,0.915,460,0.6651
15656,Treino_2266,varejo,outbound,127,58314.12,0.887,424,0.99
14106,Treino_2267,tecnologia,inbound,127,51384.93,0.625,206,0.3493
18528,Treino_2268,varejo,inbound,127,35263.62,0.806,369,0.4509
19547,Treino_2269,saude,inbound,127,25150.99,0.251,287,0.5042
15074,Treino_2270,servicos,inbound,127,30665.04,0.588,366,0.7659
17452,Treino_2271,varejo,inbound,127,17925.19,0.444,17,0.3136
14354,Treino_2272,servicos,inbound,127,76416.55,0.905,81,0.5038
11605,Treino_2273,varejo,outbound,127,77576.48,0.44,60,0.4758
11420,Treino_2274,tecnologia,inbound,127,36388.39,0.772,118,0.2657
18738,Treino_2275,varejo,inbound,127,70582.06,0.079,16,0.1268
10521,Treino_2276,industria,inbound,127,82434.71,0.85,342,0.4852
11956,Treino_2277,servicos,outbound,127,52011.62,0.132,482,0.1414
12266,Treino_2278,servicos,outbound,127,13874.23,0.242,39,0.2367
14752,Treino_2279,varejo,inbound,127,59066.88,0.502,205,0.3497
19034,Treino_2280,industria,inbound,127,51401.39,1.0,63,0.7758
19171,Treino_2281,varejo,inbound,127,44587.05,0.72,462,0.4379
17870,Treino_2282,servicos,outbound,127,67212.82,0.513,268,0.5111
19833,Treino_2283,varejo,inbound,128,70881.42,0.191,375,0.196
14198,Treino_2284,tecnologia,inbound,128,45172.04,0.267,246,0.5616
10039,Treino_2285,saude,indicacao,128,64122.63,0.3,356,0.5799
18903,Treino_2286,tecnologia,inbound,128,72465.21,0.43,303,0.8226
16153,Treino_2287,varejo,inbound,128,69321.21,0.261,98,0.0737
18768,Treino_2288,servicos,outbound,128,67734.06,0.825,332,0.7156
15557,Treino_2289,saude,indicacao,128,30818.5,0.906,453,0.4392
14984,Treino_2290,servicos,outbound,128,48929.44,0.164,77,0.1586
13455,Treino_2291,industria,indicacao,128,38845.27,0.738,225,0.7138
13493,Treino_2292,servicos,inbound,128,37414.55,0.889,218,0.5223
11253,Treino_2293,servicos,inbound,128,41081.19,0.171,185,0.2325
14773,Treino_2294,varejo,outbound,128,17678.87,0.805,62,0.3775
17257,Treino_2295,servicos,inbound,128,52837.16,0.986,146,0.5598
14502,Treino_2296,saude,inbound,128,42646.41,0.391,246,0.4318
19141,Treino_2297,servicos,indicacao,128,57276.07,0.321,293,0.5678
12741,Treino_2298,industria,inbound,128,58992.25,0.294,50,0.7424
15252,Treino_2299,servicos,inbound,128,19859.99,0.396,377,0.5412
14753,Treino_2300,industria,outbound,129,74188.54,0.439,498,0.6993
18149,Treino_2301,saude,inbound,129,50580.51,0.633,386,0.2093
16688,Treino_2302,saude,inbound,129,57345.18,0.029,351,0.01
16738,Treino_2303,varejo,outbound,129,57058.43,0.835,376,0.6301
19858,Treino_2304,tecnologia,inbound,129,70255.87,0.148,19,0.3752
13249,Treino_2305,servicos,inbound,129,20952.47,0.569,319,0.3931
14009,Treino_2306,servicos,inbound,129,58939.81,0.193,420,0.5774
19742,Treino_2307,tecnologia,inbound,129,38695.63,0.902,430,0.7603
17238,Treino_2308,industria,indicacao,129,28782.89,0.183,234,0.1154
12759,Treino_2309,tecnologia,outbound,129,71110.67,0.025,222,0.1405
10353,Treino_2310,saude,outbound,129,30227.99,0.531,230,0.5583
11147,Treino_2311,tecnologia,inbound,129,49909.04,0.046,30,0.01
11143,Treino_2312,tecnologia,indicacao,129,44658.75,0.578,487,0.5454
13744,Treino_2313,saude,inbound,129,43711.37,0.913,21,0.1199
13333,Treino_2314,varejo,outbound,129,67247.6,0.091,314,0.5193
15319,Treino_2315,varejo,indicacao,130,45389.71,0.326,57,0.1734
15787,Treino_2316,industria,indicacao,130,41733.53,0.572,352,0.0628
15092,Treino_2317,varejo,inbound,130,44046.5,0.722,137,0.391
13667,Treino_2318,industria,outbound,130,85761.37,0.69,8,0.6136
14092,Treino_2319,industria,outbound,130,44459.74,0.353,491,0.535
10034,Treino_2320,varejo,inbound,130,74197.26,0.296,156,0.6701
15751,Treino_2321,saude,inbound,130,82667.71,0.828,209,0.5974
12141,Treino_2322,varejo,indicacao,130,68061.89,0.273,339,0.3173
16494,Treino_2323,tecnologia,indicacao,130,5000.0,0.807,338,0.2277
16827,Treino_2324,servicos,inbound,130,74362.24,0.67,255,0.415
16813,Treino_2325,saude,outbound,130,42152.03,0.725,475,0.6452
18021,Treino_2326,saude,indicacao,130,28340.21,0.234,306,0.1744
16552,Treino_2327,industria,inbound,130,42259.87,0.777,83,0.3842
18229,Treino_2328,servicos,outbound,130,73490.52,0.437,124,0.6176
19259,Treino_2329,saude,outbound,130,35213.38,0.48,6,0.2009
12849,Treino_2330,saude,inbound,131,73922.23,0.856,165,0.8785
13429,Treino_2331,servicos,inbound,131,41346.24,0.138,243,0.01
15107,Treino_2332,tecnologia,inbound,131,21439.79,0.865,495,0.6411
15120,Treino_2333,servicos,outbound,131,48189.21,0.462,402,0.61
17314,Treino_2334,industria,outbound,131,59011.39,0.431,47,0.3465
19413,Treino_2335,industria,inbound,131,58543.63,0.992,91,0.55
10524,Treino_2336,saude,outbound,131,51692.94,0.68,174,0.3948
13328,Treino_2337,varejo,inbound,131,51996.84,0.798,448,0.9196
11074,Treino_2338,servicos,outbound,131,58449.48,0.451,160,0.415
13980,Treino_2339,servicos,inbound,131,32031.64,0.621,145,0.0612
18217,Treino_2340,industria,outbound,131,73702.41,0.701,37,0.67
16276,Treino_2341,servicos,inbound,131,33561.48,0.872,397,0.2292
18465,Treino_2342,servicos,indicacao,132,63689.01,0.795,5,0.4593
10847,Treino_2343,servicos,outbound,132,35704.23,0.455,212,0.3431
15746,Treino_2344,saude,inbound,132,41245.7,0.414,220,0.3774
11038,Treino_2345,servicos,indicacao,132,34570.53,0.218,305,0.3128
16413,Treino_2346,varejo,inbound,132,64467.27,0.449,11,0.0851
11798,Treino_2347,tecnologia,inbound,132,69390.97,0.204,474,0.2864
10245,Treino_2348,industria,inbound,132,47583.62,0.076,432,0.4164
11079,Treino_2349,servicos,outbound,132,12850.52,0.305,33,0.3257
11088,Treino_2350,saude,inbound,132,50627.14,0.042,18,0.3446
18871,Treino_2351,saude,outbound,132,49227.71,0.24,251,0.204
15113,Treino_2352,tecnologia,inbound,132,66952.49,0.058,336,0.2967
12043,Treino_2353,servicos,inbound,132,40010.67,0.446,426,0.7048
11968,Treino_2354,varejo,inbound,132,33648.25,0.853,343,0.8641
14719,Treino_2355,saude,inbound,132,66179.88,0.438,384,0.4568
17199,Treino_2356,varejo,indicacao,132,41836.56,0.01,398,0.5994
11488,Treino_2357,servicos,outbound,132,45842.19,0.366,76,0.1219
15852,Treino_2358,industria,outbound,132,44564.07,0.645,386,0.5548
15820,Treino_2359,servicos,indicacao,132,52208.68,0.187,307,0.1272
15841,Treino_2360,industria,inbound,132,42357.07,0.056,265,0.01
10185,Treino_2361,varejo,outbound,133,46940.23,0.744,206,0.5964
14014,Treino_2362,industria,outbound,133,51947.84,0.828,322,0.3792
17450,Treino_2363,saude,outbound,133,59804.52,0.721,55,0.2184
14573,Treino_2364,industria,outbound,133,58993.03,0.442,66,0.4693
13799,Treino_2365,tecnologia,outbound,133,78361.21,0.513,487,0.6702
11663,Treino_2366,industria,inbound,133,66695.48,0.944,438,0.4185
13481,Treino_2367,tecnologia,outbound,133,8559.76,0.325,262,0.1829
11655,Treino_2368,industria,outbound,133,53314.33,0.696,241,0.3795
11067,Treino_2369,tecnologia,outbound,133,60423.2,0.408,431,0.7073
16575,Treino_2370,tecnologia,indicacao,133,64351.66,0.802,479,0.7501
17432,Treino_2371,tecnologia,inbound,133,60976.86,0.037,319,0.1898
18734,Treino_2372,servicos,indicacao,133,67874.43,0.713,233,0.5349
17698,Treino_2373,tecnologia,outbound,133,46627.71,0.387,276,0.0662
14137,Treino_2374,saude,outbound,133,45558.92,0.825,82,0.3585
14856,Treino_2375,varejo,inbound,133,26948.92,0.213,114,0.3424
19986,Treino_2376,industria,inbound,133,74463.25,0.449,316,0.4405
11588,Treino_2377,saude,outbound,133,28713.11,0.878,253,0.627
14682,Treino_2378,industria,inbound,133,28163.91,0.671,25,0.2209
16039,Treino_2379,servicos,inbound,133,68595.95,0.964,142,0.5991
10517,Treino_2380,industria,inbound,133,73203.03,0.548,115,0.5894
17443,Treino_2381,servicos,outbound,134,42870.02,0.742,322,0.4927
15315,Treino_2382,saude,outbound,134,43313.28,0.295,360,0.2563
19557,Treino_2383,industria,inbound,134,27932.1,0.768,337,0.6257
11214,Treino_2384,industria,inbound,134,56019.11,0.782,272,0.4694
12340,Treino_2385,servicos,indicacao,134,52502.66,0.293,20,0.349
14720,Treino_2386,tecnologia,inbound,134,47348.95,0.279,111,0.3375
11231,Treino_2387,varejo,inbound,134,52101.26,0.379,57,0.1477
13572,Treino_2388,servicos,outbound,134,95912.09,0.636,456,0.8876
10933,Treino_2389,tecnologia,outbound,134,57735.46,0.115,428,0.6444
19953,Treino_2390,tecnologia,inbound,134,58347.35,0.873,83,0.5316
16660,Treino_2391,servicos,indicacao,134,23325.53,0.509,492,0.3855
15311,Treino_2392,servicos,inbound,134,71325.49,0.878,54,0.7582
16355,Treino_2393,tecnologia,outbound,134,43293.87,0.377,205,0.1324
12565,Treino_2394,saude,outbound,134,30986.06,0.086,307,0.2332
17364,Treino_2395,servicos,inbound,134,29168.79,0.807,173,0.4608
16258,Treino_2396,tecnologia,inbound,134,59500.24,0.559,161,0.1449
10512,Treino_2397,varejo,indicacao,134,58413.01,0.663,32,0.2245
10144,Treino_2398,tecnologia,inbound,134,63959.25,0.709,366,0.118
13349,Treino_2399,tecnologia,outbound,135,56297.93,0.926,104,0.9362
19938,Treino_2400,tecnologia,inbound,135,48047.32,0.543,9,0.5234
13954,Treino_2401,saude,inbound,135,13238.04,0.407,19,0.3726
11167,Treino_2402,industria,inbound,135,36327.44,0.077,456,0.4813
14699,Treino_2403,industria,outbound,135,15917.34,0.697,246,0.01
17352,Treino_2404,saude,inbound,135,55589.51,0.58,277,0.5638
12807,Treino_2405,varejo,inbound,135,65748.85,0.283,46,0.3488
10452,Treino_2406,saude,inbound,135,57707.91,0.472,383,0.7177
18476,Treino_2407,saude,indicacao,135,59817.68,0.793,449,0.754
15039,Treino_2408,tecnologia,inbound,135,73142.3,0.025,355,0.6142
19733,Treino_2409,servicos,outbound,135,12009.59,0.013,197,0.01
10103,Treino_2410,varejo,outbound,135,61245.1,0.526,109,0.2562
17202,Treino_2411,varejo,inbound,135,71738.71,0.998,378,0.228
15849,Treino_2412,servicos,outbound,135,68396.81,0.324,351,0.4759
18831,Treino_2413,tecnologia,inbound,135,40313.62,0.447,302,0.4949
17954,Treino_2414,servicos,outbound,135,65252.43,0.032,497,0.1374
13957,Treino_2415,tecnologia,inbound,136,75957.39,0.555,289,0.6923
13281,Treino_2416,industria,inbound,136,94924.76,0.175,47,0.6277
17646,Treino_2417,varejo,outbound,136,82426.58,0.506,180,0.6015
13748,Treino_2418,tecnologia,inbound,136,61720.04,0.231,432,0.7657
18297,Treino_2419,industria,inbound,136,55624.65,0.752,5,0.3353
13885,Treino_2420,saude,inbound,136,58003.4,0.753,199,0.6526
17818,Treino_2421,tecnologia,outbound,136,86895.31,0.944,172,0.6721
18713,Treino_2422,industria,indicacao,136,26671.98,0.472,356,0.5909
10497,Treino_2423,tecnologia,inbound,136,54872.42,0.582,45,0.4472
17253,Treino_2424,saude,inbound,136,60416.81,0.115,461,0.4707
11304,Treino_2425,servicos,outbound,136,64049.25,0.275,154,0.5668
13525,Treino_2426,tecnologia,outbound,136,44264.86,0.247,371,0.3093
16144,Treino_2427,varejo,inbound,136,36456.29,0.633,456,0.6792
15412,Treino_2428,tecnologia,inbound,136,20204.14,0.572,192,0.2787
11802,Treino_2429,saude,inbound,137,42189.28,0.36,156,0.5149
19253,Treino_2430,industria,indicacao,137,40173.78,0.052,387,0.4421
11276,Treino_2431,saude,inbound,137,63786.63,0.152,263,0.3176
10849,Treino_2432,tecnologia,inbound,137,23557.12,0.634,338,0.2975
15920,Treino_2433,industria,indicacao,137,28473.98,0.455,344,0.4997
17946,Treino_2434,saude,inbound,137,29974.46,0.372,466,0.2635
10681,Treino_2435,tecnologia,inbound,137,47370.31,0.164,338,0.8808
14670,Treino_2436,tecnologia,indicacao,137,52168.04,0.201,28,0.1789
11738,Treino_2437,saude,inbound,137,40966.16,0.674,336,0.5654
16272,Treino_2438,varejo,outbound,137,22429.14,0.163,441,0.1688
12768,Treino_2439,servicos,outbound,137,80134.35,0.744,444,0.9409
12170,Treino_2440,servicos,indicacao,137,14814.1,0.766,25,0.1176
17493,Treino_2441,tecnologia,inbound,137,55254.05,0.062,423,0.4192
14205,Treino_2442,tecnologia,inbound,137,52323.67,0.945,201,0.8036
14337,Treino_2443,saude,outbound,137,64958.89,0.981,142,0.5094
15863,Treino_2444,servicos,inbound,138,60393.72,0.049,128,0.0969
16604,Treino_2445,servicos,outbound,138,52955.25,0.363,426,0.4899
14281,Treino_2446,saude,indicacao,138,46680.83,0.214,479,0.2543
16590,Treino_2447,varejo,outbound,138,24355.95,0.704,124,0.4382
16888,Treino_2448,servicos,inbound,138,79824.9,0.555,406,0.3679
14741,Treino_2449,varejo,outbound,138,22627.01,0.093,30,0.0201
15901,Treino_2450,saude,inbound,138,70555.5,0.946,432,0.7645
19761,Treino_2451,industria,inbound,138,75090.24,0.446,93,0.4931
19746,Treino_2452,industria,inbound,138,10299.58,0.624,11,0.1988
15806,Treino_2453,varejo,inbound,138,57644.41,0.302,64,0.3062
11630,Treino_2454,saude,inbound,138,67737.5,0.336,368,0.6725
17019,Treino_2455,saude,outbound,138,44745.2,0.877,271,0.4137
13104,Treino_2456,servicos,outbound,138,46386.04,0.236,30,0.0595
17213,Treino_2457,industria,outbound,138,54680.44,0.027,18,0.01
13282,Treino_2458,tecnologia,inbound,138,43102.01,0.013,146,0.1742
19148,Treino_2459,varejo,inbound,138,62045.18,0.913,301,0.3871
15718,Treino_2460,varejo,inbound,138,67911.64,0.95,364,0.99
10686,Treino_2461,varejo,inbound,138,41097.32,0.803,293,0.641
18342,Treino_2462,saude,inbound,138,37306.63,0.123,279,0.3331
10446,Treino_2463,saude,outbound,138,60252.02,0.613,76,0.4769
19466,Treino_2464,servicos,outbound,138,29572.21,0.954,328,0.7291
18866,Treino_2465,tecnologia,inbound,138,12657.26,0.154,267,0.2589
15307,Treino_2466,industria,inbound,139,29598.47,0.296,447,0.5904
12570,Treino_2467,saude,indicacao,139,74047.21,0.284,14,0.4983
11608,Treino_2468,servicos,inbound,139,9551.56,0.692,412,0.5629
13433,Treino_2469,tecnologia,inbound,139,49867.46,0.973,466,0.5087
15749,Treino_2470,saude,inbound,139,56152.2,0.405,407,0.3898
15891,Treino_2471,industria,inbound,139,52530.84,0.269,483,0.4769
10807,Treino_2472,servicos,inbound,139,84739.36,0.79,271,0.99
17042,Treino_2473,varejo,inbound,139,53439.72,0.604,133,0.2418
12935,Treino_2474,tecnologia,indicacao,139,54641.11,0.939,429,0.7488
12977,Treino_2475,saude,inbound,139,14139.92,0.451,414,0.439
11636,Treino_2476,servicos,inbound,139,90315.72,0.965,464,0.99
17419,Treino_2477,tecnologia,inbound,139,22223.4,0.96,91,0.4022
17571,Treino_2478,varejo,indicacao,139,65774.62,0.726,93,0.8939
19771,Treino_2479,saude,outbound,139,76992.9,0.061,408,0.2903
16227,Treino_2480,tecnologia,indicacao,139,45843.08,0.878,38,0.4566
18370,Treino_2481,industria,outbound,139,91136.48,0.381,402,0.3221
10160,Treino_2482,varejo,inbound,139,46099.18,0.739,62,0.1936
14035,Treino_2483,servicos,inbound,140,52863.4,0.465,236,0.2652
14610,Treino_2484,varejo,inbound,140,32415.69,0.771,444,0.5627
17877,Treino_2485,saude,indicacao,140,57980.64,0.438,302,0.6288
10468,Treino_2486,varejo,outbound,140,53701.66,0.85,238,0.69
13628,Treino_2487,industria,inbound,140,59072.16,0.298,110,0.0729
12511,Treino_2488,industria,indicacao,140,44463.87,0.975,193,0.6045
10298,Treino_2489,varejo,outbound,140,67747.02,0.011,289,0.3765
19615,Treino_2490,varejo,inbound,140,90044.8,0.504,247,0.6234
16996,Treino_2491,saude,inbound,140,39314.5,0.951,128,0.4975
11412,Treino_2492,tecnologia,inbound,140,60505.31,0.595,230,0.6547
16214,Treino_2493,tecnologia,inbound,140,46293.68,0.422,478,0.6759
11408,Treino_2494,varejo,inbound,140,63142.56,0.574,388,0.8359
15272,Treino_2495,varejo,inbound,140,69361.49,0.013,31,0.3096
18211,Treino_2496,saude,outbound,140,107517.38,0.007,231,0.5826
12788,Treino_2497,varejo,inbound,140,72678.88,0.022,361,0.7045
12403,Treino_2498,tecnologia,outbound,140,35791.4,0.379,303,0.1066
17514,Treino_2499,varejo,inbound,140,52187.37,0.017,23,0.3071
11226,Treino_2500,varejo,inbound,140,44741.7,0.339,70,0.1649
11301,Treino_2501,varejo,inbound,140,36065.65,0.536,184,0.3075
11613,Treino_2502,tecnologia,inbound,141,36898.51,0.274,94,0.01
11950,Treino_2503,varejo,outbound,141,60740.08,0.356,470,0.3362
11962,Treino_2504,tecnologia,inbound,141,30666.61,0.051,117,0.2587
19860,Treino_2505,tecnologia,inbound,141,30882.79,0.639,449,0.8388
11508,Treino_2506,saude,inbound,141,44896.87,0.214,143,0.2401
19690,Treino_2507,industria,outbound,141,49263.14,0.736,312,0.455
18870,Treino_2508,servicos,inbound,141,66657.64,0.028,469,0.4885
19113,Treino_2509,varejo,inbound,141,53755.3,0.884,285,0.7829
10539,Treino_2510,industria,inbound,141,35554.19,0.209,82,0.2225
12591,Treino_2511,tecnologia,inbound,141,57637.7,0.21,464,0.498
14027,Treino_2512,varejo,inbound,141,51389.21,0.633,355,0.5661
17466,Treino_2513,varejo,inbound,141,43701.58,0.207,479,0.1236
14769,Treino_2514,servicos,outbound,141,57167.33,0.617,286,0.4065
17637,Treino_2515,varejo,outbound,141,56656.72,0.715,448,0.6613
13279,Treino_2516,servicos,outbound,141,63273.03,0.566,263,0.4866
11544,Treino_2517,servicos,inbound,141,44741.7,0.227,169,0.2096
19420,Treino_2518,tecnologia,indicacao,141,49328.14,0.184,161,0.4013
18279,Treino_2519,servicos,outbound,141,55444.34,0.675,399,0.8058
13573,Treino_2520,saude,outbound,141,26238.8,0.476,128,0.3336
10826,Treino_2521,varejo,inbound,141,33469.42,0.06,291,0.3895
19401,Treino_2522,varejo,indicacao,141,47092.73,0.689,103,0.5374
12127,Treino_2523,servicos,outbound,141,42840.6,0.404,210,0.8871
17442,Treino_2524,saude,outbound,142,62135.65,0.506,93,0.3707
19697,Treino_2525,varejo,indicacao,142,45238.0,0.027,82,0.0806
17967,Treino_2526,saude,outbound,142,34896.63,0.499,272,0.1554
16488,Treino_2527,servicos,outbound,142,5000.0,0.485,9,0.01
11659,Treino_2528,saude,outbound,142,44767.18,0.448,41,0.0271
17786,Treino_2529,saude,inbound,142,41549.65,0.978,458,0.7438
18875,Treino_2530,varejo,inbound,142,25735.56,0.361,456,0.6902
17518,Treino_2531,saude,inbound,142,49163.59,0.696,462,0.6838
12112,Treino_2532,servicos,inbound,142,46984.18,0.196,319,0.3901
15930,Treino_2533,saude,indicacao,142,57434.68,0.058,496,0.6383
14010,Treino_2534,varejo,inbound,142,63229.31,0.608,446,0.703
15218,Treino_2535,tecnologia,indicacao,142,81341.21,0.258,493,0.4143
11894,Treino_2536,servicos,inbound,142,44269.72,0.078,10,0.0864
14238,Treino_2537,saude,outbound,142,69022.84,0.466,146,0.4169
15071,Treino_2538,varejo,inbound,142,52495.73,0.696,203,0.4984
18253,Treino_2539,servicos,indicacao,142,52034.65,0.021,187,0.4696
13774,Treino_2540,servicos,inbound,142,35525.67,0.259,69,0.3198
15482,Treino_2541,servicos,inbound,142,75772.69,0.428,390,0.8672
11224,Treino_2542,servicos,inbound,142,43373.98,0.833,7,0.3042
10921,Treino_2543,industria,outbound,142,47896.66,0.672,399,0.8862
18852,Treino_2544,varejo,indicacao,142,22222.02,0.655,244,0.6849
16945,Treino_2545,saude,inbound,142,63416.62,0.843,75,0.5594
11136,Treino_2546,servicos,outbound,142,37959.91,0.628,55,0.3974
16779,Treino_2547,saude,inbound,142,58657.71,0.416,161,0.5528
15093,Treino_2548,varejo,inbound,142,46635.64,0.897,223,0.5941
19260,Treino_2549,industria,indicacao,143,67358.47,0.418,168,0.624
15603,Treino_2550,varejo,inbound,143,61580.15,0.033,333,0.4069
16448,Treino_2551,servicos,inbound,143,23540.39,0.326,51,0.2257
10228,Treino_2552,varejo,outbound,143,31765.57,0.304,422,0.3216
16678,Treino_2553,tecnologia,inbound,143,58323.99,0.056,38,0.2656
16304,Treino_2554,varejo,outbound,143,69230.27,0.579,63,0.2232
10978,Treino_2555,servicos,inbound,143,63710.83,0.785,246,0.5102
18029,Treino_2556,saude,inbound,143,59563.01,0.014,405,0.4601
12555,Treino_2557,industria,outbound,143,71407.17,0.655,109,0.5022
17859,Treino_2558,servicos,inbound,143,55949.42,0.47,137,0.2182
18062,Treino_2559,varejo,inbound,143,62253.46,0.508,408,0.2052
16847,Treino_2560,varejo,outbound,143,49345.87,0.85,315,0.5039
16264,Treino_2561,saude,inbound,143,66320.19,0.712,242,0.5898
10096,Treino_2562,tecnologia,inbound,143,43824.56,0.878,179,0.3857
18301,Treino_2563,tecnologia,inbound,143,61821.89,0.328,139,0.3585
11906,Treino_2564,varejo,inbound,143,65193.65,0.023,221,0.4098
18684,Treino_2565,saude,inbound,143,76478.4,0.484,250,0.8081
14297,Treino_2566,servicos,inbound,143,39022.03,0.283,314,0.4192
13827,Treino_2567,saude,inbound,144,34426.14,0.324,105,0.3963
11922,Treino_2568,industria,outbound,144,51881.04,0.689,300,0.5838
19698,Treino_2569,saude,inbound,144,46553.8,0.343,87,0.1699
18378,Treino_2570,varejo,inbound,144,41346.71,0.892,445,0.9831
16410,Treino_2571,varejo,inbound,144,81048.17,0.241,322,0.4935
15985,Treino_2572,varejo,inbound,144,61592.97,0.551,461,0.6792
13762,Treino_2573,saude,inbound,144,64946.59,0.12,129,0.3747
18912,Treino_2574,saude,outbound,144,85658.37,0.808,329,0.7787
14011,Treino_2575,industria,inbound,144,37416.7,0.253,287,0.0487
15215,Treino_2576,saude,inbound,144,51169.3,0.676,437,0.8456
12965,Treino_2577,varejo,outbound,144,58886.81,0.849,193,0.3932
19645,Treino_2578,servicos,inbound,144,62390.0,0.798,340,0.508
13091,Treino_2579,saude,indicacao,145,5919.2,0.68,461,0.57
19326,Treino_2580,varejo,inbound,145,74940.24,0.821,444,0.99
13005,Treino_2581,servicos,inbound,145,76985.3,0.073,375,0.4571
15174,Treino_2582,varejo,inbound,145,62057.23,0.912,327,0.6527
14170,Treino_2583,saude,indicacao,145,49957.77,0.064,280,0.2177
14268,Treino_2584,saude,inbound,145,31227.88,0.701,484,0.3606
13717,Treino_2585,varejo,inbound,145,34635.87,0.478,462,0.9017
16501,Treino_2586,varejo,outbound,145,63364.73,0.885,96,0.6127
15059,Treino_2587,industria,inbound,145,67531.02,0.854,105,0.3516
16085,Treino_2588,varejo,outbound,145,76988.6,0.972,214,0.8131
10554,Treino_2589,tecnologia,outbound,145,69187.15,0.29,227,0.5238
19119,Treino_2590,varejo,inbound,145,24695.86,0.575,453,0.6913
18735,Treino_2591,varejo,inbound,145,43392.91,0.751,228,0.6456
16504,Treino_2592,varejo,outbound,145,75887.45,0.501,228,0.3392
10604,Treino_2593,servicos,indicacao,145,58203.64,0.016,141,0.2425
10484,Treino_2594,tecnologia,outbound,145,24394.44,0.59,110,0.2005
18840,Treino_2595,servicos,outbound,145,53742.63,0.197,224,0.3658
19385,Treino_2596,industria,outbound,145,79241.89,0.673,319,0.4272
12529,Treino_2597,saude,inbound,146,30816.5,0.517,18,0.478
16826,Treino_2598,industria,inbound,146,21581.77,0.715,461,0.6382
13793,Treino_2599,varejo,inbound,146,57147.37,0.736,409,0.6919
18410,Treino_2600,tecnologia,inbound,146,46891.21,0.902,304,0.7188
18477,Treino_2601,saude,inbound,146,74526.72,0.696,19,0.6243
10938,Treino_2602,tecnologia,outbound,146,56265.3,0.34,106,0.3916
15355,Treino_2603,industria,inbound,146,38982.98,0.459,330,0.2745
10142,Treino_2604,servicos,inbound,146,64234.99,0.744,258,0.7031
14651,Treino_2605,tecnologia,inbound,146,45985.3,0.239,351,0.4043
18983,Treino_2606,varejo,inbound,146,86634.91,0.306,43,0.3931
10647,Treino_2607,industria,inbound,146,70833.28,0.91,110,0.3159
13599,Treino_2608,varejo,indicacao,146,25909.0,0.542,175,0.165
19028,Treino_2609,saude,outbound,146,70175.76,0.444,89,0.5138
17609,Treino_2610,saude,indicacao,147,24287.14,0.539,84,0.1971
17530,Treino_2611,industria,inbound,147,56364.47,0.375,495,0.6842
13172,Treino_2612,industria,inbound,147,44122.38,0.414,384,0.4469
19663,Treino_2613,tecnologia,outbound,147,36510.86,0.053,287,0.5349
16049,Treino_2614,saude,outbound,147,39910.55,0.161,113,0.422
17510,Treino_2615,varejo,outbound,147,34481.81,0.464,104,0.1066
17301,Treino_2616,saude,inbound,147,42973.53,0.32,394,0.3
18107,Treino_2617,tecnologia,inbound,147,45515.87,0.66,153,0.6423
10774,Treino_2618,servicos,outbound,147,23072.16,0.007,440,0.3736
13853,Treino_2619,varejo,inbound,147,40061.95,0.701,444,0.6991
15900,Treino_2620,varejo,inbound,147,75478.24,0.014,468,0.5532
13466,Treino_2621,industria,outbound,147,32951.16,0.188,15,0.1023
18467,Treino_2622,tecnologia,indicacao,147,66614.96,0.515,427,0.6919
12074,Treino_2623,industria,inbound,147,36342.3,0.81,446,0.9886
18692,Treino_2624,tecnologia,inbound,147,78478.8,0.391,379,0.4554
14642,Treino_2625,varejo,inbound,147,37596.95,0.017,247,0.0712
10485,Treino_2626,tecnologia,inbound,147,63504.07,0.707,490,0.8657
12812,Treino_2627,industria,inbound,147,49397.83,0.807,118,0.5357
17459,Treino_2628,servicos,indicacao,148,47807.75,0.436,196,0.2814
12893,Treino_2629,tecnologia,indicacao,148,30306.26,0.994,475,0.6901
13105,Treino_2630,saude,inbound,148,23432.66,0.767,303,0.7958
16532,Treino_2631,varejo,indicacao,148,40819.95,0.185,382,0.3109
13759,Treino_2632,saude,outbound,148,65175.58,0.36,352,0.5754
19247,Treino_2633,varejo,inbound,148,51530.75,0.852,293,0.7541
13723,Treino_2634,saude,inbound,148,25611.9,0.641,380,0.668
16523,Treino_2635,industria,indicacao,148,27673.47,0.449,316,0.0591
12855,Treino_2636,saude,outbound,148,62511.23,0.955,302,0.6668
15694,Treino_2637,servicos,inbound,148,46101.71,0.139,458,0.3484
11197,Treino_2638,varejo,inbound,148,6670.46,0.408,92,0.3792
17099,Treino_2639,industria,inbound,148,30187.83,0.021,344,0.3675
13210,Treino_2640,industria,inbound,149,38189.59,0.756,499,0.6144
15929,Treino_2641,tecnologia,outbound,149,65488.24,0.983,22,0.6413
10187,Treino_2642,varejo,outbound,149,65495.3,0.607,230,0.6648
10455,Treino_2643,servicos,outbound,149,59078.63,0.97,498,0.5908
15445,Treino_2644,industria,inbound,149,25263.66,0.59,244,0.459
17860,Treino_2645,servicos,inbound,149,29883.35,0.846,305,0.4955
16164,Treino_2646,industria,outbound,149,36900.28,0.24,194,0.01
13654,Treino_2647,saude,outbound,149,71978.81,0.04,443,0.7238
13467,Treino_2648,tecnologia,outbound,149,70084.21,0.409,284,0.868
16146,Treino_2649,varejo,inbound,149,54961.1,0.106,126,0.3072
15881,Treino_2650,saude,outbound,149,59384.02,0.094,380,0.2945
16674,Treino_2651,varejo,inbound,149,55766.97,0.534,357,0.4793
18153,Treino_2652,saude,outbound,149,48760.0,0.062,117,0.1744
18128,Treino_2653,tecnologia,inbound,149,55068.17,0.673,135,0.4551
13394,Treino_2654,servicos,indicacao,149,49856.17,0.179,28,0.01
15328,Treino_2655,industria,indicacao,149,92596.82,0.839,337,0.7394
18803,Treino_2656,tecnologia,inbound,149,50593.98,0.582,337,0.4701
12896,Treino_2657,industria,inbound,149,44802.67,0.319,297,0.8165
10913,Treino_2658,tecnologia,inbound,150,28985.98,0.192,186,0.5143
12094,Treino_2659,industria,indicacao,150,71344.12,0.344,407,0.4743
13794,Treino_2660,industria,inbound,150,27016.66,0.56,430,0.6537
17556,Treino_2661,industria,inbound,150,72958.53,0.738,413,0.4692
11227,Treino_2662,saude,inbound,150,24315.44,0.467,296,0.0288
18740,Treino_2663,saude,inbound,150,31771.63,0.012,385,0.1824
10180,Treino_2664,industria,outbound,150,67397.2,0.983,156,0.4997
14736,Treino_2665,varejo,outbound,150,58282.79,0.151,286,0.6281
15821,Treino_2666,servicos,inbound,150,47614.54,0.283,60,0.377
12808,Treino_2667,industria,outbound,150,54968.48,0.228,151,0.1882
14495,Treino_2668,tecnologia,inbound,150,69841.51,0.074,276,0.3787
19810,Treino_2669,industria,inbound,150,33338.73,0.145,153,0.2626
14955,Treino_2670,saude,inbound,150,69145.75,0.596,86,0.47
14389,Treino_2671,industria,outbound,150,50975.5,0.031,352,0.634
18225,Treino_2672,servicos,outbound,150,30458.13,0.569,315,0.5647
19258,Treino_2673,varejo,outbound,150,46476.39,0.928,321,0.555
15559,Treino_2674,varejo,inbound,150,24268.81,0.729,259,0.2321
19267,Treino_2675,saude,inbound,150,58859.21,0.232,423,0.5745
10035,Treino_2676,varejo,inbound,150,61781.69,0.542,198,0.5088
14154,Treino_2677,saude,outbound,150,94508.33,0.719,157,0.9134
15342,Treino_2678,saude,inbound,150,59276.93,0.898,50,0.6595
15936,Treino_2679,varejo,inbound,150,92307.0,0.141,440,0.4394
10853,Treino_2680,servicos,outbound,150,61745.78,0.852,57,0.4554
10148,Treino_2681,saude,outbound,150,43180.36,0.263,251,0.5222
12960,Treino_2682,varejo,inbound,151,87070.2,0.029,62,0.0479
18860,Treino_2683,saude,outbound,151,20242.09,0.854,357,0.3995
10342,Treino_2684,servicos,inbound,151,80029.73,0.331,77,0.6875
16239,Treino_2685,servicos,indicacao,151,47317.16,0.743,170,0.4525
13703,Treino_2686,saude,inbound,151,45086.99,0.921,196,0.4185
10542,Treino_2687,saude,inbound,151,20309.0,0.209,426,0.2135
14248,Treino_2688,saude,outbound,151,32908.81,0.377,374,0.7479
10363,Treino_2689,tecnologia,outbound,151,42774.25,0.473,70,0.7217
12075,Treino_2690,industria,inbound,151,67645.57,0.096,287,0.7952
17811,Treino_2691,servicos,indicacao,151,45994.7,0.774,108,0.525
15004,Treino_2692,saude,inbound,151,38838.58,0.022,85,0.2681
17351,Treino_2693,servicos,inbound,151,29243.65,0.247,306,0.3544
14565,Treino_2694,saude,outbound,151,80982.23,0.533,134,0.1634
15504,Treino_2695,tecnologia,inbound,151,13713.56,0.158,333,0.1847
15873,Treino_2696,saude,inbound,151,49492.25,0.746,181,0.5136
15612,Treino_2697,varejo,inbound,151,44829.22,0.67,406,0.4606
16175,Treino_2698,tecnologia,indicacao,151,39827.09,0.932,348,0.4529
10527,Treino_2699,saude,outbound,151,16721.8,0.079,157,0.01
15068,Treino_2700,varejo,inbound,151,24914.66,0.059,349,0.1612
10641,Treino_2701,saude,indicacao,151,34191.8,0.23,298,0.2649
19464,Treino_2702,tecnologia,indicacao,152,35493.38,0.877,220,0.5519
10326,Treino_2703,tecnologia,outbound,152,39883.04,0.162,169,0.128
18629,Treino_2704,servicos,inbound,152,27138.5,0.023,5,0.23
19452,Treino_2705,servicos,inbound,152,34701.89,0.177,415,0.49
16959,Treino_2706,varejo,outbound,152,74580.33,0.673,407,0.7244
10515,Treino_2707,servicos,inbound,152,54997.37,0.768,357,0.675
10469,Treino_2708,servicos,inbound,152,58078.23,0.702,259,0.5243
12271,Treino_2709,industria,outbound,152,49108.88,0.643,200,0.7537
19448,Treino_2710,tecnologia,inbound,152,66420.71,0.186,35,0.2906
13491,Treino_2711,saude,indicacao,152,44128.64,0.455,92,0.5641
10163,Treino_2712,varejo,inbound,152,81448.22,0.71,231,0.6951
10544,Treino_2713,saude,outbound,152,93407.66,0.272,28,0.3247
15990,Treino_2714,servicos,inbound,152,81597.23,0.233,443,0.6294
14541,Treino_2715,varejo,inbound,152,67305.61,0.97,228,0.5059
15893,Treino_2716,saude,inbound,152,48026.08,0.957,201,0.5179
14656,Treino_2717,varejo,inbound,152,31708.79,0.407,82,0.3619
19970,Treino_2718,industria,outbound,152,37096.52,0.155,221,0.0951
17053,Treino_2719,varejo,inbound,152,37828.26,0.776,421,0.4228
12884,Treino_2720,industria,inbound,152,48393.75,0.814,274,0.4796
10589,Treino_2721,varejo,indicacao,152,44395.82,0.356,491,0.2206
15455,Treino_2722,tecnologia,indicacao,152,78400.85,0.677,290,0.6357
13387,Treino_2723,tecnologia,inbound,152,52143.73,0.243,9,0.1724
18824,Treino_2724,varejo,inbound,152,22226.56,0.755,461,0.745
16565,Treino_2725,tecnologia,inbound,152,36124.64,0.61,307,0.5898
16096,Treino_2726,servicos,outbound,152,72755.18,0.244,78,0.4633
18156,Treino_2727,servicos,inbound,152,80746.27,0.848,473,0.6137
12018,Treino_2728,saude,indicacao,152,51558.07,0.013,413,0.5253
19345,Treino_2729,servicos,outbound,152,30507.36,0.139,207,0.01
12491,Treino_2730,varejo,outbound,152,57009.36,0.266,315,0.349
11241,Treino_2731,saude,inbound,152,66031.24,0.009,338,0.8193
17103,Treino_2732,servicos,inbound,153,48355.27,0.81,106,0.8214
14235,Treino_2733,varejo,inbound,153,51175.95,0.474,327,0.0647
10229,Treino_2734,tecnologia,outbound,153,50701.32,0.705,74,0.4652
18282,Treino_2735,tecnologia,outbound,153,39565.68,0.915,379,0.5357
11947,Treino_2736,industria,outbound,153,70349.25,0.092,308,0.897
13119,Treino_2737,saude,inbound,153,43012.8,0.976,374,0.7469
19780,Treino_2738,tecnologia,inbound,153,55171.76,0.377,316,0.57
16433,Treino_2739,tecnologia,inbound,153,30255.11,0.321,455,0.5157
17903,Treino_2740,saude,inbound,153,33896.77,0.513,44,0.4711
11126,Treino_2741,tecnologia,inbound,153,65577.18,0.77,33,0.6417
10196,Treino_2742,tecnologia,outbound,153,16042.15,0.06,86,0.01
14086,Treino_2743,saude,outbound,153,60124.08,0.194,275,0.4457
19164,Treino_2744,servicos,indicacao,153,58469.78,0.424,446,0.3963
19966,Treino_2745,servicos,indicacao,153,65105.47,0.734,119,0.673
18672,Treino_2746,saude,outbound,153,76655.07,0.794,228,0.5342
18556,Treino_2747,varejo,inbound,153,56390.91,0.704,91,0.3869
16823,Treino_2748,servicos,inbound,153,75329.18,0.55,295,0.8172
11825,Treino_2749,industria,indicacao,153,67391.71,0.553,134,0.6608
15668,Treino_2750,saude,inbound,153,83634.03,0.14,144,0.0849
11006,Treino_2751,varejo,outbound,153,48414.8,0.485,430,0.6346
12103,Treino_2752,varejo,inbound,153,45414.03,0.871,179,0.412
13912,Treino_2753,varejo,inbound,153,54071.64,0.928,337,0.7409
11555,Treino_2754,tecnologia,outbound,153,71158.49,0.107,217,0.218
19170,Treino_2755,industria,inbound,153,22073.65,0.283,330,0.3918
16131,Treino_2756,tecnologia,inbound,154,41916.7,0.133,213,0.2226
13342,Treino_2757,tecnologia,indicacao,154,52894.92,0.815,33,0.7918
14348,Treino_2758,industria,indicacao,154,27769.73,0.014,432,0.4818
17387,Treino_2759,servicos,outbound,154,61217.68,0.364,457,0.8692
11449,Treino_2760,saude,inbound,154,43147.97,0.498,464,0.5361
14647,Treino_2761,saude,indicacao,154,49168.18,0.823,233,0.5151
18015,Treino_2762,servicos,inbound,154,54859.31,0.478,114,0.3825
12431,Treino_2763,varejo,inbound,154,43305.54,0.289,360,0.1575
15851,Treino_2764,saude,inbound,154,57820.22,0.338,391,0.8644
12352,Treino_2765,industria,inbound,154,67427.89,0.402,235,0.4077
18326,Treino_2766,industria,inbound,154,74855.93,0.315,248,0.8935
14813,Treino_2767,tecnologia,inbound,154,29847.31,0.431,277,0.6323
12871,Treino_2768,industria,outbound,154,66790.46,0.894,419,0.6798
13964,Treino_2769,servicos,inbound,154,43432.39,0.881,489,0.6745
19563,Treino_2770,servicos,outbound,154,22861.5,0.865,485,0.549
17797,Treino_2771,varejo,outbound,154,99209.33,0.777,487,0.534
17604,Treino_2772,tecnologia,inbound,155,70145.82,0.291,385,0.3954
16119,Treino_2773,industria,inbound,155,45839.98,0.937,220,0.7245
16597,Treino_2774,varejo,indicacao,155,55293.01,0.452,384,0.5883
12903,Treino_2775,varejo,outbound,155,75212.52,0.029,313,0.3919
15528,Treino_2776,tecnologia,outbound,155,60411.44,0.213,392,0.8218
17949,Treino_2777,varejo,inbound,155,67906.37,0.266,137,0.3718
12113,Treino_2778,industria,inbound,155,21185.66,0.36,286,0.4226
16012,Treino_2779,tecnologia,outbound,155,63818.04,0.202,72,0.2596
13865,Treino_2780,tecnologia,outbound,155,25714.81,0.02,114,0.2977
17528,Treino_2781,industria,indicacao,155,13174.05,0.41,304,0.3423
19593,Treino_2782,tecnologia,inbound,155,69039.89,0.58,205,0.5925
11750,Treino_2783,servicos,inbound,155,64755.94,0.347,359,0.2437
10360,Treino_2784,industria,indicacao,155,43642.41,0.068,23,0.2339
15948,Treino_2785,tecnologia,inbound,156,37353.49,0.05,333,0.5471
10376,Treino_2786,industria,indicacao,156,31249.72,0.582,210,0.2765
13852,Treino_2787,industria,inbound,156,97419.96,0.926,449,0.99
17396,Treino_2788,servicos,outbound,156,60873.32,0.034,436,0.379
18039,Treino_2789,tecnologia,outbound,156,63579.62,0.743,424,0.7285
10801,Treino_2790,saude,indicacao,156,57468.11,0.952,95,0.6275
18510,Treino_2791,tecnologia,outbound,156,58530.38,0.149,458,0.5966
17325,Treino_2792,tecnologia,indicacao,156,74178.9,0.141,485,0.6359
10659,Treino_2793,tecnologia,inbound,156,21041.74,0.389,412,0.6459
10569,Treino_2794,industria,inbound,156,55463.23,0.989,402,0.99
16057,Treino_2795,industria,inbound,156,59343.84,0.051,417,0.5396
18386,Treino_2796,saude,outbound,156,47983.27,0.786,342,0.6075
18763,Treino_2797,saude,inbound,156,67203.44,0.363,491,0.3806
16946,Treino_2798,saude,inbound,156,30964.53,0.754,343,0.3567
17655,Treino_2799,servicos,inbound,156,50123.49,0.74,365,0.7393
15143,Treino_2800,saude,inbound,156,41919.35,0.842,409,0.6946
11141,Treino_2801,saude,outbound,156,10819.87,0.6,54,0.0881
15962,Treino_2802,industria,inbound,157,85147.35,0.905,209,0.9362
10983,Treino_2803,servicos,outbound,157,37163.56,0.008,152,0.5205
19591,Treino_2804,saude,outbound,157,66596.97,0.138,450,0.721
14819,Treino_2805,servicos,outbound,157,64704.5,0.063,68,0.4126
15403,Treino_2806,saude,outbound,157,21049.06,0.809,131,0.4631
11522,Treino_2807,saude,outbound,157,83221.11,0.415,241,0.7242
10557,Treino_2808,tecnologia,outbound,157,31629.26,0.378,494,0.2514
12668,Treino_2809,saude,outbound,157,65000.36,0.629,260,0.5915
10780,Treino_2810,industria,indicacao,157,30790.84,0.325,154,0.1866
19594,Treino_2811,saude,inbound,157,59722.09,0.813,490,0.7416
17562,Treino_2812,tecnologia,inbound,157,49196.85,0.022,79,0.1963
10257,Treino_2813,servicos,inbound,157,17486.65,0.537,8,0.1684
10212,Treino_2814,servicos,outbound,157,46869.19,0.143,458,0.5727
15027,Treino_2815,industria,inbound,158,66986.29,0.562,120,0.249
12947,Treino_2816,servicos,inbound,158,11345.57,0.888,171,0.1094
16142,Treino_2817,saude,indicacao,158,67954.39,0.949,476,0.99
13400,Treino_2818,tecnologia,inbound,158,52679.41,0.033,297,0.3452
18027,Treino_2819,industria,inbound,158,50822.4,0.575,60,0.325
18166,Treino_2820,servicos,indicacao,158,65167.08,0.138,58,0.01
16569,Treino_2821,varejo,outbound,158,41458.9,0.861,317,0.2424
17097,Treino_2822,industria,inbound,158,64215.34,0.069,408,0.3983
13176,Treino_2823,industria,outbound,158,27360.58,0.949,481,0.5364
13513,Treino_2824,varejo,inbound,158,60897.11,0.465,62,0.01
16274,Treino_2825,saude,inbound,158,52204.14,0.573,169,0.5061
13049,Treino_2826,tecnologia,inbound,158,53394.65,0.401,288,0.369
11714,Treino_2827,tecnologia,inbound,158,39884.45,0.849,429,0.8175
16125,Treino_2828,saude,inbound,158,33046.25,0.368,239,0.5729
19610,Treino_2829,saude,outbound,158,51331.02,0.968,137,0.7947
15982,Treino_2830,varejo,inbound,158,51806.03,0.412,290,0.4217
15263,Treino_2831,servicos,outbound,158,69431.96,0.847,88,0.6283
18780,Treino_2832,saude,inbound,158,40959.27,0.298,232,0.1995
19327,Treino_2833,industria,inbound,158,31632.22,0.192,254,0.4897
12925,Treino_2834,servicos,indicacao,159,40152.64,0.911,136,0.5571
18080,Treino_2835,saude,outbound,159,67774.77,0.699,221,0.3911
15706,Treino_2836,servicos,inbound,159,35709.14,0.592,238,0.5366
17702,Treino_2837,tecnologia,inbound,159,30474.05,0.962,313,0.6093
19800,Treino_2838,saude,inbound,159,51568.96,0.083,409,0.108
15271,Treino_2839,saude,outbound,159,41666.8,0.884,298,0.6531
18178,Treino_2840,industria,inbound,159,71671.62,0.096,384,0.1953
11699,Treino_2841,servicos,inbound,159,49883.1,0.407,181,0.1301
18659,Treino_2842,saude,outbound,159,46715.67,0.729,412,0.9006
13292,Treino_2843,industria,outbound,159,51381.58,0.073,71,0.5536
12137,Treino_2844,saude,indicacao,159,39293.79,0.783,134,0.792
11969,Treino_2845,servicos,outbound,159,78925.83,0.865,47,0.6602
13866,Treino_2846,varejo,indicacao,159,34129.41,0.442,335,0.4327
17610,Treino_2847,varejo,outbound,159,39329.4,0.715,260,0.2519
14436,Treino_2848,industria,inbound,159,77037.08,0.479,48,0.4737
19209,Treino_2849,servicos,inbound,159,71255.35,0.127,75,0.3081
18996,Treino_2850,tecnologia,indicacao,159,50559.96,0.08,356,0.3536
14152,Treino_2851,servicos,inbound,159,58654.14,0.779,331,0.741
17356,Treino_2852,servicos,outbound,159,62768.97,0.605,273,0.6003
18237,Treino_2853,tecnologia,inbound,159,40259.85,0.449,20,0.2905
11246,Treino_2854,varejo,outbound,160,45929.01,0.399,13,0.3799
17773,Treino_2855,varejo,inbound,160,78336.43,0.474,104,0.6374
12291,Treino_2856,industria,outbound,160,89108.19,0.463,99,0.4448
11599,Treino_2857,varejo,outbound,160,60992.77,0.729,297,0.8551
18525,Treino_2858,industria,outbound,160,45901.73,0.483,155,0.3089
17187,Treino_2859,tecnologia,outbound,160,50101.3,0.74,271,0.5049
13341,Treino_2860,saude,inbound,160,53426.86,0.1,448,0.5114
13325,Treino_2861,industria,inbound,160,25518.78,0.592,37,0.2682
10520,Treino_2862,saude,outbound,160,61183.85,0.876,83,0.4972
12279,Treino_2863,industria,inbound,160,62523.71,0.712,88,0.6956
10404,Treino_2864,saude,indicacao,160,21749.44,0.139,114,0.1089
15609,Treino_2865,industria,inbound,160,16684.54,0.235,87,0.4306
17070,Treino_2866,servicos,outbound,160,76274.78,0.929,72,0.6087
12161,Treino_2867,varejo,inbound,160,5000.0,0.049,176,0.2822
16535,Treino_2868,saude,inbound,160,61839.34,0.004,487,0.3403
15729,Treino_2869,tecnologia,indicacao,160,65738.64,0.53,71,0.2354
16108,Treino_2870,servicos,indicacao,160,44210.62,0.637,267,0.3616
19968,Treino_2871,saude,outbound,160,74271.82,0.68,137,0.2382
15304,Treino_2872,industria,inbound,160,5000.0,0.229,284,0.3883
15969,Treino_2873,industria,inbound,160,71129.8,0.903,150,0.4624
12860,Treino_2874,tecnologia,inbound,161,62689.44,0.298,342,0.634
19614,Treino_2875,industria,outbound,161,46253.85,0.263,345,0.3644
10203,Treino_2876,servicos,indicacao,161,82076.54,0.751,260,0.6476
16481,Treino_2877,industria,outbound,161,43656.82,0.36,499,0.6592
19330,Treino_2878,saude,outbound,161,56927.19,0.474,82,0.3014
19575,Treino_2879,saude,outbound,161,61497.83,0.265,218,0.3724
11114,Treino_2880,saude,inbound,161,75277.69,0.925,198,0.806
19434,Treino_2881,tecnologia,indicacao,161,32067.81,0.716,6,0.3163
11397,Treino_2882,tecnologia,inbound,161,48435.69,0.135,128,0.1392
13589,Treino_2883,saude,inbound,161,47516.45,0.788,363,0.7605
11338,Treino_2884,industria,inbound,161,37955.64,0.912,56,0.5236
14067,Treino_2885,industria,inbound,161,45712.79,0.306,465,0.6366
13630,Treino_2886,varejo,inbound,161,38182.34,0.921,471,0.7649
15378,Treino_2887,saude,inbound,161,59815.35,0.121,99,0.2583
18188,Treino_2888,servicos,indicacao,161,42909.39,0.727,400,0.4734
14852,Treino_2889,servicos,inbound,161,60264.56,0.335,79,0.3851
17023,Treino_2890,servicos,outbound,161,44949.13,0.613,421,0.3743
14293,Treino_2891,industria,inbound,161,37175.09,0.395,132,0.2933
13560,Treino_2892,varejo,inbound,162,56165.16,0.437,94,0.3071
13505,Treino_2893,tecnologia,outbound,162,6709.78,0.081,342,0.1383
17680,Treino_2894,saude,outbound,162,39644.28,0.413,38,0.4224
15376,Treino_2895,varejo,inbound,162,52125.59,0.417,205,0.2673
16967,Treino_2896,tecnologia,inbound,162,23063.43,0.047,245,0.3995
15140,Treino_2897,industria,inbound,162,73888.59,0.309,40,0.3324
14878,Treino_2898,servicos,inbound,162,22941.61,1.0,79,0.3376
17290,Treino_2899,servicos,outbound,162,11138.05,0.531,296,0.4327
15214,Treino_2900,tecnologia,inbound,162,84638.86,0.712,268,0.6274
12776,Treino_2901,industria,inbound,162,65896.08,0.387,58,0.6429
13403,Treino_2902,tecnologia,inbound,162,43737.97,0.129,491,0.775
19908,Treino_2903,varejo,inbound,162,47450.17,0.231,225,0.3323
16895,Treino_2904,tecnologia,outbound,162,61984.09,0.787,457,0.38
13925,Treino_2905,servicos,inbound,163,69687.68,0.248,241,0.5654
11148,Treino_2906,industria,inbound,163,37008.26,0.89,415,0.6333
13679,Treino_2907,varejo,inbound,163,24029.06,0.104,372,0.1993
14323,Treino_2908,industria,inbound,163,66128.62,0.241,124,0.3888
13869,Treino_2909,industria,outbound,163,75631.04,0.722,292,0.7719
19069,Treino_2910,saude,indicacao,163,38276.43,0.242,127,0.6619
10731,Treino_2911,tecnologia,indicacao,163,30779.01,0.871,143,0.5419
16143,Treino_2912,tecnologia,inbound,163,50865.86,0.793,301,0.5708
15727,Treino_2913,tecnologia,inbound,163,65021.82,0.654,431,0.6395
11909,Treino_2914,saude,inbound,163,47266.77,0.855,426,0.8114
12070,Treino_2915,industria,indicacao,163,35033.95,0.957,194,0.6269
15774,Treino_2916,servicos,inbound,163,35495.07,0.584,420,0.4956
15551,Treino_2917,tecnologia,inbound,163,62920.08,0.839,247,0.6004
19277,Treino_2918,saude,outbound,163,55002.18,0.387,326,0.2523
11700,Treino_2919,saude,outbound,163,39793.87,0.82,485,0.3628
12845,Treino_2920,tecnologia,inbound,163,45039.45,0.297,399,0.502
16631,Treino_2921,servicos,inbound,163,62001.66,0.763,175,0.6419
16145,Treino_2922,industria,inbound,163,61589.92,0.473,360,0.6818
15115,Treino_2923,varejo,inbound,163,27969.77,0.317,131,0.1249
16267,Treino_2924,varejo,outbound,163,35278.3,0.855,408,0.7139
16651,Treino_2925,varejo,indicacao,163,49132.7,0.153,225,0.2237
15532,Treino_2926,industria,inbound,163,24310.99,0.013,266,0.2169
17534,Treino_2927,industria,indicacao,164,40793.17,0.079,497,0.2636
14365,Treino_2928,tecnologia,inbound,164,70301.13,0.895,94,0.3455
10206,Treino_2929,servicos,inbound,164,48201.39,0.783,493,0.99
13530,Treino_2930,tecnologia,inbound,164,76203.63,0.664,37,0.6706
10575,Treino_2931,saude,outbound,164,33820.36,0.993,471,0.6585
14414,Treino_2932,industria,inbound,164,59669.85,0.512,395,0.8938
15765,Treino_2933,saude,inbound,164,59258.63,0.449,311,0.1177
13032,Treino_2934,varejo,outbound,164,59281.25,0.154,98,0.5449
14207,Treino_2935,varejo,inbound,164,62881.22,0.434,122,0.4004
15983,Treino_2936,industria,outbound,164,47122.99,0.281,348,0.2861
10923,Treino_2937,industria,inbound,164,53043.31,0.63,117,0.4406
12374,Treino_2938,saude,inbound,164,63096.3,0.38,206,0.4994
11040,Treino_2939,varejo,inbound,164,55776.56,0.656,379,0.5468
17853,Treino_2940,tecnologia,indicacao,164,34062.0,0.105,54,0.01
12830,Treino_2941,varejo,inbound,164,37824.54,0.435,460,0.6434
11240,Treino_2942,saude,inbound,164,41747.64,0.045,52,0.01
12854,Treino_2943,servicos,inbound,164,70985.92,0.185,13,0.3309
15157,Treino_2944,saude,inbound,164,36106.22,0.775,440,0.7811
19478,Treino_2945,tecnologia,inbound,164,42378.44,0.289,150,0.0385
11248,Treino_2946,tecnologia,outbound,164,63627.45,0.856,499,0.736
17068,Treino_2947,saude,inbound,165,55715.27,0.497,460,0.635
17431,Treino_2948,saude,inbound,165,52035.57,0.917,80,0.5427
14006,Treino_2949,servicos,inbound,165,31387.81,0.363,378,0.3797
10674,Treino_2950,varejo,outbound,165,36612.19,0.052,322,0.3625
10337,Treino_2951,servicos,indicacao,165,34389.45,0.296,93,0.3855
16692,Treino_2952,varejo,indicacao,165,47614.82,0.262,51,0.2181
12986,Treino_2953,industria,inbound,165,35879.81,0.548,29,0.4479
11411,Treino_2954,industria,inbound,165,52718.04,0.788,308,0.4109
16209,Treino_2955,industria,outbound,165,72079.98,0.496,332,0.2916
10507,Treino_2956,tecnologia,inbound,165,53719.7,0.84,424,0.368
17192,Treino_2957,tecnologia,inbound,165,47266.55,0.655,116,0.575
17789,Treino_2958,saude,inbound,165,20446.55,0.288,428,0.5522
18573,Treino_2959,saude,outbound,165,79000.74,0.041,402,0.5886
18210,Treino_2960,varejo,inbound,165,66056.22,0.775,169,0.4732
14204,Treino_2961,varejo,inbound,165,16681.23,0.511,79,0.0673
11249,Treino_2962,servicos,indicacao,165,59990.99,0.672,349,0.6114
12542,Treino_2963,varejo,outbound,165,47419.73,0.781,336,0.2752
12946,Treino_2964,industria,outbound,165,84945.02,0.115,114,0.2986
14107,Treino_2965,tecnologia,outbound,166,23232.31,0.5,398,0.3361
18823,Treino_2966,saude,outbound,166,54774.15,0.77,55,0.2457
12911,Treino_2967,tecnologia,inbound,166,44973.34,0.743,499,0.6241
17734,Treino_2968,saude,indicacao,166,54901.79,0.351,34,0.2039
17827,Treino_2969,servicos,outbound,166,47198.66,0.581,494,0.4168
12578,Treino_2970,saude,outbound,166,52096.13,0.057,364,0.2794
12281,Treino_2971,varejo,inbound,166,26925.92,0.627,257,0.2431
17059,Treino_2972,tecnologia,inbound,166,25261.27,0.781,297,0.3341
16224,Treino_2973,servicos,outbound,166,53331.22,0.822,128,0.4042
16615,Treino_2974,servicos,outbound,166,81282.98,0.393,434,0.4367
12894,Treino_2975,saude,outbound,166,46771.48,0.611,422,0.404
16939,Treino_2976,tecnologia,outbound,167,12838.7,0.009,399,0.3234
17691,Treino_2977,industria,outbound,167,73888.68,0.579,333,0.3325
18798,Treino_2978,servicos,inbound,167,77114.48,0.073,484,0.4432
15469,Treino_2979,servicos,indicacao,167,39136.22,0.163,286,0.3081
12467,Treino_2980,tecnologia,indicacao,167,34307.57,0.872,132,0.4859
12307,Treino_2981,tecnologia,inbound,167,56920.61,0.308,351,0.6754
19029,Treino_2982,varejo,outbound,167,61113.75,0.978,312,0.7933
18819,Treino_2983,industria,indicacao,167,54818.48,0.854,332,0.5656
13072,Treino_2984,servicos,inbound,167,69250.54,0.494,69,0.3426
19730,Treino_2985,saude,outbound,167,61025.85,0.759,427,0.99
13931,Treino_2986,saude,inbound,167,48764.81,0.83,385,0.5185
18064,Treino_2987,saude,inbound,167,46939.54,0.758,400,0.7146
17570,Treino_2988,varejo,inbound,167,12189.99,0.89,85,0.6075
16540,Treino_2989,saude,inbound,167,55727.35,0.628,180,0.7157
15970,Treino_2990,saude,outbound,167,38873.98,0.671,30,0.351
17380,Treino_2991,industria,outbound,167,53703.06,0.436,460,0.6273
13410,Treino_2992,tecnologia,inbound,167,39410.97,0.131,291,0.5732
17268,Treino_2993,servicos,indicacao,167,16945.24,0.428,132,0.2087
12574,Treino_2994,saude,inbound,167,62590.85,0.359,191,0.5848
16963,Treino_2995,servicos,inbound,168,32286.14,0.251,418,0.3926
11179,Treino_2996,varejo,inbound,168,40300.47,0.01,491,0.01
17144,Treino_2997,tecnologia,inbound,168,32197.29,0.246,234,0.138
19630,Treino_2998,servicos,inbound,168,5000.0,0.305,480,0.4076
11331,Treino_2999,industria,outbound,168,67859.47,0.116,376,0.2255
16468,Treino_3000,industria,outbound,168,65153.23,0.626,106,0.5746
17319,Treino_3001,industria,inbound,168,76823.55,0.861,288,0.4677
14151,Treino_3002,servicos,outbound,168,52177.92,0.125,112,0.3463
15503,Treino_3003,industria,indicacao,168,32953.83,0.702,318,0.373
14121,Treino_3004,saude,inbound,168,39905.12,0.622,316,0.7527
11543,Treino_3005,varejo,indicacao,168,52126.41,0.925,80,0.788
11742,Treino_3006,industria,inbound,168,56126.61,0.128,7,0.5554
15046,Treino_3007,varejo,indicacao,168,61317.18,0.056,69,0.1251
12096,Treino_3008,servicos,inbound,168,45065.71,0.852,291,0.6226
18851,Treino_3009,tecnologia,indicacao,168,49127.55,0.893,152,0.6166
15558,Treino_3010,industria,indicacao,168,48777.97,0.363,405,0.2774
11002,Treino_3011,servicos,outbound,168,86650.91,0.333,153,0.6477
13001,Treino_3012,industria,indicacao,168,63513.08,0.542,499,0.5888
13124,Treino_3013,varejo,indicacao,168,13552.84,0.045,355,0.3689
12188,Treino_3014,saude,indicacao,168,28623.45,0.489,262,0.3362
14380,Treino_3015,saude,inbound,168,58396.44,0.117,491,0.2184
18464,Treino_3016,servicos,inbound,168,39545.79,0.92,102,0.4808
19492,Treino_3017,varejo,inbound,168,53095.13,0.248,59,0.3234
13385,Treino_3018,tecnologia,outbound,169,104291.78,0.997,310,0.99
14986,Treino_3019,saude,inbound,169,83305.17,0.904,20,0.2336
13223,Treino_3020,saude,outbound,169,50801.26,0.776,440,0.6413
13732,Treino_3021,tecnologia,indicacao,169,67550.92,0.172,237,0.0232
15055,Treino_3022,saude,inbound,169,41002.77,0.804,370,0.42
17002,Treino_3023,servicos,inbound,169,55718.97,0.245,171,0.0299
15972,Treino_3024,industria,inbound,169,64785.4,0.636,280,0.5415
16422,Treino_3025,varejo,inbound,169,31193.13,0.056,106,0.3525
13134,Treino_3026,industria,inbound,169,35247.13,0.605,223,0.4292
14923,Treino_3027,varejo,inbound,169,16634.32,0.371,323,0.3763
11245,Treino_3028,tecnologia,outbound,169,23869.1,0.737,397,0.7463
12910,Treino_3029,varejo,inbound,169,31293.79,0.143,101,0.0422
13904,Treino_3030,saude,indicacao,169,38447.18,0.196,437,0.6366
17890,Treino_3031,varejo,indicacao,169,49449.31,0.91,53,0.4291
13154,Treino_3032,saude,inbound,169,47709.66,0.94,231,0.747
17850,Treino_3033,servicos,inbound,169,38716.07,0.847,255,0.3424
14696,Treino_3034,industria,indicacao,169,44934.4,0.384,244,0.4005
11161,Treino_3035,tecnologia,inbound,169,66619.46,0.555,292,0.3755
12193,Treino_3036,tecnologia,indicacao,169,17143.27,0.775,445,0.7806
11865,Treino_3037,saude,inbound,169,59025.37,0.802,166,0.7637
16770,Treino_3038,saude,outbound,169,43881.45,0.28,19,0.3369
14589,Treino_3039,industria,outbound,169,87479.94,0.044,286,0.1323
15095,Treino_3040,tecnologia,outbound,169,66289.81,0.53,36,0.3909
10850,Treino_3041,tecnologia,inbound,169,43928.21,0.872,207,0.4659
17991,Treino_3042,tecnologia,outbound,169,74745.09,0.868,350,0.5905
11312,Treino_3043,tecnologia,outbound,169,25242.05,0.118,238,0.01
17979,Treino_3044,varejo,inbound,169,56563.17,0.86,84,0.608
12346,Treino_3045,tecnologia,inbound,169,44886.37,0.989,89,0.4895
19905,Treino_3046,saude,inbound,169,50890.03,0.834,367,0.4011
12596,Treino_3047,industria,inbound,169,60879.45,0.285,170,0.2985
17781,Treino_3048,industria,outbound,170,90501.67,0.318,461,0.6846
13216,Treino_3049,servicos,indicacao,170,50651.28,0.955,161,0.5791
14059,Treino_3050,varejo,inbound,170,52154.25,0.609,106,0.5499
13645,Treino_3051,saude,inbound,170,64604.82,0.643,422,0.8256
11322,Treino_3052,varejo,inbound,170,17656.47,0.019,209,0.1198
19162,Treino_3053,saude,inbound,170,70287.44,0.277,489,0.2455
18701,Treino_3054,servicos,inbound,170,44153.43,0.539,259,0.4181
12052,Treino_3055,industria,inbound,170,17492.45,0.163,291,0.4983
18970,Treino_3056,industria,inbound,170,31379.93,0.343,476,0.5616
13323,Treino_3057,industria,inbound,170,70689.31,0.399,311,0.2581
11317,Treino_3058,saude,inbound,170,31382.79,0.38,242,0.325
19257,Treino_3059,tecnologia,inbound,170,62629.54,0.379,471,0.7809
11044,Treino_3060,saude,outbound,170,66196.12,0.196,30,0.2778
16371,Treino_3061,saude,outbound,170,51185.99,0.025,442,0.3031
14130,Treino_3062,tecnologia,inbound,170,30493.6,0.514,139,0.2206
12213,Treino_3063,saude,outbound,170,46071.53,0.665,28,0.2099
13531,Treino_3064,industria,inbound,170,26667.31,0.857,113,0.2378
16109,Treino_3065,tecnologia,indicacao,170,72885.51,0.312,9,0.1018
11679,Treino_3066,servicos,outbound,170,32876.38,0.853,476,0.5422
15000,Treino_3067,tecnologia,inbound,170,109147.08,0.042,366,0.6504
11436,Treino_3068,varejo,inbound,170,44261.2,0.442,69,0.0458
17339,Treino_3069,servicos,inbound,170,60000.34,0.782,73,0.3499
14522,Treino_3070,tecnologia,indicacao,170,84911.18,0.891,180,0.698
14550,Treino_3071,varejo,indicacao,170,57241.29,0.618,496,0.7878
11973,Treino_3072,tecnologia,inbound,171,57124.37,0.833,36,0.4502
12799,Treino_3073,varejo,indicacao,171,63056.67,0.468,130,0.3777
11504,Treino_3074,saude,inbound,171,70079.89,0.824,115,0.4665
10810,Treino_3075,servicos,indicacao,171,51571.72,0.482,405,0.3284
10419,Treino_3076,saude,outbound,171,60958.17,0.71,314,0.7677
14269,Treino_3077,servicos,inbound,171,53862.23,0.338,273,0.5557
14978,Treino_3078,industria,inbound,171,72373.55,0.209,339,0.7111
14045,Treino_3079,tecnologia,outbound,171,52011.34,0.101,86,0.2911
10165,Treino_3080,saude,inbound,171,46843.67,0.64,341,0.5684
15994,Treino_3081,varejo,inbound,171,24606.75,0.844,137,0.7166
15740,Treino_3082,saude,inbound,171,46700.97,0.071,322,0.6693
15762,Treino_3083,saude,indicacao,171,36374.48,0.586,356,0.2175
13340,Treino_3084,industria,inbound,171,45455.79,0.541,347,0.6773
14305,Treino_3085,servicos,inbound,171,46061.82,0.599,454,0.5149
10141,Treino_3086,varejo,inbound,171,10075.53,0.527,456,0.1438
14369,Treino_3087,tecnologia,inbound,171,55995.76,0.304,383,0.2155
18463,Treino_3088,varejo,inbound,172,41309.7,0.296,38,0.177
11076,Treino_3089,servicos,inbound,172,42116.47,0.727,318,0.6264
18058,Treino_3090,servicos,outbound,172,56332.7,0.46,74,0.1586
11986,Treino_3091,saude,indicacao,172,65445.8,0.538,190,0.8354
13373,Treino_3092,servicos,outbound,172,29768.46,0.798,228,0.5645
11490,Treino_3093,servicos,inbound,172,72397.97,0.269,6,0.5456
13619,Treino_3094,saude,indicacao,172,57717.36,0.925,204,0.6339
14898,Treino_3095,industria,outbound,172,54472.44,0.184,176,0.2136
12380,Treino_3096,servicos,inbound,172,44368.14,0.648,353,0.4528
15804,Treino_3097,servicos,inbound,172,46265.3,0.409,440,0.3985
12172,Treino_3098,servicos,outbound,172,59481.25,0.685,282,0.5616
19839,Treino_3099,varejo,inbound,172,38140.37,0.465,120,0.3381
19869,Treino_3100,saude,outbound,172,33469.31,0.457,187,0.2385
11142,Treino_3101,servicos,inbound,172,64140.06,0.333,245,0.3755
13809,Treino_3102,servicos,inbound,172,61672.98,0.537,56,0.5637
14551,Treino_3103,servicos,outbound,172,53304.69,0.829,395,0.2958
10396,Treino_3104,varejo,outbound,172,56579.11,0.452,75,0.6244
17837,Treino_3105,saude,inbound,172,70496.58,0.323,102,0.5027
19880,Treino_3106,tecnologia,outbound,172,30253.37,0.328,419,0.451
19449,Treino_3107,saude,outbound,172,48715.32,0.252,6,0.1884
12021,Treino_3108,tecnologia,outbound,173,48262.01,0.325,276,0.4272
18023,Treino_3109,industria,outbound,173,23362.71,0.902,304,0.4025
12208,Treino_3110,varejo,inbound,173,23658.94,0.642,119,0.2471
18639,Treino_3111,saude,inbound,173,53956.97,0.713,492,0.8027
18496,Treino_3112,servicos,outbound,173,66066.42,0.101,421,0.2649
12381,Treino_3113,saude,inbound,173,63130.87,0.434,152,0.5454
19402,Treino_3114,saude,outbound,173,41413.28,0.698,204,0.7281
15158,Treino_3115,tecnologia,inbound,173,72578.43,0.814,433,0.5259
12447,Treino_3116,varejo,inbound,173,30945.2,0.948,131,0.5232
11327,Treino_3117,tecnologia,outbound,173,58228.69,0.84,56,0.4996
18651,Treino_3118,varejo,inbound,173,33180.94,0.926,421,0.4559
10971,Treino_3119,industria,inbound,173,49890.53,0.199,345,0.1272
18446,Treino_3120,tecnologia,inbound,173,12807.05,0.612,103,0.1922
12778,Treino_3121,servicos,indicacao,173,68311.71,0.035,308,0.2993
19739,Treino_3122,industria,inbound,174,55693.21,0.596,219,0.4214
10841,Treino_3123,saude,inbound,174,76467.5,0.205,445,0.7696
19380,Treino_3124,saude,outbound,174,85041.67,0.98,103,0.5232
19061,Treino_3125,servicos,inbound,174,46867.31,0.705,414,0.6289
14116,Treino_3126,servicos,outbound,174,33141.33,0.216,382,0.2718
14053,Treino_3127,servicos,inbound,174,52036.86,0.514,77,0.3233
15069,Treino_3128,saude,inbound,174,28815.87,0.797,159,0.2768
18752,Treino_3129,servicos,inbound,174,64507.52,0.519,64,0.2829
11485,Treino_3130,saude,inbound,174,43264.22,0.571,323,0.5542
15995,Treino_3131,varejo,outbound,174,64044.13,0.319,293,0.4996
19222,Treino_3132,industria,inbound,174,49001.36,0.461,10,0.4462
13871,Treino_3133,tecnologia,inbound,174,55492.74,0.527,31,0.1447
18601,Treino_3134,varejo,indicacao,174,55972.83,0.501,498,0.6224
13611,Treino_3135,saude,inbound,174,49080.67,0.821,117,0.4567
19540,Treino_3136,varejo,inbound,174,68768.45,0.8,185,0.5936
13623,Treino_3137,saude,outbound,174,79527.29,0.856,417,0.8146
17161,Treino_3138,tecnologia,outbound,174,69036.05,0.093,176,0.4853
18221,Treino_3139,industria,indicacao,174,27383.49,0.976,345,0.6493
15259,Treino_3140,varejo,outbound,175,34776.12,0.533,430,0.573
17554,Treino_3141,saude,inbound,175,69175.54,0.768,290,0.7167
14125,Treino_3142,industria,inbound,175,54725.66,0.91,51,0.7712
15783,Treino_3143,varejo,inbound,175,73897.67,0.445,493,0.92
14592,Treino_3144,tecnologia,inbound,175,40886.11,0.099,340,0.1602
15012,Treino_3145,industria,inbound,175,56681.14,0.579,314,0.4669
15150,Treino_3146,servicos,indicacao,175,51618.19,0.667,340,0.7124
18767,Treino_3147,tecnologia,inbound,175,53163.1,0.473,317,0.3574
12215,Treino_3148,industria,outbound,175,41196.56,0.983,5,0.6631
18956,Treino_3149,saude,indicacao,175,32090.4,0.301,392,0.2538
14946,Treino_3150,varejo,inbound,175,45963.94,0.58,371,0.5128
18878,Treino_3151,saude,indicacao,175,19966.37,0.903,400,0.4887
18125,Treino_3152,industria,outbound,175,75001.37,0.569,409,0.7307
11409,Treino_3153,industria,inbound,175,66511.32,0.416,35,0.2369
19284,Treino_3154,tecnologia,inbound,175,35706.7,0.865,136,0.484
12312,Treino_3155,saude,inbound,175,52172.55,0.652,130,0.3142
16111,Treino_3156,industria,inbound,175,27576.97,0.579,191,0.1836
13336,Treino_3157,varejo,outbound,175,72354.47,0.112,215,0.3793
11516,Treino_3158,servicos,inbound,176,62374.29,0.505,451,0.4598
11878,Treino_3159,servicos,outbound,176,85668.15,0.403,108,0.32
13621,Treino_3160,tecnologia,outbound,176,50190.81,0.813,97,0.5591
18345,Treino_3161,saude,indicacao,176,20050.6,0.014,149,0.1295
14176,Treino_3162,saude,inbound,176,27066.48,0.698,10,0.1363
15321,Treino_3163,tecnologia,inbound,176,61285.37,0.698,483,0.5732
10706,Treino_3164,industria,inbound,176,51673.12,0.988,37,0.8234
12186,Treino_3165,servicos,indicacao,176,45840.24,0.192,406,0.3685
13314,Treino_3166,varejo,outbound,176,37937.38,0.117,229,0.1444
10049,Treino_3167,industria,inbound,176,57528.02,0.063,163,0.4739
14629,Treino_3168,saude,outbound,176,49365.71,0.23,438,0.4798
16957,Treino_3169,industria,outbound,176,54206.19,0.688,298,0.7397
19797,Treino_3170,servicos,outbound,176,58594.62,0.335,340,0.4646
12984,Treino_3171,saude,outbound,176,49122.13,0.167,235,0.4345
14562,Treino_3172,servicos,inbound,176,24859.98,0.191,75,0.0122
13312,Treino_3173,servicos,inbound,177,26864.89,0.757,135,0.7291
10275,Treino_3174,varejo,inbound,177,22931.71,0.454,325,0.2671
16705,Treino_3175,tecnologia,outbound,177,80355.05,0.555,456,0.7204
10961,Treino_3176,varejo,inbound,177,43246.16,0.077,470,0.3841
17803,Treino_3177,varejo,outbound,177,80186.21,0.916,338,0.9098
19137,Treino_3178,industria,inbound,177,18583.35,0.448,375,0.1766
19732,Treino_3179,servicos,inbound,177,47909.56,0.571,120,0.4348
10330,Treino_3180,saude,inbound,177,53180.81,0.29,478,0.566
12646,Treino_3181,tecnologia,inbound,177,14852.86,0.349,473,0.6007
19105,Treino_3182,servicos,inbound,177,75614.97,0.147,232,0.4803
16199,Treino_3183,saude,outbound,177,55451.01,0.172,17,0.1703
17591,Treino_3184,industria,inbound,177,42436.32,0.533,113,0.3574
19424,Treino_3185,industria,indicacao,177,49192.43,0.264,303,0.4651
10077,Treino_3186,varejo,inbound,177,117012.73,0.825,435,0.8348
18180,Treino_3187,industria,indicacao,177,49296.46,0.751,402,0.7083
18403,Treino_3188,saude,inbound,178,50938.12,0.398,40,0.6031
12237,Treino_3189,servicos,inbound,178,23850.18,0.861,371,0.4921
18459,Treino_3190,servicos,outbound,178,42423.46,0.666,478,0.7478
14160,Treino_3191,servicos,outbound,178,73532.84,0.578,222,0.2941
19079,Treino_3192,industria,outbound,178,44968.39,0.048,113,0.2192
12524,Treino_3193,saude,inbound,178,75903.42,0.742,409,0.9132
11752,Treino_3194,varejo,inbound,178,35377.11,0.309,392,0.4301
14756,Treino_3195,varejo,inbound,178,86833.41,0.261,251,0.2937
19983,Treino_3196,varejo,indicacao,178,71403.23,0.464,73,0.4277
18658,Treino_3197,tecnologia,inbound,178,28001.52,0.411,23,0.2452
10112,Treino_3198,industria,outbound,178,53547.09,0.871,255,0.8148
10556,Treino_3199,saude,inbound,178,77075.14,0.36,57,0.3743
16136,Treino_3200,varejo,outbound,178,31153.57,0.133,309,0.0319
19852,Treino_3201,servicos,outbound,178,70944.35,0.749,462,0.6447
15418,Treino_3202,varejo,indicacao,178,38015.86,0.365,367,0.8728
18428,Treino_3203,tecnologia,inbound,178,96272.8,0.342,86,0.4567
19391,Treino_3204,industria,inbound,178,22138.46,0.958,117,0.4167
15402,Treino_3205,tecnologia,inbound,178,38553.54,0.604,458,0.586
11453,Treino_3206,industria,inbound,178,5000.0,0.683,463,0.4386
19097,Treino_3207,servicos,outbound,178,63472.56,0.341,445,0.2668
13434,Treino_3208,servicos,inbound,178,32149.29,0.153,413,0.2345
10967,Treino_3209,varejo,outbound,178,32159.39,0.921,318,0.631
19353,Treino_3210,tecnologia,inbound,178,65902.11,0.422,351,0.3655
16330,Treino_3211,tecnologia,inbound,179,60413.45,0.46,214,0.232
13919,Treino_3212,industria,outbound,179,13177.97,0.298,409,0.2936
17038,Treino_3213,servicos,inbound,179,39039.51,0.493,9,0.1328
13497,Treino_3214,varejo,inbound,179,7028.9,0.514,436,0.4607
18503,Treino_3215,saude,outbound,179,53882.74,0.055,437,0.6794
17216,Treino_3216,servicos,outbound,179,20806.08,0.658,364,0.3788
15291,Treino_3217,industria,inbound,179,49538.18,0.373,66,0.01
11138,Treino_3218,saude,outbound,179,82424.32,0.117,236,0.3086
10578,Treino_3219,servicos,indicacao,179,74650.53,0.942,56,0.5364
13137,Treino_3220,saude,inbound,179,34925.81,0.544,434,0.323
16141,Treino_3221,servicos,indicacao,179,42321.52,0.758,10,0.1956
19093,Treino_3222,saude,inbound,179,50797.13,0.48,78,0.6671
14408,Treino_3223,tecnologia,inbound,179,30837.0,0.284,198,0.01
12151,Treino_3224,servicos,outbound,179,29040.63,0.428,232,0.3896
14840,Treino_3225,servicos,outbound,179,30819.99,0.153,425,0.395
13570,Treino_3226,tecnologia,inbound,179,61884.97,0.096,196,0.1688
17710,Treino_3227,tecnologia,outbound,179,36463.15,0.457,330,0.3819
14453,Treino_3228,varejo,outbound,179,46010.41,0.883,351,0.3495
13265,Treino_3229,varejo,inbound,179,58617.25,0.526,150,0.5703
16845,Treino_3230,tecnologia,outbound,179,52196.81,0.583,448,0.6292
17989,Treino_3231,servicos,inbound,180,52949.55,0.538,70,0.3464
19580,Treino_3232,servicos,inbound,180,48960.96,0.79,365,0.5287
15752,Treino_3233,servicos,indicacao,180,46593.82,0.82,139,0.6833
10874,Treino_3234,varejo,inbound,180,66135.15,0.049,116,0.4701
14022,Treino_3235,servicos,outbound,180,51239.33,0.757,179,0.3908
13286,Treino_3236,tecnologia,outbound,180,52785.77,0.504,280,0.4227
12084,Treino_3237,servicos,outbound,180,41881.18,0.008,23,0.4989
12004,Treino_3238,servicos,inbound,180,44174.56,0.264,66,0.01
14787,Treino_3239,saude,outbound,180,75988.76,0.725,356,0.4725
11491,Treino_3240,tecnologia,outbound,180,47682.12,0.908,353,0.8466
10181,Treino_3241,tecnologia,indicacao,180,24966.62,0.626,15,0.4633
11180,Treino_3242,varejo,inbound,180,42220.72,0.527,492,0.6771
15161,Treino_3243,servicos,inbound,180,17414.86,0.561,156,0.3022
17461,Treino_3244,tecnologia,inbound,180,66842.97,0.218,203,0.01
10279,Treino_3245,industria,inbound,180,52675.2,0.873,495,0.7374
19070,Treino_3246,tecnologia,inbound,180,32847.53,0.418,445,0.7531
13085,Treino_3247,saude,inbound,180,24060.21,0.656,373,0.7349
13093,Treino_3248,tecnologia,indicacao,181,49331.73,0.923,472,0.6871
12286,Treino_3249,industria,inbound,181,31239.4,0.666,164,0.5035
18223,Treino_3250,saude,indicacao,181,60628.28,0.788,211,0.5378
10671,Treino_3251,servicos,outbound,181,40080.93,0.528,12,0.366
16636,Treino_3252,industria,outbound,181,68757.21,0.713,202,0.8493
10783,Treino_3253,tecnologia,inbound,181,79871.08,0.013,130,0.5844
14018,Treino_3254,servicos,inbound,181,41843.02,0.795,268,0.5117
13431,Treino_3255,varejo,inbound,181,66996.72,0.288,222,0.3257
16179,Treino_3256,varejo,inbound,181,50136.81,0.76,131,0.3235
19037,Treino_3257,servicos,inbound,181,72349.73,0.764,269,0.6284
10752,Treino_3258,servicos,indicacao,181,68948.55,0.528,152,0.4891
10383,Treino_3259,industria,outbound,181,61538.16,0.223,448,0.645
10254,Treino_3260,industria,indicacao,181,37970.15,0.328,280,0.4258
11769,Treino_3261,servicos,outbound,181,44402.75,0.305,87,0.1518
13103,Treino_3262,industria,indicacao,181,40087.32,0.362,448,0.2564
18230,Treino_3263,saude,indicacao,181,33738.83,0.384,414,0.5269
16260,Treino_3264,saude,inbound,181,37658.77,0.403,20,0.0754
19808,Treino_3265,varejo,indicacao,181,57946.03,0.899,177,0.8059
16586,Treino_3266,saude,outbound,181,8820.35,0.649,26,0.2443
16866,Treino_3267,varejo,inbound,181,17111.25,0.379,49,0.3437
11676,Treino_3268,saude,indicacao,181,74060.2,0.784,206,0.8471
10509,Treino_3269,servicos,outbound,181,24518.56,0.197,371,0.4391
11559,Treino_3270,servicos,indicacao,182,43415.31,0.756,277,0.1948
13452,Treino_3271,varejo,outbound,182,20762.54,0.883,432,0.4145
15692,Treino_3272,tecnologia,indicacao,182,26263.13,0.763,30,0.3029
13905,Treino_3273,saude,outbound,182,64800.93,0.024,388,0.3238
18817,Treino_3274,saude,indicacao,182,59781.1,0.71,62,0.611
16470,Treino_3275,industria,inbound,182,61437.58,0.379,240,0.4451
19239,Treino_3276,saude,indicacao,182,5567.38,0.635,439,0.707
12672,Treino_3277,tecnologia,inbound,182,46138.16,0.273,482,0.5666
14382,Treino_3278,industria,outbound,182,61659.76,0.105,277,0.3949
10590,Treino_3279,saude,inbound,182,18330.48,0.278,215,0.298
17458,Treino_3280,tecnologia,outbound,182,59817.42,0.589,332,0.6609
19461,Treino_3281,servicos,inbound,182,52155.04,0.938,192,0.5813
15745,Treino_3282,varejo,inbound,182,41905.89,0.247,128,0.6558
16758,Treino_3283,servicos,inbound,182,40145.76,0.689,169,0.2559
12962,Treino_3284,varejo,inbound,182,62561.68,0.895,174,0.7385
10514,Treino_3285,saude,inbound,182,73139.09,0.522,440,0.5942
18582,Treino_3286,saude,inbound,182,70574.16,0.335,437,0.5331
10724,Treino_3287,tecnologia,inbound,183,69546.15,0.335,45,0.2108
14465,Treino_3288,saude,inbound,183,40537.48,0.46,107,0.01
10199,Treino_3289,tecnologia,inbound,183,62056.15,0.812,221,0.5687
12956,Treino_3290,industria,indicacao,183,51514.71,0.014,260,0.4355
18966,Treino_3291,servicos,inbound,183,71927.8,0.261,344,0.7094
10757,Treino_3292,servicos,inbound,183,30752.96,0.996,378,0.6457
14936,Treino_3293,servicos,inbound,183,45205.73,0.462,313,0.6016
12907,Treino_3294,servicos,outbound,183,53762.82,0.684,337,0.4949
18044,Treino_3295,industria,inbound,183,37875.98,0.087,497,0.01
11774,Treino_3296,servicos,inbound,183,48210.79,0.367,364,0.5718
12657,Treino_3297,industria,indicacao,183,56249.72,0.337,447,0.8277
14303,Treino_3298,saude,inbound,183,19798.99,0.648,377,0.5918
18220,Treino_3299,varejo,outbound,183,56367.9,0.238,166,0.3621
17756,Treino_3300,servicos,inbound,183,49358.81,0.866,145,0.4357
16652,Treino_3301,tecnologia,outbound,183,53990.54,0.091,280,0.5051
13638,Treino_3302,industria,inbound,183,78717.41,0.809,73,0.6233
18542,Treino_3303,varejo,outbound,184,76625.82,0.183,401,0.4916
14476,Treino_3304,saude,inbound,184,63647.42,0.168,473,0.4145
18856,Treino_3305,tecnologia,inbound,184,44967.51,0.854,415,0.5724
17915,Treino_3306,varejo,indicacao,184,66745.14,0.699,380,0.774
10881,Treino_3307,varejo,outbound,184,54661.65,0.927,143,0.7287
14939,Treino_3308,varejo,outbound,184,19562.07,0.68,110,0.2063
12328,Treino_3309,tecnologia,outbound,184,10505.53,0.283,339,0.5027
13817,Treino_3310,tecnologia,inbound,184,42501.53,0.641,332,0.6244
10809,Treino_3311,servicos,outbound,184,53194.04,0.499,321,0.7383
16434,Treino_3312,varejo,outbound,184,56252.29,0.995,175,0.5764
11495,Treino_3313,saude,indicacao,184,43913.31,0.422,477,0.2633
16788,Treino_3314,tecnologia,outbound,184,30252.56,0.506,64,0.1671
16781,Treino_3315,servicos,outbound,184,22077.56,0.26,206,0.1397
11926,Treino_3316,industria,indicacao,185,49385.81,0.647,495,0.4742
14912,Treino_3317,industria,indicacao,185,49805.44,0.782,429,0.1476
16035,Treino_3318,tecnologia,outbound,185,33740.17,0.303,31,0.5041
12841,Treino_3319,industria,inbound,185,54821.09,0.067,203,0.1215
16363,Treino_3320,servicos,inbound,185,29375.25,0.548,260,0.9262
15268,Treino_3321,saude,outbound,185,44869.97,0.819,224,0.4866
12842,Treino_3322,tecnologia,inbound,185,44421.22,0.005,320,0.1153
19045,Treino_3323,varejo,outbound,185,59068.33,0.331,52,0.2797
16056,Treino_3324,saude,outbound,185,41401.75,0.21,315,0.4302
13872,Treino_3325,varejo,outbound,185,86942.9,0.321,292,0.3947
10532,Treino_3326,servicos,inbound,185,61367.25,0.231,308,0.4793
14628,Treino_3327,saude,inbound,185,51209.1,0.195,99,0.4227
17611,Treino_3328,saude,outbound,185,19850.91,0.058,82,0.3665
12254,Treino_3329,servicos,inbound,185,51872.97,0.311,312,0.4962
11719,Treino_3330,saude,indicacao,185,41090.71,0.72,36,0.4153
18664,Treino_3331,tecnologia,outbound,185,50657.51,0.637,468,0.6487
12320,Treino_3332,tecnologia,outbound,185,72424.76,0.283,262,0.4147
10021,Treino_3333,varejo,outbound,185,40835.67,0.62,45,0.3288
15453,Treino_3334,varejo,outbound,185,46916.31,0.472,56,0.4989
17462,Treino_3335,industria,outbound,185,79763.33,0.436,451,0.8048
18158,Treino_3336,servicos,inbound,186,86508.0,0.723,99,0.7478
11362,Treino_3337,saude,inbound,186,40787.0,0.705,247,0.5053
16973,Treino_3338,industria,inbound,186,58321.95,0.434,5,0.0881
13758,Treino_3339,servicos,outbound,186,22808.48,0.366,353,0.764
14564,Treino_3340,industria,inbound,186,63329.59,0.215,384,0.6614
19774,Treino_3341,industria,outbound,186,58927.73,0.424,275,0.2693
17909,Treino_3342,varejo,indicacao,186,57436.04,0.182,59,0.3374
17399,Treino_3343,varejo,outbound,186,10397.57,0.679,12,0.0946
16051,Treino_3344,varejo,outbound,186,65459.36,0.323,419,0.2735
14943,Treino_3345,tecnologia,inbound,186,9941.33,0.06,112,0.3852
15448,Treino_3346,varejo,outbound,186,47534.32,0.349,319,0.1037
12154,Treino_3347,industria,indicacao,186,58034.26,0.479,91,0.3236
13650,Treino_3348,industria,inbound,186,46374.83,0.357,170,0.3178
10299,Treino_3349,industria,outbound,186,31358.99,0.426,261,0.2553
14233,Treino_3350,varejo,outbound,186,49997.41,0.271,233,0.3204
14479,Treino_3351,industria,inbound,186,31871.64,0.865,414,0.99
19500,Treino_3352,saude,inbound,186,56292.14,0.595,437,0.7221
18938,Treino_3353,servicos,inbound,186,51604.19,0.33,308,0.4019
15340,Treino_3354,varejo,outbound,186,37009.59,0.212,470,0.4705
14037,Treino_3355,varejo,inbound,187,21502.76,0.064,335,0.0425
13545,Treino_3356,tecnologia,inbound,187,45603.01,0.415,252,0.6242
14141,Treino_3357,varejo,inbound,187,76249.12,0.831,453,0.5468
19638,Treino_3358,tecnologia,inbound,187,49524.13,0.88,166,0.6377
14677,Treino_3359,varejo,outbound,187,73649.74,0.079,361,0.5728
18123,Treino_3360,saude,indicacao,187,54693.82,0.048,119,0.0969
13847,Treino_3361,varejo,inbound,187,117799.79,0.821,449,0.8151
17495,Treino_3362,saude,inbound,187,58790.19,0.697,418,0.7471
12171,Treino_3363,industria,outbound,187,40433.98,0.035,322,0.4258
10079,Treino_3364,varejo,inbound,187,24805.68,0.03,105,0.1771
19347,Treino_3365,saude,inbound,187,58988.53,0.999,390,0.2444
12387,Treino_3366,tecnologia,inbound,187,64837.14,0.242,229,0.6475
17012,Treino_3367,varejo,inbound,187,63881.48,0.854,414,0.99
13055,Treino_3368,varejo,indicacao,187,73522.59,0.426,213,0.5375
18697,Treino_3369,industria,inbound,187,39478.25,0.693,142,0.6023
13459,Treino_3370,tecnologia,indicacao,188,31978.29,0.762,19,0.4163
12136,Treino_3371,servicos,outbound,188,51107.48,0.445,28,0.2205
14944,Treino_3372,varejo,inbound,188,14638.89,0.421,60,0.6168
15931,Treino_3373,varejo,inbound,188,69515.46,0.919,395,0.6099
19660,Treino_3374,tecnologia,inbound,188,88509.77,0.549,336,0.8115
14543,Treino_3375,varejo,inbound,188,35259.57,0.959,484,0.7837
17931,Treino_3376,tecnologia,indicacao,188,35207.04,0.046,56,0.5299
12111,Treino_3377,industria,inbound,188,76413.26,0.021,270,0.3127
15381,Treino_3378,varejo,inbound,188,29572.91,0.254,187,0.01
12298,Treino_3379,tecnologia,inbound,188,22054.88,0.657,48,0.3706
10382,Treino_3380,servicos,inbound,188,13508.86,0.786,240,0.01
15691,Treino_3381,servicos,inbound,188,26086.94,0.488,206,0.3466
12905,Treino_3382,varejo,inbound,188,18892.66,0.419,462,0.2709
17600,Treino_3383,saude,outbound,188,42629.47,0.434,9,0.2319
12890,Treino_3384,varejo,outbound,188,28483.1,0.688,292,0.2151
15374,Treino_3385,tecnologia,inbound,188,55031.21,0.831,170,0.4638
11196,Treino_3386,saude,inbound,188,40671.02,0.665,148,0.2699
17631,Treino_3387,varejo,inbound,188,36878.28,0.788,97,0.442
16659,Treino_3388,tecnologia,indicacao,189,66565.25,0.248,391,0.1295
18908,Treino_3389,industria,inbound,189,54043.44,0.59,425,0.6355
14915,Treino_3390,industria,outbound,189,35539.81,0.757,52,0.4547
12319,Treino_3391,servicos,inbound,189,7231.46,0.709,205,0.3023
18490,Treino_3392,varejo,indicacao,189,39899.33,0.169,29,0.3659
13631,Treino_3393,saude,outbound,189,82622.15,0.483,239,0.3995
11591,Treino_3394,tecnologia,outbound,189,57644.22,0.695,81,0.4582
17278,Treino_3395,tecnologia,inbound,189,36338.39,0.155,372,0.3145
17306,Treino_3396,tecnologia,indicacao,189,70435.16,0.351,466,0.8278
18743,Treino_3397,varejo,outbound,189,39270.3,0.698,279,0.5061
11755,Treino_3398,industria,inbound,189,48022.29,0.627,372,0.3874
12032,Treino_3399,saude,inbound,189,36607.65,0.31,74,0.172
16219,Treino_3400,saude,outbound,189,40383.12,0.848,9,0.5148
16739,Treino_3401,saude,inbound,189,90432.33,0.548,314,0.4976
13813,Treino_3402,varejo,outbound,189,14232.84,0.264,323,0.6593
16941,Treino_3403,varejo,inbound,190,70642.15,0.833,226,0.9252
13845,Treino_3404,saude,inbound,190,57068.45,0.551,147,0.268
10269,Treino_3405,servicos,outbound,190,43055.87,0.262,106,0.3183
17407,Treino_3406,saude,inbound,190,48247.67,0.987,162,0.3882
17813,Treino_3407,industria,indicacao,190,38056.83,0.086,47,0.067
10655,Treino_3408,servicos,outbound,190,26102.48,0.901,498,0.5594
16842,Treino_3409,industria,outbound,190,65384.72,0.073,214,0.226
16102,Treino_3410,industria,inbound,190,41414.87,0.148,148,0.7145
18431,Treino_3411,servicos,outbound,190,43753.11,0.961,374,0.6353
19882,Treino_3412,servicos,outbound,190,69501.6,0.2,104,0.3765
10702,Treino_3413,tecnologia,inbound,190,51459.47,0.531,90,0.5376
10278,Treino_3414,servicos,indicacao,190,65438.84,0.042,234,0.2969
12416,Treino_3415,tecnologia,inbound,190,39807.4,0.931,162,0.1431
18451,Treino_3416,industria,inbound,190,91823.38,0.708,351,0.8906
19787,Treino_3417,industria,indicacao,190,28014.84,0.584,320,0.2051
11493,Treino_3418,tecnologia,indicacao,191,67414.4,0.104,52,0.3941
16014,Treino_3419,industria,outbound,191,77529.56,0.588,82,0.4182
10020,Treino_3420,saude,inbound,191,59295.77,0.235,262,0.517
10856,Treino_3421,varejo,inbound,191,71558.58,0.64,85,0.0513
19191,Treino_3422,varejo,inbound,191,38217.64,0.055,426,0.2011
14013,Treino_3423,varejo,inbound,191,30384.64,0.615,137,0.734
17776,Treino_3424,industria,inbound,191,32798.62,0.855,318,0.8358
17700,Treino_3425,tecnologia,indicacao,191,73644.59,0.752,239,0.6549
18506,Treino_3426,servicos,inbound,191,59071.75,0.116,328,0.5007
19226,Treino_3427,servicos,inbound,191,15610.17,0.068,382,0.1855
15070,Treino_3428,saude,inbound,191,36993.35,0.135,459,0.4689
14474,Treino_3429,saude,inbound,191,50769.07,0.947,208,0.6316
17728,Treino_3430,industria,inbound,191,62818.24,0.043,410,0.3634
16899,Treino_3431,tecnologia,inbound,191,55566.41,0.135,472,0.3678
15854,Treino_3432,varejo,outbound,191,10692.91,0.327,54,0.5644
11886,Treino_3433,tecnologia,outbound,191,55866.02,0.914,206,0.2656
19622,Treino_3434,servicos,inbound,191,33508.74,0.015,290,0.6315
10998,Treino_3435,saude,inbound,191,87623.91,0.503,493,0.7899
17262,Treino_3436,tecnologia,inbound,192,71772.64,0.728,253,0.788
13195,Treino_3437,tecnologia,outbound,192,87641.51,0.095,313,0.2443
10205,Treino_3438,servicos,outbound,192,21092.28,0.509,190,0.2974
17847,Treino_3439,saude,inbound,192,51393.9,0.291,92,0.2928
14096,Treino_3440,saude,inbound,192,33264.81,0.37,114,0.3532
14804,Treino_3441,saude,outbound,192,81388.15,0.864,35,0.3458
19501,Treino_3442,varejo,outbound,192,52720.14,0.602,330,0.5754
18026,Treino_3443,tecnologia,inbound,192,55709.08,0.112,252,0.2656
11618,Treino_3444,servicos,indicacao,192,69180.71,0.613,66,0.442
16732,Treino_3445,servicos,inbound,192,68798.18,0.777,170,0.2955
12382,Treino_3446,servicos,inbound,192,52771.49,0.73,349,0.99
18317,Treino_3447,tecnologia,outbound,192,79787.08,0.546,473,0.7413
19017,Treino_3448,industria,inbound,192,36455.51,0.115,324,0.3399
15565,Treino_3449,servicos,outbound,192,78505.63,0.399,448,0.4311
10737,Treino_3450,servicos,outbound,192,22410.51,0.502,493,0.5874
16992,Treino_3451,varejo,inbound,192,67648.41,0.865,297,0.5746
10323,Treino_3452,varejo,inbound,192,96371.03,0.36,317,0.7344
10816,Treino_3453,tecnologia,inbound,193,46790.63,0.504,281,0.5203
18682,Treino_3454,industria,inbound,193,77788.19,0.809,300,0.7299
11958,Treino_3455,servicos,inbound,193,59591.23,0.093,97,0.1195
12217,Treino_3456,saude,inbound,193,28120.08,0.701,444,0.6291
11982,Treino_3457,industria,inbound,193,53127.72,0.814,121,0.4957
12619,Treino_3458,industria,inbound,193,56778.6,0.459,388,0.7272
16446,Treino_3459,industria,inbound,193,43451.79,0.345,368,0.2877
11203,Treino_3460,varejo,inbound,193,56584.85,0.406,138,0.1709
11829,Treino_3461,industria,inbound,193,60852.33,0.403,100,0.3385
17659,Treino_3462,tecnologia,inbound,193,53345.39,0.87,196,0.2102
18035,Treino_3463,varejo,inbound,193,63699.53,0.049,385,0.3364
12751,Treino_3464,industria,inbound,193,46861.69,0.167,119,0.2978
11405,Treino_3465,tecnologia,inbound,193,78395.68,0.702,236,0.9888
16954,Treino_3466,tecnologia,inbound,193,52340.05,0.801,289,0.7836
10476,Treino_3467,saude,outbound,193,34594.31,0.563,352,0.6241
19050,Treino_3468,industria,indicacao,193,77201.8,0.386,444,0.365
19755,Treino_3469,industria,inbound,193,5000.0,0.067,143,0.0654
11590,Treino_3470,industria,indicacao,193,63732.48,0.719,130,0.5536
16868,Treino_3471,saude,inbound,193,58000.92,0.248,405,0.4501
19301,Treino_3472,servicos,outbound,193,34454.79,0.879,96,0.4905
15846,Treino_3473,varejo,outbound,193,25627.77,0.187,61,0.0883
12086,Treino_3474,industria,indicacao,193,37728.62,0.331,103,0.3423
12495,Treino_3475,varejo,inbound,193,32842.54,0.227,61,0.2256
15611,Treino_3476,industria,inbound,193,40934.53,0.81,200,0.5666
10078,Treino_3477,industria,indicacao,194,24293.39,0.23,425,0.5271
11030,Treino_3478,varejo,indicacao,194,20550.76,0.976,29,0.4604
14456,Treino_3479,tecnologia,outbound,194,74398.62,0.379,399,0.4953
19230,Treino_3480,servicos,indicacao,194,47870.74,0.027,314,0.3544
14481,Treino_3481,saude,inbound,194,96254.99,0.978,234,0.4768
16934,Treino_3482,tecnologia,outbound,194,67814.3,0.131,102,0.01
15269,Treino_3483,varejo,inbound,194,5000.0,0.752,286,0.578
14090,Treino_3484,varejo,inbound,194,34603.18,0.133,103,0.0158
16816,Treino_3485,saude,inbound,194,65562.89,0.414,199,0.3824
12861,Treino_3486,industria,inbound,194,54900.8,0.143,369,0.3061
16042,Treino_3487,saude,inbound,194,62868.22,0.868,205,0.5849
18630,Treino_3488,industria,inbound,194,49732.09,0.106,121,0.01
17307,Treino_3489,servicos,outbound,194,55758.15,0.427,453,0.2938
19767,Treino_3490,industria,indicacao,194,30177.99,0.779,405,0.5659
12365,Treino_3491,varejo,inbound,194,59760.34,0.474,291,0.0785
14956,Treino_3492,tecnologia,outbound,195,28929.95,0.226,468,0.3443
13540,Treino_3493,varejo,inbound,195,29265.23,0.642,290,0.471
11345,Treino_3494,saude,indicacao,195,34395.34,0.706,56,0.413
17397,Treino_3495,saude,outbound,195,59539.2,0.882,356,0.6387
18958,Treino_3496,varejo,inbound,195,25223.49,0.213,376,0.5591
19727,Treino_3497,servicos,inbound,195,79221.56,0.977,259,0.9203
17418,Treino_3498,saude,inbound,195,19536.21,0.329,21,0.3886
12945,Treino_3499,tecnologia,indicacao,195,65948.89,0.477,304,0.2468
19351,Treino_3500,saude,indicacao,195,61911.99,0.196,253,0.4116
17166,Treino_3501,varejo,inbound,195,67293.47,0.356,474,0.8185
14412,Treino_3502,saude,inbound,195,26911.59,0.695,14,0.01
18261,Treino_3503,tecnologia,inbound,195,53249.54,0.776,114,0.5404
19027,Treino_3504,servicos,outbound,195,52388.03,0.92,191,0.5558
10428,Treino_3505,varejo,outbound,195,70665.97,0.934,97,0.9542
11207,Treino_3506,varejo,indicacao,195,90524.68,0.892,358,0.5719
19443,Treino_3507,tecnologia,inbound,195,41763.15,0.521,10,0.3822
13351,Treino_3508,servicos,inbound,195,25145.87,0.219,293,0.0744
10202,Treino_3509,tecnologia,inbound,195,53383.92,0.914,59,0.6803
13486,Treino_3510,industria,inbound,195,23781.35,0.416,362,0.3354
17962,Treino_3511,servicos,outbound,195,5000.0,0.031,58,0.01
11952,Treino_3512,industria,outbound,195,65967.57,0.717,8,0.2378
16137,Treino_3513,tecnologia,inbound,195,25247.34,0.191,262,0.4613
16662,Treino_3514,servicos,inbound,195,25764.16,0.184,389,0.3598
12549,Treino_3515,saude,outbound,195,27383.29,0.893,254,0.5913
10834,Treino_3516,varejo,inbound,195,59064.83,0.034,271,0.4994
11985,Treino_3517,varejo,inbound,196,48853.35,0.257,267,0.396
14995,Treino_3518,saude,inbound,196,68618.11,0.665,107,0.0497
13557,Treino_3519,tecnologia,outbound,196,72418.11,0.995,88,0.7517
19144,Treino_3520,servicos,inbound,196,65563.65,0.946,324,0.3751
15659,Treino_3521,tecnologia,indicacao,196,5000.0,0.796,68,0.4791
19429,Treino_3522,servicos,outbound,196,13997.57,0.984,426,0.8755
16077,Treino_3523,saude,inbound,196,39526.74,0.651,234,0.6398
13971,Treino_3524,saude,inbound,196,66538.02,0.634,184,0.3137
16928,Treino_3525,saude,outbound,196,54881.91,0.697,248,0.7529
13167,Treino_3526,industria,outbound,196,54815.73,0.61,40,0.4414
11347,Treino_3527,servicos,inbound,196,40163.87,0.627,156,0.5585
18238,Treino_3528,industria,inbound,196,52253.28,0.621,415,0.4471
10101,Treino_3529,tecnologia,indicacao,196,81253.6,0.514,425,0.8694
14217,Treino_3530,industria,inbound,196,30987.58,0.582,439,0.2945
18104,Treino_3531,saude,outbound,197,55923.72,0.321,442,0.4983
19199,Treino_3532,tecnologia,outbound,197,43619.19,0.445,163,0.571
16269,Treino_3533,varejo,inbound,197,63859.75,0.154,12,0.5065
18953,Treino_3534,varejo,indicacao,197,90158.01,0.672,197,0.6742
19976,Treino_3535,servicos,inbound,197,58623.99,0.317,5,0.4007
14832,Treino_3536,servicos,outbound,197,27753.36,0.583,353,0.3693
14830,Treino_3537,industria,inbound,197,61405.87,0.606,152,0.5899
16698,Treino_3538,saude,inbound,197,43513.09,0.493,405,0.6051
15419,Treino_3539,varejo,inbound,197,47167.06,0.165,102,0.083
16253,Treino_3540,varejo,inbound,197,27624.63,0.436,477,0.545
16931,Treino_3541,saude,inbound,197,26495.41,0.713,221,0.5814
13777,Treino_3542,saude,inbound,197,85914.75,0.4,301,0.4075
14633,Treino_3543,varejo,inbound,197,42447.15,0.402,331,0.3528
15498,Treino_3544,varejo,inbound,197,60971.99,0.615,335,0.3863
19859,Treino_3545,saude,outbound,197,24414.77,0.82,77,0.2743
14953,Treino_3546,industria,outbound,197,46607.27,0.304,135,0.3316
17706,Treino_3547,servicos,indicacao,197,75131.08,0.025,463,0.121
13802,Treino_3548,industria,inbound,197,39594.34,0.38,62,0.6831
19447,Treino_3549,industria,indicacao,197,29622.88,0.576,222,0.2767
16901,Treino_3550,industria,inbound,197,27652.88,0.226,318,0.4273
16340,Treino_3551,saude,outbound,197,73723.15,0.188,270,0.564
14079,Treino_3552,saude,outbound,197,20890.77,0.817,340,0.2547
14999,Treino_3553,saude,outbound,197,31670.95,0.12,118,0.033
12394,Treino_3554,saude,inbound,197,34500.03,0.155,292,0.1316
11029,Treino_3555,servicos,inbound,197,22875.01,0.535,92,0.3019
13327,Treino_3556,servicos,inbound,197,56944.19,0.838,321,0.99
13115,Treino_3557,varejo,inbound,197,56660.37,0.973,373,0.6126
12139,Treino_3558,saude,inbound,198,42004.18,0.612,151,0.6
11181,Treino_3559,tecnologia,outbound,198,5000.0,0.651,115,0.1757
17795,Treino_3560,saude,inbound,198,60226.14,0.525,296,0.3305
15598,Treino_3561,tecnologia,indicacao,198,52719.05,0.772,426,0.8843
19635,Treino_3562,industria,inbound,198,36132.24,0.609,491,0.6123
14940,Treino_3563,servicos,inbound,198,67984.95,0.353,325,0.2766
13096,Treino_3564,varejo,outbound,198,61222.33,0.564,82,0.551
11035,Treino_3565,saude,inbound,198,46515.43,0.74,31,0.3159
14838,Treino_3566,varejo,inbound,198,45046.04,0.072,200,0.4697
14114,Treino_3567,servicos,inbound,198,44950.93,0.549,86,0.1759
17010,Treino_3568,saude,inbound,198,43731.12,0.222,178,0.5425
13908,Treino_3569,varejo,inbound,198,33019.45,0.477,212,0.1815
19339,Treino_3570,industria,inbound,198,37476.79,0.69,489,0.4501
18762,Treino_3571,saude,outbound,198,63070.62,0.658,31,0.4157
16595,Treino_3572,varejo,inbound,198,17865.0,0.247,312,0.626
10221,Treino_3573,saude,inbound,198,29107.68,0.006,90,0.1656
19200,Treino_3574,servicos,inbound,198,83610.34,0.706,477,0.8092
15024,Treino_3575,varejo,outbound,198,48643.57,0.826,113,0.6153
19018,Treino_3576,servicos,inbound,199,39119.21,0.704,37,0.4153
18755,Treino_3577,servicos,inbound,199,78864.71,0.545,273,0.5186
12901,Treino_3578,varejo,outbound,199,44673.47,0.943,78,0.5834
16023,Treino_3579,industria,inbound,199,66176.73,0.44,23,0.4518
12135,Treino_3580,industria,outbound,199,79299.4,0.804,394,0.5399
14738,Treino_3581,saude,inbound,199,57410.29,0.796,224,0.3487
11979,Treino_3582,servicos,indicacao,199,48361.49,0.4,440,0.6298
11579,Treino_3583,saude,inbound,199,65045.51,0.272,75,0.3845
10040,Treino_3584,industria,outbound,199,52885.87,0.261,451,0.9411
16170,Treino_3585,servicos,outbound,199,41080.53,0.587,376,0.4054
10798,Treino_3586,servicos,inbound,199,44016.76,0.196,375,0.1563
13882,Treino_3587,varejo,inbound,199,60961.12,0.736,370,0.961
19503,Treino_3588,servicos,inbound,199,51194.29,0.26,361,0.3179
18549,Treino_3589,servicos,inbound,199,15293.29,0.866,272,0.5923
15628,Treino_3590,saude,indicacao,199,64606.5,0.985,47,0.5443
18247,Treino_3591,servicos,inbound,199,41575.93,0.524,238,0.0306
14473,Treino_3592,servicos,inbound,199,36566.08,0.073,265,0.4264
10151,Treino_3593,industria,outbound,199,22543.05,0.895,461,0.99
14301,Treino_3594,tecnologia,outbound,199,31525.54,0.318,347,0.5073
18994,Treino_3595,varejo,indicacao,200,58174.77,0.011,407,0.4341
17287,Treino_3596,saude,inbound,200,65619.77,0.836,225,0.9593
11689,Treino_3597,tecnologia,indicacao,200,54677.08,0.929,324,0.7089
13682,Treino_3598,servicos,outbound,200,96697.89,0.44,37,0.4464
13355,Treino_3599,tecnologia,inbound,200,44827.35,0.992,342,0.6959
10840,Treino_3600,varejo,inbound,200,28112.69,0.662,257,0.1896
13178,Treino_3601,servicos,outbound,200,73903.14,0.851,279,0.8885
19293,Treino_3602,tecnologia,inbound,200,78476.31,0.85,77,0.637
11061,Treino_3603,varejo,indicacao,200,56478.8,0.254,28,0.1936
18802,Treino_3604,tecnologia,inbound,200,32859.22,0.057,358,0.3647
16290,Treino_3605,tecnologia,inbound,200,59090.53,0.431,68,0.3011
18844,Treino_3606,tecnologia,outbound,200,5000.0,0.825,359,0.2177
19066,Treino_3607,varejo,inbound,200,84750.04,0.879,195,0.7688
17839,Treino_3608,saude,indicacao,200,49834.5,0.122,304,0.2952
11152,Treino_3609,servicos,inbound,200,46390.92,0.521,129,0.2413
12963,Treino_3610,saude,inbound,200,45443.51,0.181,215,0.3228
19067,Treino_3611,tecnologia,inbound,200,36137.99,0.091,466,0.705
19456,Treino_3612,industria,inbound,200,54841.33,0.132,222,0.4538
15756,Treino_3613,tecnologia,inbound,200,10573.87,0.247,269,0.1431
18889,Treino_3614,industria,indicacao,200,45017.75,0.023,150,0.2692
15318,Treino_3615,tecnologia,inbound,200,30327.44,0.925,54,0.2961
16487,Treino_3616,varejo,inbound,200,61977.81,0.331,208,0.6187
19792,Treino_3617,servicos,outbound,201,37747.09,0.506,433,0.5092
10161,Treino_3618,tecnologia,inbound,201,32507.4,0.375,286,0.3498
19261,Treino_3619,saude,inbound,201,48158.1,0.274,356,0.01
11643,Treino_3620,varejo,outbound,201,33456.53,0.579,18,0.4125
19275,Treino_3621,industria,inbound,201,16946.7,0.242,105,0.5865
19724,Treino_3622,industria,inbound,201,60646.25,0.658,131,0.3583
11629,Treino_3623,servicos,outbound,201,5000.0,0.868,219,0.488
15395,Treino_3624,varejo,inbound,201,41453.34,0.245,382,0.3778
12755,Treino_3625,tecnologia,inbound,201,38477.3,0.102,84,0.01
13303,Treino_3626,tecnologia,inbound,201,50268.7,0.853,482,0.4142
14722,Treino_3627,industria,inbound,201,5000.0,0.704,28,0.2997
11372,Treino_3628,industria,indicacao,201,5000.0,0.235,231,0.2013
17712,Treino_3629,tecnologia,indicacao,201,53233.82,0.248,126,0.334
18323,Treino_3630,saude,outbound,201,38534.03,0.207,114,0.2283
12035,Treino_3631,saude,indicacao,201,33572.67,0.909,312,0.3489
19482,Treino_3632,industria,outbound,201,36515.8,0.992,227,0.2896
16463,Treino_3633,industria,inbound,201,95485.75,0.376,305,0.5422
19936,Treino_3634,industria,inbound,201,33831.07,0.394,45,0.4159
19874,Treino_3635,industria,outbound,201,56513.37,0.147,110,0.01
11064,Treino_3636,industria,indicacao,201,35734.35,0.075,262,0.2608
16478,Treino_3637,saude,inbound,201,5000.0,0.761,310,0.1849
14128,Treino_3638,tecnologia,indicacao,201,37626.6,0.017,282,0.209
18791,Treino_3639,saude,outbound,201,48459.34,0.776,163,0.5643
18652,Treino_3640,varejo,inbound,202,75478.43,0.805,146,0.4438
13782,Treino_3641,tecnologia,indicacao,202,54491.07,0.258,415,0.2247
11127,Treino_3642,saude,inbound,202,56408.07,0.957,405,0.6941
17416,Treino_3643,saude,indicacao,202,27017.33,0.356,6,0.0362
15233,Treino_3644,industria,inbound,202,64107.39,0.61,260,0.6699
13212,Treino_3645,industria,outbound,202,90790.73,0.018,42,0.0847
17985,Treino_3646,tecnologia,inbound,202,21149.82,0.24,207,0.1043
17998,Treino_3647,saude,outbound,202,38282.48,0.427,448,0.4154
12413,Treino_3648,tecnologia,indicacao,202,44383.95,0.76,476,0.6034
18187,Treino_3649,industria,inbound,202,43078.5,0.083,70,0.328
11100,Treino_3650,industria,outbound,202,58683.94,0.499,399,0.49
19266,Treino_3651,servicos,inbound,202,106184.82,0.244,227,0.7002
10286,Treino_3652,tecnologia,indicacao,202,53408.37,0.874,86,0.3406
19046,Treino_3653,saude,outbound,202,56400.6,0.546,42,0.5199
12957,Treino_3654,varejo,indicacao,202,47506.77,0.806,412,0.5776
10625,Treino_3655,servicos,inbound,202,56158.3,0.576,24,0.7991
12259,Treino_3656,industria,outbound,202,65378.76,0.549,449,0.4648
15171,Treino_3657,servicos,inbound,202,66950.08,0.666,402,0.8394
18986,Treino_3658,varejo,inbound,202,17532.79,0.145,63,0.01
15180,Treino_3659,servicos,indicacao,202,57875.96,0.098,243,0.4938
18957,Treino_3660,industria,indicacao,202,37812.22,0.612,319,0.562
10670,Treino_3661,servicos,inbound,202,11520.17,0.595,218,0.3339
14826,Treino_3662,tecnologia,inbound,202,55120.77,0.641,140,0.1658
11313,Treino_3663,saude,inbound,202,60232.73,0.079,95,0.01
12949,Treino_3664,varejo,outbound,203,13844.92,0.45,213,0.01
13901,Treino_3665,tecnologia,outbound,203,42027.96,0.857,282,0.5612
14987,Treino_3666,industria,outbound,203,65548.37,0.303,465,0.5159
10170,Treino_3667,varejo,outbound,203,25810.98,0.644,192,0.5056
18296,Treino_3668,tecnologia,inbound,203,55951.4,0.113,23,0.1694
12025,Treino_3669,tecnologia,outbound,203,73724.06,0.024,425,0.1381
13136,Treino_3670,tecnologia,inbound,203,58461.87,0.267,41,0.2912
16351,Treino_3671,saude,outbound,203,32842.38,0.802,156,0.587
10442,Treino_3672,tecnologia,inbound,203,25570.87,0.626,134,0.2512
19354,Treino_3673,servicos,inbound,203,34261.91,0.33,360,0.3641
14409,Treino_3674,servicos,inbound,203,27267.62,0.266,396,0.2998
17006,Treino_3675,varejo,outbound,203,51714.41,0.496,246,0.4195
11782,Treino_3676,servicos,inbound,203,49724.74,0.442,250,0.4345
10460,Treino_3677,servicos,indicacao,203,29671.64,0.593,483,0.4222
17880,Treino_3678,tecnologia,inbound,203,37378.15,0.973,147,0.8122
17118,Treino_3679,servicos,inbound,203,39493.06,0.32,337,0.2873
16059,Treino_3680,tecnologia,outbound,203,79496.69,0.159,197,0.2325
19245,Treino_3681,varejo,inbound,203,16676.08,0.243,450,0.0358
18959,Treino_3682,industria,inbound,203,69751.06,0.87,342,0.9213
15468,Treino_3683,servicos,outbound,203,16344.16,0.534,204,0.3572
13820,Treino_3684,saude,indicacao,203,90128.73,0.34,92,0.3162
10732,Treino_3685,saude,inbound,203,38937.68,0.621,232,0.4579
19307,Treino_3686,industria,inbound,204,29382.7,0.251,273,0.3638
16287,Treino_3687,industria,indicacao,204,55431.38,0.384,219,0.5065
10372,Treino_3688,tecnologia,inbound,204,46037.34,0.628,95,0.6859
12078,Treino_3689,saude,indicacao,204,24443.14,0.87,182,0.4922
19343,Treino_3690,servicos,inbound,204,30711.24,0.358,64,0.0571
16162,Treino_3691,servicos,outbound,204,59744.25,0.887,488,0.6085
16457,Treino_3692,servicos,inbound,204,55727.06,0.144,235,0.1775
17211,Treino_3693,tecnologia,inbound,204,68866.41,0.157,191,0.2796
12023,Treino_3694,tecnologia,outbound,204,98510.7,0.279,116,0.3708
17083,Treino_3695,industria,inbound,204,25948.84,0.684,285,0.4897
18420,Treino_3696,saude,outbound,204,71228.93,0.667,64,0.2558
18973,Treino_3697,saude,indicacao,204,45196.66,0.37,471,0.8165
19120,Treino_3698,saude,outbound,204,21258.74,0.493,272,0.3677
12015,Treino_3699,tecnologia,inbound,204,55354.77,0.278,124,0.2914
12933,Treino_3700,servicos,outbound,204,39971.96,0.605,428,0.4113
14626,Treino_3701,industria,inbound,204,55767.69,0.704,127,0.4618
16952,Treino_3702,servicos,outbound,204,36638.93,0.859,479,0.4554
16851,Treino_3703,servicos,inbound,204,38917.07,0.523,19,0.0247
19599,Treino_3704,tecnologia,indicacao,205,50686.92,0.49,190,0.106
18694,Treino_3705,tecnologia,outbound,205,41134.79,0.164,184,0.314
10688,Treino_3706,industria,inbound,205,73173.43,0.413,251,0.6091
11525,Treino_3707,industria,inbound,205,23139.34,0.999,420,0.6366
19458,Treino_3708,varejo,inbound,205,29809.98,0.217,406,0.6399
10638,Treino_3709,tecnologia,inbound,205,85657.03,0.115,163,0.6312
13984,Treino_3710,tecnologia,inbound,205,36391.24,0.694,97,0.3376
10000,Treino_3711,tecnologia,outbound,205,43771.09,0.521,492,0.6694
17948,Treino_3712,tecnologia,inbound,205,23037.17,0.663,233,0.5858
19382,Treino_3713,tecnologia,indicacao,205,33569.22,0.583,199,0.3965
10128,Treino_3714,servicos,outbound,205,84974.37,0.866,452,0.7809
19520,Treino_3715,tecnologia,indicacao,205,46209.02,0.82,439,0.6848
12153,Treino_3716,tecnologia,inbound,205,66582.86,0.84,170,0.6549
13950,Treino_3717,servicos,inbound,205,56425.09,0.278,135,0.3148
13914,Treino_3718,varejo,inbound,205,66936.78,0.618,220,0.5129
16095,Treino_3719,servicos,inbound,205,51918.98,0.76,264,0.5943
16782,Treino_3720,tecnologia,inbound,205,24361.56,0.776,347,0.3857
18532,Treino_3721,tecnologia,inbound,205,49656.44,0.688,347,0.4295
18330,Treino_3722,tecnologia,outbound,205,42856.44,0.077,379,0.3256
16473,Treino_3723,industria,indicacao,206,51402.73,0.091,310,0.2299
12480,Treino_3724,saude,outbound,206,34262.9,0.876,81,0.2093
15207,Treino_3725,saude,outbound,206,10207.49,0.231,220,0.7813
14319,Treino_3726,industria,inbound,206,58242.38,0.872,159,0.7077
18635,Treino_3727,tecnologia,indicacao,206,52343.61,0.315,304,0.01
11125,Treino_3728,tecnologia,inbound,206,38987.1,0.813,43,0.5018
13185,Treino_3729,varejo,inbound,206,57555.71,0.864,368,0.6572
11175,Treino_3730,saude,outbound,206,41140.3,0.375,433,0.0579
18364,Treino_3731,tecnologia,inbound,206,38002.83,0.224,344,0.5022
17394,Treino_3732,tecnologia,inbound,206,36470.99,0.536,224,0.6391
15826,Treino_3733,saude,inbound,206,54186.63,0.16,431,0.3586
12621,Treino_3734,saude,inbound,206,47915.07,0.734,252,0.591
19264,Treino_3735,servicos,inbound,206,29323.46,0.272,356,0.7158
13316,Treino_3736,tecnologia,outbound,206,63360.08,0.579,363,0.6003
16226,Treino_3737,industria,indicacao,206,64640.1,0.762,34,0.3632
17196,Treino_3738,saude,inbound,206,51844.92,0.913,31,0.7033
15067,Treino_3739,tecnologia,inbound,206,36629.69,0.014,51,0.0601
17627,Treino_3740,saude,inbound,206,45639.18,0.629,150,0.3725
17200,Treino_3741,tecnologia,inbound,206,58874.14,0.927,366,0.8258
13929,Treino_3742,tecnologia,outbound,207,57363.12,0.899,298,0.4712
14864,Treino_3743,saude,indicacao,207,22761.96,0.118,417,0.1573
19489,Treino_3744,varejo,inbound,207,34057.11,0.745,308,0.4495
18008,Treino_3745,varejo,inbound,207,82967.47,0.569,95,0.6255
10751,Treino_3746,saude,inbound,207,34162.0,0.405,426,0.4733
17260,Treino_3747,servicos,inbound,207,39476.01,0.244,412,0.4126
11511,Treino_3748,tecnologia,outbound,207,54712.58,0.08,334,0.1736
14778,Treino_3749,tecnologia,outbound,207,41425.65,0.755,53,0.5949
11437,Treino_3750,varejo,inbound,207,82681.78,0.385,396,0.2125
10384,Treino_3751,tecnologia,outbound,207,47527.45,0.335,53,0.0908
16869,Treino_3752,industria,inbound,207,47992.63,0.536,487,0.4176
14295,Treino_3753,industria,outbound,207,75832.86,0.572,164,0.3977
15934,Treino_3754,industria,inbound,207,84810.28,0.788,17,0.209
15699,Treino_3755,industria,inbound,207,37383.66,0.348,75,0.4377
19925,Treino_3756,tecnologia,outbound,207,5533.38,0.137,450,0.3348
19919,Treino_3757,industria,outbound,207,42014.11,0.613,146,0.2272
10122,Treino_3758,tecnologia,inbound,207,54954.65,0.701,141,0.5449
15494,Treino_3759,tecnologia,inbound,207,67995.42,0.183,216,0.4122
15894,Treino_3760,servicos,inbound,207,45276.63,0.261,384,0.5701
19729,Treino_3761,industria,inbound,207,48735.29,0.652,194,0.5941
12316,Treino_3762,tecnologia,inbound,207,30842.55,0.4,288,0.149
15488,Treino_3763,industria,inbound,208,61653.27,0.83,146,0.738
15380,Treino_3764,servicos,outbound,208,31992.88,0.89,249,0.4433
12168,Treino_3765,tecnologia,outbound,208,32524.35,0.919,179,0.4381
12493,Treino_3766,varejo,inbound,208,50578.73,0.342,98,0.4281
18031,Treino_3767,saude,inbound,208,22113.66,0.382,414,0.441
18047,Treino_3768,industria,outbound,208,53188.82,0.744,295,0.5408
19686,Treino_3769,servicos,outbound,208,33170.06,0.894,75,0.4088
19227,Treino_3770,tecnologia,indicacao,208,50976.47,0.029,405,0.4361
14437,Treino_3771,tecnologia,inbound,208,48072.63,0.275,318,0.3965
12643,Treino_3772,tecnologia,inbound,208,34292.33,0.788,396,0.387
11793,Treino_3773,servicos,inbound,208,56737.14,0.182,428,0.401
18167,Treino_3774,tecnologia,inbound,208,46281.2,0.622,172,0.4948
15091,Treino_3775,tecnologia,inbound,208,86643.03,0.167,110,0.99
14360,Treino_3776,tecnologia,inbound,208,36156.03,0.784,262,0.8137
18910,Treino_3777,saude,inbound,208,61540.99,0.943,34,0.6443
16614,Treino_3778,servicos,outbound,208,27832.2,0.274,220,0.4262
11933,Treino_3779,varejo,outbound,208,17188.33,0.664,83,0.3816
12660,Treino_3780,tecnologia,inbound,208,53687.62,0.804,91,0.2854
11236,Treino_3781,tecnologia,inbound,208,58525.05,0.052,297,0.2517
17733,Treino_3782,varejo,inbound,208,34540.1,0.766,359,0.7194
17536,Treino_3783,saude,inbound,208,47936.43,0.044,444,0.01
11520,Treino_3784,tecnologia,indicacao,208,52147.19,0.675,353,0.891
11213,Treino_3785,varejo,indicacao,208,36873.13,0.249,456,0.408
17385,Treino_3786,saude,inbound,209,61894.23,0.581,7,0.6299
14615,Treino_3787,tecnologia,inbound,209,54380.77,0.722,384,0.5596
17524,Treino_3788,saude,inbound,209,69438.67,0.365,312,0.1761
14396,Treino_3789,tecnologia,outbound,209,43464.83,0.926,248,0.5425
16322,Treino_3790,saude,outbound,209,25630.34,0.503,203,0.26
11027,Treino_3791,varejo,inbound,209,65167.4,0.678,427,0.8292
11228,Treino_3792,tecnologia,inbound,209,10702.19,0.865,459,0.438
10158,Treino_3793,servicos,outbound,209,39061.24,0.746,460,0.4773
18790,Treino_3794,saude,inbound,209,39731.12,0.185,122,0.01
13260,Treino_3795,servicos,outbound,209,23047.01,0.032,147,0.01
18545,Treino_3796,industria,outbound,209,69627.68,0.612,480,0.4555
12586,Treino_3797,servicos,indicacao,209,5000.0,0.892,305,0.6888
19718,Treino_3798,varejo,inbound,209,54679.53,0.522,430,0.322
10150,Treino_3799,servicos,inbound,209,78476.78,0.635,439,0.8648
19146,Treino_3800,servicos,inbound,209,64355.13,0.008,440,0.249
13056,Treino_3801,tecnologia,inbound,209,20634.96,0.595,59,0.4336
13601,Treino_3802,tecnologia,inbound,209,60342.32,0.562,106,0.563
18312,Treino_3803,servicos,inbound,209,51448.48,0.553,326,0.01
10139,Treino_3804,saude,inbound,209,76190.48,0.137,78,0.01
16687,Treino_3805,tecnologia,indicacao,210,51855.07,0.305,351,0.0909
10846,Treino_3806,saude,inbound,210,18988.14,0.174,68,0.1031
14500,Treino_3807,industria,outbound,210,48888.31,0.126,106,0.0266
12229,Treino_3808,saude,outbound,210,48729.28,0.47,146,0.2577
11672,Treino_3809,tecnologia,inbound,210,27654.68,0.424,373,0.4942
17075,Treino_3810,saude,inbound,210,46885.48,0.873,412,0.606
17961,Treino_3811,varejo,inbound,210,76761.15,0.491,353,0.659
16082,Treino_3812,tecnologia,outbound,210,61805.46,0.419,205,0.3801
18268,Treino_3813,servicos,indicacao,210,81739.5,0.888,468,0.5809
12006,Treino_3814,tecnologia,outbound,210,35208.38,0.301,171,0.2955
16455,Treino_3815,industria,inbound,210,36468.01,0.698,316,0.6175
13855,Treino_3816,saude,indicacao,211,65276.94,0.538,16,0.3242
14807,Treino_3817,tecnologia,inbound,211,73446.5,0.386,198,0.4691
14036,Treino_3818,varejo,inbound,211,59356.67,0.366,433,0.4236
11529,Treino_3819,industria,outbound,211,5000.0,0.051,322,0.2226
18597,Treino_3820,tecnologia,indicacao,211,68322.52,0.306,435,0.4538
18587,Treino_3821,tecnologia,inbound,211,29818.19,0.457,355,0.48
16423,Treino_3822,tecnologia,inbound,211,86834.01,0.68,211,0.8282
12049,Treino_3823,saude,outbound,211,65675.41,0.63,330,0.5556
15481,Treino_3824,industria,outbound,211,42303.52,0.073,156,0.268
16255,Treino_3825,industria,outbound,211,75631.57,0.348,8,0.2783
18846,Treino_3826,varejo,inbound,211,48088.99,0.641,499,0.7142
11333,Treino_3827,industria,inbound,212,42327.17,0.022,250,0.1568
18068,Treino_3828,saude,indicacao,212,60473.2,0.994,77,0.8561
18084,Treino_3829,saude,inbound,212,38530.36,0.337,492,0.5391
14282,Treino_3830,tecnologia,inbound,212,51330.36,0.973,258,0.6282
18053,Treino_3831,tecnologia,indicacao,212,34483.23,0.381,33,0.4479
12496,Treino_3832,servicos,inbound,212,48994.84,0.645,452,0.4038
15768,Treino_3833,servicos,outbound,212,32773.99,0.943,188,0.3115
12245,Treino_3834,industria,indicacao,212,41806.01,0.068,56,0.01
19393,Treino_3835,saude,inbound,212,54350.14,0.523,11,0.0963
19009,Treino_3836,varejo,inbound,212,50122.76,0.038,318,0.0756
16852,Treino_3837,varejo,indicacao,212,72989.93,0.489,413,0.5891
12809,Treino_3838,industria,inbound,212,80954.63,0.552,404,0.65
10878,Treino_3839,industria,outbound,212,40007.98,0.531,23,0.3885
10067,Treino_3840,saude,outbound,212,57123.75,0.731,226,0.7865
17096,Treino_3841,tecnologia,outbound,212,104850.87,0.448,120,0.7772
19197,Treino_3842,servicos,inbound,212,53613.12,0.782,307,0.2845
17647,Treino_3843,tecnologia,inbound,212,58228.01,0.25,310,0.3388
12708,Treino_3844,industria,outbound,212,51113.08,0.465,443,0.5516
12533,Treino_3845,servicos,inbound,212,49406.74,0.02,246,0.2042
15452,Treino_3846,tecnologia,inbound,212,50871.86,0.372,202,0.5118
15462,Treino_3847,varejo,outbound,212,29675.94,0.832,232,0.6158
19485,Treino_3848,industria,indicacao,212,18853.34,0.638,271,0.6266
12361,Treino_3849,industria,inbound,212,55167.32,0.668,336,0.2025
18414,Treino_3850,tecnologia,inbound,212,35513.35,0.65,457,0.5732
16700,Treino_3851,varejo,inbound,212,41673.11,0.989,158,0.7147
18584,Treino_3852,servicos,indicacao,213,54007.19,0.41,314,0.4171
16442,Treino_3853,varejo,inbound,213,58845.44,0.873,492,0.5994
18074,Treino_3854,saude,inbound,213,62538.22,0.259,81,0.2209
12126,Treino_3855,tecnologia,indicacao,213,48927.37,0.055,25,0.01
11779,Treino_3856,saude,inbound,213,55610.17,0.15,399,0.4798
19825,Treino_3857,varejo,outbound,213,36920.76,0.13,46,0.4313
15030,Treino_3858,tecnologia,inbound,213,59035.77,0.573,491,0.5754
10627,Treino_3859,industria,inbound,213,49088.65,0.923,13,0.2525
14663,Treino_3860,industria,inbound,213,50128.1,0.403,183,0.7729
16519,Treino_3861,servicos,inbound,213,5000.0,0.24,225,0.142
18273,Treino_3862,industria,outbound,213,29975.99,0.852,49,0.389
10305,Treino_3863,saude,indicacao,213,75057.35,0.891,472,0.5892
10903,Treino_3864,varejo,outbound,213,65849.95,0.759,58,0.2867
12622,Treino_3865,servicos,inbound,213,71668.7,0.076,75,0.3908
19059,Treino_3866,tecnologia,inbound,213,42544.46,0.524,350,0.4711
13844,Treino_3867,saude,outbound,213,79620.73,0.278,58,0.3631
19965,Treino_3868,servicos,inbound,213,47650.09,0.817,280,0.448
18356,Treino_3869,servicos,inbound,213,44136.34,0.532,33,0.1709
15346,Treino_3870,saude,outbound,213,42715.71,0.247,412,0.4265
16721,Treino_3871,varejo,inbound,214,46242.38,0.416,61,0.1537
14042,Treino_3872,tecnologia,outbound,214,75736.61,0.151,18,0.3859
15078,Treino_3873,industria,inbound,214,50270.5,0.499,228,0.2165
14002,Treino_3874,varejo,outbound,214,49770.89,0.055,402,0.134
16596,Treino_3875,industria,inbound,214,88710.32,0.987,150,0.7304
13408,Treino_3876,varejo,indicacao,214,58109.22,0.004,109,0.2202
18056,Treino_3877,industria,inbound,214,15185.56,0.812,174,0.4922
10233,Treino_3878,servicos,indicacao,214,31331.29,0.639,280,0.4658
17258,Treino_3879,saude,inbound,214,36795.52,0.884,172,0.396
18569,Treino_3880,servicos,outbound,214,24564.87,0.499,401,0.4673
17612,Treino_3881,tecnologia,inbound,214,48851.97,0.001,253,0.249
13334,Treino_3882,tecnologia,inbound,214,47038.56,0.194,104,0.1151
12400,Treino_3883,servicos,outbound,215,72199.45,0.938,5,0.5782
15717,Treino_3884,varejo,inbound,215,69565.75,0.415,144,0.3042
15429,Treino_3885,tecnologia,inbound,215,83494.73,0.47,10,0.2889
17324,Treino_3886,saude,indicacao,215,53847.42,0.315,458,0.4976
14675,Treino_3887,varejo,inbound,215,118842.68,0.053,386,0.4587
19740,Treino_3888,tecnologia,outbound,215,40065.35,0.143,490,0.4173
19014,Treino_3889,saude,indicacao,215,47650.64,0.366,365,0.5122
12998,Treino_3890,tecnologia,inbound,215,38152.73,0.391,190,0.2782
14920,Treino_3891,varejo,outbound,215,44751.16,0.548,216,0.4071
11538,Treino_3892,tecnologia,outbound,215,38908.19,0.805,185,0.6757
17453,Treino_3893,servicos,inbound,215,59345.3,0.232,225,0.2492
10288,Treino_3894,saude,indicacao,215,37573.59,0.64,462,0.5058
17220,Treino_3895,servicos,outbound,215,24939.42,0.567,305,0.3691
19533,Treino_3896,varejo,inbound,215,51089.22,0.226,155,0.6488
18679,Treino_3897,servicos,inbound,215,34024.59,0.516,43,0.01
14066,Treino_3898,industria,outbound,215,93572.16,0.959,65,0.4755
14094,Treino_3899,tecnologia,inbound,215,32000.91,0.628,467,0.4657
15087,Treino_3900,tecnologia,inbound,215,26850.78,0.366,429,0.3918
12607,Treino_3901,tecnologia,inbound,215,6978.17,0.9,279,0.5681
10930,Treino_3902,servicos,outbound,215,36163.87,0.98,296,0.8538
16246,Treino_3903,saude,inbound,216,34901.53,0.712,493,0.5505
15521,Treino_3904,varejo,inbound,216,57834.7,0.862,54,0.531
17033,Treino_3905,industria,inbound,216,25473.38,0.836,48,0.0973
16762,Treino_3906,saude,outbound,216,64582.82,0.041,417,0.0597
16240,Treino_3907,varejo,outbound,216,71838.81,0.712,421,0.4743
17354,Treino_3908,varejo,inbound,216,67080.45,0.957,407,0.5935
11657,Treino_3909,industria,outbound,216,62425.51,0.052,440,0.5849
10179,Treino_3910,tecnologia,inbound,216,64113.19,0.885,280,0.9043
16374,Treino_3911,industria,outbound,216,18360.96,0.095,377,0.3632
16722,Treino_3912,industria,indicacao,216,31633.98,0.229,92,0.6375
15947,Treino_3913,tecnologia,outbound,216,57160.68,0.437,90,0.3411
16764,Treino_3914,saude,inbound,216,37138.78,0.258,275,0.5548
13095,Treino_3915,servicos,inbound,216,37162.49,0.438,485,0.3082
13427,Treino_3916,varejo,inbound,216,22684.8,0.884,143,0.2895
16691,Treino_3917,varejo,inbound,216,63035.64,0.294,328,0.5663
18363,Treino_3918,varejo,inbound,216,52141.99,0.187,341,0.2948
15638,Treino_3919,tecnologia,outbound,216,21521.75,0.504,229,0.2897
18132,Treino_3920,saude,inbound,216,43865.75,0.006,496,0.3145
11010,Treino_3921,industria,outbound,216,32328.58,0.583,374,0.628
15211,Treino_3922,varejo,inbound,217,29229.19,0.912,237,0.4719
18290,Treino_3923,saude,outbound,217,29287.71,0.178,185,0.4348
13289,Treino_3924,servicos,outbound,217,35905.62,0.792,355,0.8424
13637,Treino_3925,servicos,inbound,217,31878.39,0.494,473,0.5565
15773,Treino_3926,servicos,outbound,217,30433.18,0.389,334,0.0736
10608,Treino_3927,industria,outbound,217,57157.26,0.059,67,0.01
19365,Treino_3928,saude,outbound,217,36103.87,0.712,397,0.7714
16725,Treino_3929,varejo,inbound,217,68707.26,0.274,273,0.4748
19325,Treino_3930,tecnologia,inbound,217,69602.84,0.06,360,0.5416
10322,Treino_3931,tecnologia,inbound,217,35380.71,0.931,243,0.33
10600,Treino_3932,industria,inbound,217,44460.7,0.35,33,0.0816
17091,Treino_3933,saude,inbound,217,65441.33,0.91,88,0.6816
14777,Treino_3934,industria,outbound,217,58171.17,0.666,382,0.7313
11348,Treino_3935,varejo,indicacao,217,16295.66,0.912,340,0.7652
11506,Treino_3936,servicos,inbound,217,77453.12,0.308,327,0.3946
14446,Treino_3937,varejo,outbound,217,68410.75,0.094,74,0.22
10339,Treino_3938,industria,inbound,217,35802.3,0.586,161,0.448
16534,Treino_3939,saude,inbound,217,41535.86,0.603,290,0.2308
10107,Treino_3940,servicos,inbound,218,47445.84,0.616,445,0.6609
17719,Treino_3941,varejo,inbound,218,14411.7,0.67,102,0.5665
18034,Treino_3942,tecnologia,indicacao,218,37413.52,0.338,35,0.4862
17929,Treino_3943,saude,inbound,218,68591.79,0.463,229,0.5194
12836,Treino_3944,servicos,inbound,218,40657.63,0.182,54,0.4643
17625,Treino_3945,servicos,outbound,218,73166.0,0.924,188,0.8876
11194,Treino_3946,saude,indicacao,218,61020.31,0.858,395,0.7554
12536,Treino_3947,servicos,inbound,218,18771.81,0.585,93,0.0762
15463,Treino_3948,industria,inbound,218,41748.49,0.281,269,0.4513
18714,Treino_3949,industria,inbound,218,73974.0,0.316,218,0.582
17215,Treino_3950,servicos,inbound,218,55837.41,0.454,135,0.436
18012,Treino_3951,tecnologia,inbound,218,54992.84,0.872,67,0.4616
15584,Treino_3952,saude,outbound,218,56356.1,0.177,415,0.4109
12821,Treino_3953,saude,indicacao,218,48894.86,0.223,93,0.6685
12453,Treino_3954,tecnologia,inbound,218,90929.47,0.324,30,0.3676
18709,Treino_3955,servicos,inbound,219,67044.8,0.306,142,0.6381
14005,Treino_3956,saude,outbound,219,69599.11,0.176,439,0.5144
16158,Treino_3957,saude,inbound,219,60790.29,0.034,387,0.4515
10259,Treino_3958,tecnologia,inbound,219,61585.2,0.701,407,0.7732
19634,Treino_3959,varejo,indicacao,219,43758.85,0.878,265,0.8432
11109,Treino_3960,tecnologia,inbound,219,40292.32,0.99,18,0.4003
17729,Treino_3961,saude,inbound,219,28914.95,0.145,156,0.0936
10480,Treino_3962,saude,inbound,219,14896.3,0.4,23,0.01
17121,Treino_3963,industria,inbound,219,68589.01,0.342,379,0.6126
10820,Treino_3964,saude,inbound,219,41858.08,0.577,26,0.2403
18332,Treino_3965,saude,inbound,219,23917.19,0.412,48,0.498
15293,Treino_3966,industria,inbound,219,36780.96,0.028,439,0.05
16065,Treino_3967,industria,outbound,219,80497.43,0.78,189,0.7896
17477,Treino_3968,industria,outbound,219,34444.48,0.475,192,0.308
16767,Treino_3969,varejo,indicacao,219,83580.01,0.949,258,0.5098
14941,Treino_3970,saude,inbound,219,32689.79,0.558,204,0.6303
16427,Treino_3971,varejo,inbound,219,64645.35,0.791,319,0.5375
12611,Treino_3972,varejo,inbound,219,51433.23,0.46,467,0.5973
18112,Treino_3973,tecnologia,outbound,219,62039.64,0.297,245,0.4981
14484,Treino_3974,servicos,outbound,219,27994.16,0.02,443,0.1407
19331,Treino_3975,tecnologia,inbound,220,34075.72,0.88,309,0.3899
18281,Treino_3976,servicos,inbound,220,62005.5,0.899,230,0.8735
17433,Treino_3977,varejo,inbound,220,56955.51,0.897,30,0.5388
15782,Treino_3978,industria,inbound,220,5000.0,0.858,358,0.3987
18286,Treino_3979,industria,outbound,220,43693.86,0.438,243,0.5137
10564,Treino_3980,industria,inbound,220,64866.5,0.211,273,0.6378
11896,Treino_3981,tecnologia,inbound,220,13777.06,0.266,426,0.3448
12417,Treino_3982,tecnologia,inbound,220,72449.29,0.778,320,0.6716
10832,Treino_3983,industria,inbound,220,38080.53,0.078,254,0.2115
16456,Treino_3984,servicos,inbound,220,64581.98,0.835,327,0.5122
13162,Treino_3985,tecnologia,inbound,220,15366.48,0.31,286,0.1994
15480,Treino_3986,industria,indicacao,220,36772.44,0.743,226,0.441
11421,Treino_3987,saude,inbound,220,41095.9,0.091,391,0.3778
19597,Treino_3988,saude,outbound,220,29218.38,0.172,52,0.1818
12185,Treino_3989,industria,inbound,220,66431.13,0.019,367,0.3368
10915,Treino_3990,industria,outbound,220,7819.99,0.987,53,0.2926
12813,Treino_3991,saude,inbound,220,81373.88,0.62,81,0.7652
12942,Treino_3992,saude,outbound,221,64704.11,0.071,280,0.3404
14646,Treino_3993,industria,outbound,221,49711.24,0.07,411,0.7215
12559,Treino_3994,saude,inbound,221,72256.04,0.556,166,0.72
12982,Treino_3995,servicos,inbound,221,45608.58,0.824,289,0.5982
17572,Treino_3996,saude,inbound,221,41866.62,0.018,191,0.5175
12250,Treino_3997,industria,inbound,221,64261.77,0.627,132,0.5045
15781,Treino_3998,saude,indicacao,221,33417.84,0.182,42,0.022
16497,Treino_3999,tecnologia,inbound,221,62582.25,1.0,268,0.6782
10818,Treino_4000,saude,inbound,221,45945.2,0.053,404,0.6419
17217,Treino_4001,servicos,inbound,221,95867.31,0.815,274,0.7493
17957,Treino_4002,servicos,outbound,221,40019.09,0.903,81,0.396
15566,Treino_4003,industria,inbound,221,60948.62,0.32,342,0.6232
11552,Treino_4004,tecnologia,inbound,221,8046.44,0.967,474,0.9355
11785,Treino_4005,tecnologia,inbound,221,41606.45,0.773,236,0.4142
13338,Treino_4006,saude,outbound,221,40283.07,0.294,92,0.5741
10445,Treino_4007,saude,inbound,221,5260.1,0.012,386,0.01
19150,Treino_4008,industria,indicacao,221,41603.26,0.774,479,0.7721
12663,Treino_4009,industria,inbound,221,64407.74,0.499,46,0.1556
18487,Treino_4010,tecnologia,outbound,221,67070.35,0.436,287,0.2923
13921,Treino_4011,tecnologia,inbound,222,97584.68,0.986,50,0.5978
11048,Treino_4012,servicos,inbound,222,70628.86,0.27,186,0.4461
11392,Treino_4013,tecnologia,inbound,222,62774.25,0.436,302,0.5311
13393,Treino_4014,servicos,inbound,222,21627.22,0.181,62,0.01
10505,Treino_4015,servicos,outbound,222,52921.78,0.077,182,0.2159
13662,Treino_4016,varejo,inbound,222,22041.23,0.963,437,0.5724
13675,Treino_4017,varejo,indicacao,222,70675.22,0.188,26,0.177
19231,Treino_4018,tecnologia,outbound,222,20168.27,0.234,330,0.01
12063,Treino_4019,tecnologia,outbound,222,14248.02,0.78,156,0.3244
19523,Treino_4020,industria,inbound,222,61797.57,0.451,467,0.4088
13614,Treino_4021,industria,inbound,222,62974.79,0.968,412,0.3937
14684,Treino_4022,varejo,inbound,222,42790.63,0.917,331,0.5805
16757,Treino_4023,saude,inbound,222,42294.86,0.211,147,0.1583
11682,Treino_4024,tecnologia,outbound,222,96604.08,0.469,499,0.8461
15760,Treino_4025,tecnologia,outbound,222,47841.57,0.038,67,0.1683
13729,Treino_4026,servicos,indicacao,222,45586.96,0.683,376,0.3474
12688,Treino_4027,tecnologia,indicacao,222,70032.06,0.4,179,0.5659
15686,Treino_4028,industria,outbound,222,55530.1,0.485,218,0.6427
10534,Treino_4029,industria,inbound,222,73342.94,0.797,61,0.6063
18391,Treino_4030,varejo,inbound,222,90910.17,0.626,327,0.817
18162,Treino_4031,servicos,inbound,222,50539.31,0.683,21,0.2905
11082,Treino_4032,industria,outbound,222,53289.61,0.637,211,0.3082
16273,Treino_4033,industria,outbound,222,11136.73,0.099,210,0.3236
16541,Treino_4034,tecnologia,outbound,222,18557.16,0.943,333,0.99
16778,Treino_4035,varejo,inbound,222,67167.79,0.215,73,0.4592
17947,Treino_4036,servicos,inbound,223,43041.42,0.639,185,0.4544
16265,Treino_4037,tecnologia,outbound,223,38569.43,0.768,275,0.3676
16151,Treino_4038,servicos,inbound,223,30898.5,0.853,486,0.7026
11382,Treino_4039,varejo,outbound,223,58424.76,0.381,189,0.2753
19316,Treino_4040,varejo,outbound,223,61568.74,0.881,185,0.6047
14723,Treino_4041,tecnologia,outbound,223,60808.89,0.928,25,0.43
18404,Treino_4042,servicos,outbound,223,62738.0,0.265,11,0.6121
17542,Treino_4043,servicos,outbound,223,54865.24,0.552,29,0.313
14780,Treino_4044,tecnologia,indicacao,223,45198.7,0.589,223,0.7744
17889,Treino_4045,varejo,inbound,223,37784.87,0.024,235,0.0156
13295,Treino_4046,tecnologia,indicacao,223,21306.29,0.484,306,0.5302
19769,Treino_4047,tecnologia,inbound,223,35238.47,0.743,494,0.403
19444,Treino_4048,tecnologia,outbound,223,21446.41,0.325,181,0.2586
19035,Treino_4049,tecnologia,inbound,223,18007.58,0.31,373,0.1715
13255,Treino_4050,tecnologia,indicacao,223,60832.19,0.628,368,0.5926
10613,Treino_4051,servicos,outbound,223,46112.87,0.987,412,0.555
14357,Treino_4052,tecnologia,inbound,224,28269.0,0.509,325,0.4845
18017,Treino_4053,servicos,outbound,224,43809.1,0.522,285,0.3206
18493,Treino_4054,varejo,indicacao,224,43200.73,0.636,227,0.4464
16950,Treino_4055,servicos,inbound,224,60676.68,0.034,353,0.5912
13150,Treino_4056,tecnologia,indicacao,224,44288.54,0.374,108,0.2312
19813,Treino_4057,varejo,inbound,224,13963.35,0.934,353,0.5263
14117,Treino_4058,varejo,inbound,224,12550.2,0.949,342,0.6559
12557,Treino_4059,tecnologia,inbound,224,59955.03,0.34,489,0.5309
10584,Treino_4060,saude,outbound,224,67201.91,0.954,63,0.8124
11279,Treino_4061,tecnologia,inbound,224,56277.0,0.375,357,0.5518
11272,Treino_4062,tecnologia,outbound,224,62428.81,0.594,355,0.637
13715,Treino_4063,servicos,inbound,224,57162.88,0.249,251,0.4762
17408,Treino_4064,tecnologia,inbound,224,40850.46,0.03,433,0.3149
14879,Treino_4065,saude,inbound,224,43573.13,0.563,163,0.3369
15392,Treino_4066,industria,inbound,224,34891.65,0.009,445,0.2479
19888,Treino_4067,servicos,inbound,224,41361.89,0.958,268,0.7053
19642,Treino_4068,saude,inbound,224,55501.58,0.676,156,0.4768
17153,Treino_4069,saude,outbound,224,62278.76,0.207,492,0.3022
14346,Treino_4070,saude,outbound,224,33878.22,0.844,248,0.8524
13187,Treino_4071,servicos,inbound,225,83428.58,0.348,443,0.477
10166,Treino_4072,industria,inbound,225,24433.67,0.565,191,0.2271
14498,Treino_4073,saude,inbound,225,59530.31,0.971,274,0.5401
19756,Treino_4074,varejo,inbound,225,27898.54,0.057,63,0.0926
14241,Treino_4075,varejo,inbound,225,52436.69,0.638,442,0.5578
12095,Treino_4076,industria,indicacao,225,74017.1,0.254,452,0.3039
11791,Treino_4077,varejo,outbound,225,42060.68,0.616,215,0.2694
15404,Treino_4078,saude,indicacao,225,47659.13,0.758,109,0.5475
18072,Treino_4079,varejo,inbound,225,55483.44,0.295,314,0.5113
17167,Treino_4080,saude,indicacao,225,44285.01,0.751,301,0.5644
19073,Treino_4081,saude,outbound,225,39925.14,0.488,320,0.5183
13362,Treino_4082,servicos,indicacao,225,71837.71,0.341,177,0.6793
10889,Treino_4083,servicos,inbound,225,31878.63,0.237,330,0.3719
10498,Treino_4084,saude,indicacao,225,49728.91,0.847,269,0.4691
19412,Treino_4085,tecnologia,inbound,225,32402.0,0.821,191,0.3691
19971,Treino_4086,servicos,indicacao,225,40423.35,0.902,391,0.6699
18449,Treino_4087,industria,outbound,225,45497.46,0.893,84,0.2963
17261,Treino_4088,industria,indicacao,225,53501.72,0.239,455,0.4831
10894,Treino_4089,saude,inbound,226,68130.49,0.412,323,0.2308
19889,Treino_4090,varejo,inbound,226,55583.43,0.445,326,0.5782
18776,Treino_4091,servicos,inbound,226,32761.14,0.52,143,0.0813
17639,Treino_4092,servicos,outbound,226,49580.19,0.581,325,0.6156
17799,Treino_4093,saude,inbound,226,78602.43,0.537,489,0.478
17645,Treino_4094,saude,inbound,226,63342.26,0.706,208,0.7442
19509,Treino_4095,saude,inbound,226,34331.47,0.772,210,0.4022
16472,Treino_4096,saude,inbound,226,71536.84,0.923,210,0.99
17312,Treino_4097,varejo,outbound,226,96567.5,0.265,26,0.4464
13618,Treino_4098,servicos,indicacao,226,39747.45,0.272,150,0.3896
19131,Treino_4099,saude,inbound,226,51724.28,0.328,137,0.01
10618,Treino_4100,industria,inbound,226,24094.06,0.428,250,0.23
12216,Treino_4101,tecnologia,indicacao,226,78857.0,0.911,388,0.99
17439,Treino_4102,varejo,inbound,226,67690.2,0.095,242,0.3416
18896,Treino_4103,saude,inbound,226,64710.76,0.703,139,0.5688
12927,Treino_4104,saude,inbound,227,53933.32,0.844,441,0.8867
13639,Treino_4105,saude,inbound,227,30478.16,0.389,119,0.0833
17245,Treino_4106,servicos,outbound,227,68229.97,0.462,139,0.9066
15138,Treino_4107,servicos,inbound,227,41824.5,0.788,281,0.4737
12218,Treino_4108,tecnologia,inbound,227,49809.26,0.63,435,0.3781
11149,Treino_4109,varejo,inbound,227,61297.14,0.847,113,0.99
12509,Treino_4110,saude,inbound,227,45555.85,0.351,287,0.1852
19396,Treino_4111,saude,inbound,227,25315.19,0.62,227,0.4786
18203,Treino_4112,saude,inbound,227,5000.0,0.383,468,0.2596
19310,Treino_4113,servicos,inbound,227,62257.37,0.798,397,0.4231
15066,Treino_4114,varejo,inbound,227,24448.12,0.386,461,0.263
13666,Treino_4115,tecnologia,indicacao,227,55934.76,0.131,223,0.1769
17085,Treino_4116,industria,outbound,227,40789.78,0.712,385,0.7395
19254,Treino_4117,saude,inbound,227,52313.86,0.23,105,0.099
13918,Treino_4118,saude,outbound,227,56471.43,0.767,439,0.7313
17585,Treino_4119,saude,inbound,227,51462.03,0.087,93,0.2488
13204,Treino_4120,varejo,inbound,227,43543.86,0.181,245,0.2245
19321,Treino_4121,tecnologia,inbound,227,48011.39,0.15,226,0.533
12197,Treino_4122,saude,inbound,227,64295.88,0.453,90,0.7449
18486,Treino_4123,varejo,inbound,227,11334.39,0.243,453,0.1061
13250,Treino_4124,saude,inbound,227,33216.04,0.038,105,0.1334
11972,Treino_4125,industria,indicacao,227,27709.29,0.544,316,0.4433
14691,Treino_4126,saude,outbound,227,25376.41,0.552,370,0.5216
16346,Treino_4127,varejo,inbound,227,74961.61,0.71,213,0.2827
15624,Treino_4128,servicos,inbound,227,69117.77,0.864,390,0.99
14304,Treino_4129,industria,outbound,227,19078.9,0.325,333,0.4036
15064,Treino_4130,tecnologia,inbound,228,78390.33,0.119,470,0.2872
17973,Treino_4131,tecnologia,inbound,228,5000.0,0.728,254,0.059
17143,Treino_4132,tecnologia,indicacao,228,20887.25,0.726,407,0.7463
11537,Treino_4133,varejo,inbound,228,56106.13,0.728,159,0.4527
13147,Treino_4134,saude,inbound,228,53621.85,0.539,335,0.4349
19379,Treino_4135,industria,outbound,228,53955.47,0.407,424,0.2687
15741,Treino_4136,tecnologia,inbound,228,38439.89,0.054,208,0.1887
15886,Treino_4137,industria,outbound,228,67502.23,0.112,474,0.2504
13907,Treino_4138,tecnologia,outbound,228,14970.57,0.817,273,0.389
19295,Treino_4139,industria,inbound,228,37125.93,0.052,456,0.4471
19707,Treino_4140,saude,inbound,228,55162.54,0.941,438,0.8568
13060,Treino_4141,tecnologia,inbound,229,48183.52,0.439,386,0.4765
10769,Treino_4142,saude,inbound,229,16168.72,0.663,311,0.4414
15397,Treino_4143,servicos,inbound,229,83382.12,0.906,231,0.6021
17568,Treino_4144,varejo,inbound,229,86376.04,0.64,416,0.7256
11055,Treino_4145,servicos,inbound,229,50472.91,0.195,266,0.3685
11673,Treino_4146,saude,inbound,229,48758.84,0.204,345,0.3423
13850,Treino_4147,servicos,outbound,229,74967.97,0.633,43,0.2899
16754,Treino_4148,servicos,indicacao,229,36641.69,0.392,299,0.4853
15473,Treino_4149,varejo,inbound,229,53253.17,0.027,114,0.2228
18531,Treino_4150,varejo,outbound,229,56732.81,0.792,258,0.5973
15895,Treino_4151,tecnologia,inbound,229,39689.41,0.479,207,0.5595
16915,Treino_4152,industria,outbound,229,42697.42,0.051,98,0.4193
18028,Treino_4153,saude,outbound,229,55090.33,0.238,135,0.1699
11216,Treino_4154,saude,inbound,229,23786.57,0.664,65,0.3813
16140,Treino_4155,servicos,outbound,229,51239.26,0.628,282,0.3858
10728,Treino_4156,tecnologia,inbound,229,69059.33,0.021,49,0.2576
15818,Treino_4157,tecnologia,inbound,229,45790.26,0.09,49,0.1606
10712,Treino_4158,industria,inbound,229,50947.99,0.328,360,0.5794
10926,Treino_4159,tecnologia,inbound,229,61619.97,0.527,205,0.5577
12897,Treino_4160,servicos,inbound,229,23919.82,0.575,262,0.6371
10201,Treino_4161,servicos,outbound,229,33685.7,0.858,349,0.9594
11220,Treino_4162,servicos,inbound,229,35088.76,0.711,411,0.4993
17742,Treino_4163,tecnologia,inbound,229,75719.93,0.181,332,0.6124
12369,Treino_4164,saude,outbound,229,69678.11,0.957,284,0.7323
19108,Treino_4165,varejo,outbound,230,75038.49,0.166,168,0.6684
18779,Treino_4166,saude,inbound,230,61197.68,0.156,228,0.0565
19675,Treino_4167,tecnologia,inbound,230,54533.49,0.781,182,0.5508
17978,Treino_4168,servicos,inbound,230,47094.47,0.64,120,0.4913
12485,Treino_4169,industria,inbound,230,58987.91,0.346,372,0.5327
15032,Treino_4170,servicos,inbound,230,33689.0,0.585,469,0.2194
10646,Treino_4171,industria,indicacao,230,43856.73,0.898,452,0.7159
11675,Treino_4172,tecnologia,inbound,230,117795.11,0.56,84,0.5665
14648,Treino_4173,servicos,inbound,230,73801.2,0.868,348,0.8958
12605,Treino_4174,tecnologia,inbound,230,71462.39,0.168,113,0.1124
16389,Treino_4175,servicos,outbound,230,50553.08,0.094,40,0.3841
15622,Treino_4176,saude,inbound,230,58233.3,0.346,41,0.1609
19422,Treino_4177,varejo,inbound,230,67308.22,0.51,215,0.5436
19268,Treino_4178,varejo,outbound,230,55703.55,0.803,328,0.6736
12246,Treino_4179,servicos,inbound,230,88728.7,0.648,264,0.6653
15096,Treino_4180,tecnologia,outbound,230,61135.79,0.129,94,0.1074
12065,Treino_4181,industria,inbound,230,47689.33,0.497,471,0.8506
19812,Treino_4182,servicos,outbound,230,66836.84,0.496,24,0.2592
17800,Treino_4183,varejo,outbound,230,83220.7,0.434,139,0.4567
18233,Treino_4184,industria,outbound,230,47868.8,0.453,118,0.2035
11481,Treino_4185,tecnologia,inbound,230,37671.14,0.531,267,0.1551
11809,Treino_4186,servicos,outbound,230,53901.44,0.936,168,0.6218
17334,Treino_4187,saude,inbound,230,87940.55,0.876,281,0.5319
13438,Treino_4188,industria,indicacao,230,56289.2,0.42,96,0.271
11098,Treino_4189,servicos,outbound,230,82385.07,0.408,296,0.6431
18615,Treino_4190,saude,inbound,230,39355.29,0.574,467,0.5743
13735,Treino_4191,industria,inbound,230,37662.46,0.859,449,0.5509
17305,Treino_4192,industria,outbound,231,49408.49,0.263,124,0.0502
14347,Treino_4193,servicos,inbound,231,49849.71,0.937,420,0.6078
13092,Treino_4194,servicos,inbound,231,61150.28,0.004,188,0.3007
14224,Treino_4195,servicos,indicacao,231,68170.97,0.037,65,0.01
19588,Treino_4196,industria,indicacao,231,41350.68,0.214,263,0.659
16055,Treino_4197,tecnologia,indicacao,231,43086.36,0.142,373,0.4928
10176,Treino_4198,industria,outbound,231,40966.26,0.412,388,0.1179
12351,Treino_4199,servicos,inbound,231,14394.28,0.857,365,0.3922
19265,Treino_4200,saude,inbound,231,53713.06,0.072,494,0.6495
10958,Treino_4201,tecnologia,inbound,231,53892.35,0.613,484,0.4126
10995,Treino_4202,servicos,inbound,231,30292.91,0.88,428,0.6996
12766,Treino_4203,servicos,indicacao,231,50961.79,0.961,16,0.4523
11868,Treino_4204,servicos,indicacao,232,48431.04,0.611,467,0.6661
13881,Treino_4205,saude,inbound,232,74391.63,0.524,299,0.3192
14430,Treino_4206,varejo,inbound,232,98957.67,0.953,497,0.99
16486,Treino_4207,varejo,outbound,232,52069.23,0.892,143,0.1145
13833,Treino_4208,industria,outbound,232,30279.5,0.025,123,0.2276
15280,Treino_4209,servicos,outbound,232,31307.16,0.215,55,0.01
12787,Treino_4210,tecnologia,indicacao,232,46064.52,0.44,237,0.6206
19405,Treino_4211,varejo,inbound,232,70597.92,0.85,228,0.5183
15547,Treino_4212,tecnologia,outbound,232,66972.54,0.364,241,0.491
18558,Treino_4213,varejo,inbound,232,12861.32,0.344,296,0.5643
15413,Treino_4214,varejo,inbound,232,59453.94,0.699,254,0.3484
15505,Treino_4215,servicos,indicacao,232,48730.98,0.44,198,0.362
17274,Treino_4216,varejo,outbound,232,48524.93,0.785,437,0.4485
19101,Treino_4217,tecnologia,inbound,232,41680.48,0.352,253,0.4017
11455,Treino_4218,varejo,outbound,232,64525.83,0.159,177,0.3876
18728,Treino_4219,servicos,outbound,232,18319.39,0.142,357,0.1277
12867,Treino_4220,tecnologia,inbound,232,45494.93,0.456,414,0.514
12848,Treino_4221,servicos,outbound,232,55803.68,0.303,48,0.0488
14914,Treino_4222,varejo,inbound,232,64075.51,0.014,462,0.1845
19890,Treino_4223,varejo,indicacao,232,50128.01,0.514,131,0.436
12593,Treino_4224,tecnologia,outbound,232,101618.18,0.617,78,0.4978
14047,Treino_4225,saude,outbound,232,64519.13,0.018,220,0.3475
14969,Treino_4226,varejo,inbound,233,34841.14,0.255,37,0.4205
12062,Treino_4227,saude,outbound,233,44690.25,0.827,34,0.6324
15430,Treino_4228,tecnologia,indicacao,233,5000.0,0.665,327,0.4551
16726,Treino_4229,servicos,inbound,233,41548.19,0.858,244,0.2443
13244,Treino_4230,saude,outbound,233,108013.77,0.04,419,0.99
14697,Treino_4231,servicos,indicacao,233,63863.32,0.127,120,0.4502
17735,Treino_4232,varejo,inbound,233,25699.61,0.709,216,0.0839
19416,Treino_4233,tecnologia,outbound,233,50520.61,0.049,352,0.4158
19068,Treino_4234,varejo,inbound,233,44911.02,0.188,164,0.2591
16766,Treino_4235,saude,inbound,233,18660.08,0.118,24,0.1741
10102,Treino_4236,servicos,inbound,233,77394.06,0.256,422,0.7795
17428,Treino_4237,industria,indicacao,233,47934.2,0.527,409,0.7183
17674,Treino_4238,saude,inbound,233,62550.06,0.541,332,0.6532
14952,Treino_4239,varejo,outbound,233,87040.22,0.812,19,0.4142
15548,Treino_4240,industria,inbound,233,70436.11,0.633,275,0.5246
13456,Treino_4241,industria,indicacao,233,66414.86,0.803,351,0.7673
13542,Treino_4242,servicos,inbound,233,40693.11,0.004,68,0.3385
11560,Treino_4243,saude,inbound,234,23952.85,0.613,48,0.332
17523,Treino_4244,saude,inbound,234,40890.45,0.343,101,0.204
15961,Treino_4245,saude,inbound,234,64631.86,0.066,479,0.8294
14585,Treino_4246,industria,outbound,234,40580.88,0.02,166,0.2863
16437,Treino_4247,varejo,inbound,234,52939.81,0.04,287,0.3258
14755,Treino_4248,saude,outbound,234,49595.48,0.872,428,0.3816
11261,Treino_4249,servicos,outbound,234,87257.27,0.147,331,0.1674
15602,Treino_4250,varejo,outbound,234,59226.48,0.951,425,0.6397
12056,Treino_4251,industria,indicacao,234,54506.21,0.034,443,0.2227
12944,Treino_4252,industria,inbound,234,78443.52,0.537,346,0.4933
10914,Treino_4253,tecnologia,inbound,234,39291.54,0.473,136,0.3371
17349,Treino_4254,saude,inbound,234,52080.55,0.837,215,0.371
14460,Treino_4255,industria,outbound,234,30219.86,0.361,388,0.3074
17173,Treino_4256,tecnologia,inbound,234,49742.34,0.953,339,0.4589
10772,Treino_4257,saude,inbound,234,33816.28,0.238,468,0.2201
15753,Treino_4258,industria,outbound,234,60853.38,0.711,256,0.3106
15704,Treino_4259,varejo,inbound,234,54757.04,0.715,310,0.4882
12805,Treino_4260,saude,inbound,234,64716.65,0.83,129,0.7416
15653,Treino_4261,tecnologia,inbound,234,42510.4,0.768,290,0.5342
16832,Treino_4262,servicos,inbound,234,48193.51,0.096,451,0.3163
16221,Treino_4263,saude,indicacao,234,43225.73,0.322,50,0.1805
15023,Treino_4264,varejo,inbound,234,63851.63,0.357,334,0.5935
16123,Treino_4265,varejo,outbound,234,44558.44,0.445,335,0.4853
16101,Treino_4266,industria,outbound,234,23399.92,0.353,134,0.01
18066,Treino_4267,industria,inbound,234,35098.33,0.17,70,0.1026
11604,Treino_4268,servicos,inbound,234,60603.22,0.378,354,0.5653
15627,Treino_4269,saude,outbound,235,48896.15,0.36,340,0.6462
14521,Treino_4270,tecnologia,indicacao,235,33734.86,0.567,162,0.2541
14461,Treino_4271,saude,inbound,235,97570.87,0.368,262,0.3067
16348,Treino_4272,industria,indicacao,235,72712.39,0.241,135,0.1626
12143,Treino_4273,saude,inbound,235,57948.21,0.534,306,0.6618
15862,Treino_4274,industria,inbound,235,57316.99,0.917,254,0.9036
15353,Treino_4275,tecnologia,outbound,235,76996.03,0.493,432,0.6927
18371,Treino_4276,tecnologia,inbound,235,76237.05,0.669,378,0.9132
19156,Treino_4277,saude,outbound,235,67778.28,0.764,292,0.7061
11807,Treino_4278,saude,outbound,235,79046.53,0.783,208,0.99
18249,Treino_4279,varejo,indicacao,235,12165.27,0.185,90,0.0955
17098,Treino_4280,saude,outbound,235,56172.4,0.069,290,0.3216
10051,Treino_4281,industria,indicacao,235,50921.83,0.415,448,0.4271
14882,Treino_4282,varejo,indicacao,235,46425.5,0.556,378,0.1504
17076,Treino_4283,industria,inbound,235,49332.29,0.314,273,0.8241
17738,Treino_4284,varejo,indicacao,235,52593.42,0.512,314,0.5074
17919,Treino_4285,saude,inbound,236,62664.9,0.895,107,0.3176
11988,Treino_4286,tecnologia,outbound,236,26410.49,0.907,468,0.7012
18258,Treino_4287,varejo,inbound,236,48383.14,0.458,94,0.3389
16454,Treino_4288,servicos,inbound,236,44645.17,0.376,65,0.0357
17125,Treino_4289,industria,outbound,236,13864.11,0.944,260,0.5638
15044,Treino_4290,varejo,inbound,236,30367.76,0.563,386,0.5113
12497,Treino_4291,industria,inbound,236,53822.46,0.227,499,0.2676
15744,Treino_4292,servicos,outbound,236,83307.53,0.044,289,0.5259
11617,Treino_4293,servicos,indicacao,236,83236.64,0.495,192,0.7701
11761,Treino_4294,industria,inbound,236,78834.9,0.158,356,0.2117
16703,Treino_4295,servicos,inbound,236,10970.57,0.279,167,0.3108
17768,Treino_4296,saude,inbound,236,42236.56,0.42,354,0.6142
18854,Treino_4297,industria,outbound,236,46578.32,0.159,312,0.1187
18644,Treino_4298,tecnologia,inbound,236,38359.3,0.787,492,0.5838
18519,Treino_4299,servicos,inbound,236,41663.65,0.001,464,0.0216
19314,Treino_4300,tecnologia,outbound,236,49712.27,0.231,166,0.2136
19054,Treino_4301,saude,inbound,236,57323.42,0.18,329,0.0296
18646,Treino_4302,tecnologia,outbound,236,62418.57,0.0,121,0.01
14693,Treino_4303,varejo,outbound,237,43745.71,0.631,431,0.4083
13610,Treino_4304,saude,inbound,237,64880.88,0.309,378,0.585
11628,Treino_4305,tecnologia,outbound,237,69276.28,0.214,339,0.5221
12745,Treino_4306,varejo,outbound,237,12266.04,0.671,150,0.01
16328,Treino_4307,industria,inbound,237,33512.48,0.951,401,0.7627
17519,Treino_4308,tecnologia,outbound,237,71312.46,0.07,462,0.7556
18654,Treino_4309,varejo,inbound,237,49791.28,0.458,28,0.3031
12875,Treino_4310,servicos,inbound,237,14763.2,0.064,75,0.0306
19342,Treino_4311,servicos,inbound,237,15342.27,0.18,481,0.3718
14087,Treino_4312,industria,inbound,237,43732.2,0.346,56,0.7745
11460,Treino_4313,industria,indicacao,237,46839.02,0.769,258,0.2986
11574,Treino_4314,industria,inbound,237,33482.54,0.786,437,0.7073
18604,Treino_4315,tecnologia,outbound,237,63732.65,0.941,78,0.692
15601,Treino_4316,varejo,inbound,237,26774.47,0.6,142,0.4664
16859,Treino_4317,servicos,indicacao,237,20668.55,0.805,465,0.677
15389,Treino_4318,saude,inbound,237,18106.14,0.923,446,0.2321
16152,Treino_4319,tecnologia,indicacao,237,51716.14,0.11,338,0.4908
13079,Treino_4320,tecnologia,indicacao,237,48389.63,0.113,335,0.3395
14774,Treino_4321,industria,inbound,237,32872.08,0.714,459,0.4769
16285,Treino_4322,saude,outbound,238,27304.95,0.238,276,0.0663
12350,Treino_4323,tecnologia,outbound,238,38959.23,0.796,98,0.6557
13888,Treino_4324,varejo,inbound,238,46172.34,0.7,237,0.4789
14270,Treino_4325,varejo,outbound,238,40740.88,0.42,415,0.7403
16661,Treino_4326,saude,indicacao,238,77718.2,0.323,218,0.3797
10462,Treino_4327,industria,inbound,238,30523.82,0.996,293,0.7083
11394,Treino_4328,industria,inbound,238,97169.31,0.382,443,0.8423
19505,Treino_4329,saude,inbound,238,50927.16,0.103,318,0.2602
14129,Treino_4330,tecnologia,inbound,238,74767.88,0.418,18,0.3848
15235,Treino_4331,tecnologia,inbound,238,65965.29,0.724,179,0.4008
13521,Treino_4332,varejo,indicacao,238,62592.04,0.983,311,0.8094
11702,Treino_4333,servicos,inbound,238,43636.05,0.793,217,0.5034
14279,Treino_4334,tecnologia,inbound,238,16766.13,0.845,193,0.6395
11885,Treino_4335,saude,inbound,238,76019.63,0.089,383,0.3045
15006,Treino_4336,servicos,inbound,238,48545.15,0.578,375,0.4522
13973,Treino_4337,tecnologia,outbound,238,13424.95,0.076,99,0.0107
10871,Treino_4338,industria,inbound,238,38926.68,0.892,208,0.6836
14065,Treino_4339,tecnologia,inbound,238,69109.03,0.167,243,0.3054
11796,Treino_4340,saude,inbound,239,93271.42,0.854,442,0.7344
16640,Treino_4341,industria,inbound,239,52655.33,0.867,127,0.5218
11443,Treino_4342,varejo,indicacao,239,64803.17,0.017,406,0.5107
11637,Treino_4343,saude,outbound,239,76564.02,0.425,95,0.5589
11690,Treino_4344,industria,inbound,239,54971.45,0.244,236,0.393
14544,Treino_4345,tecnologia,inbound,239,62025.17,0.635,393,0.8377
15629,Treino_4346,tecnologia,outbound,239,64419.82,0.522,27,0.3238
19084,Treino_4347,servicos,indicacao,239,18315.35,0.252,17,0.01
17920,Treino_4348,varejo,inbound,239,37085.48,0.281,266,0.2485
12992,Treino_4349,tecnologia,inbound,239,35594.71,0.652,129,0.3724
16450,Treino_4350,varejo,inbound,239,61620.64,0.261,69,0.2077
15182,Treino_4351,saude,inbound,239,62424.86,0.902,358,0.5201
13541,Treino_4352,saude,inbound,239,29555.99,0.274,437,0.3342
18009,Treino_4353,varejo,inbound,239,72812.96,0.575,322,0.5741
15139,Treino_4354,industria,outbound,239,33667.31,0.786,478,0.4275
16313,Treino_4355,saude,inbound,239,48287.9,0.122,328,0.2833
14333,Treino_4356,industria,inbound,239,35788.73,0.581,282,0.5311
19030,Treino_4357,tecnologia,indicacao,239,103617.49,0.398,250,0.99
11550,Treino_4358,servicos,inbound,240,39944.02,0.738,458,0.6752
15029,Treino_4359,servicos,inbound,240,39514.86,0.64,339,0.5968
15126,Treino_4360,varejo,outbound,240,51042.18,0.077,397,0.6487
12097,Treino_4361,saude,inbound,240,35847.95,0.278,472,0.369
18965,Treino_4362,varejo,outbound,240,39213.06,0.099,269,0.2081
16083,Treino_4363,industria,indicacao,240,36874.46,0.231,129,0.4358
19404,Treino_4364,tecnologia,inbound,240,44640.68,0.877,134,0.4157
15368,Treino_4365,servicos,outbound,240,38077.45,0.301,444,0.3911
16612,Treino_4366,saude,outbound,240,32911.22,0.665,46,0.3048
10324,Treino_4367,saude,inbound,240,61304.0,0.182,189,0.6939
15698,Treino_4368,servicos,inbound,240,37952.75,0.427,380,0.3299
17445,Treino_4369,saude,inbound,240,70652.28,0.583,416,0.725
14668,Treino_4370,saude,inbound,240,65868.99,0.877,366,0.5342
15843,Treino_4371,saude,outbound,240,63385.64,0.567,185,0.2565
16790,Treino_4372,saude,indicacao,240,47158.86,0.532,255,0.3723
15454,Treino_4373,servicos,inbound,240,40341.34,0.772,477,0.5544
18881,Treino_4374,varejo,inbound,240,73610.35,0.507,83,0.5221
11303,Treino_4375,tecnologia,outbound,240,60013.64,0.782,115,0.2661
12362,Treino_4376,saude,inbound,240,74486.32,0.298,151,0.5991
10767,Treino_4377,servicos,outbound,240,35241.53,0.258,250,0.1338
12187,Treino_4378,saude,indicacao,241,47511.97,0.541,374,0.6246
15837,Treino_4379,saude,inbound,241,25547.63,0.546,186,0.1334
13823,Treino_4380,saude,inbound,241,46467.33,0.239,465,0.5206
16873,Treino_4381,varejo,outbound,241,36764.14,0.548,75,0.1434
11373,Treino_4382,industria,inbound,241,10325.17,0.758,42,0.3092
10273,Treino_4383,servicos,outbound,241,71456.56,0.201,442,0.469
19631,Treino_4384,servicos,inbound,241,50185.25,0.918,26,0.3544
19016,Treino_4385,varejo,indicacao,241,58633.53,0.064,89,0.5842
15302,Treino_4386,industria,inbound,241,61763.27,0.626,188,0.3275
19899,Treino_4387,industria,inbound,241,28222.21,0.91,231,0.5661
12508,Treino_4388,servicos,indicacao,241,30641.25,0.162,105,0.1132
17455,Treino_4389,tecnologia,inbound,241,38348.55,0.273,74,0.01
19203,Treino_4390,servicos,inbound,241,45577.09,0.934,318,0.7222
16886,Treino_4391,varejo,inbound,241,50092.09,0.889,355,0.7548
14945,Treino_4392,saude,inbound,241,26964.53,0.12,147,0.201
14980,Treino_4393,tecnologia,outbound,241,77041.33,0.124,210,0.2711
14120,Treino_4394,tecnologia,indicacao,241,46483.88,0.099,238,0.2788
12093,Treino_4395,tecnologia,inbound,241,51661.09,0.205,211,0.5027
14112,Treino_4396,saude,outbound,241,49606.05,0.165,211,0.1596
13181,Treino_4397,varejo,inbound,241,21805.9,0.128,465,0.0177
17221,Treino_4398,industria,inbound,242,34782.2,0.984,97,0.2829
10879,Treino_4399,industria,inbound,242,45597.61,0.798,290,0.5614
11740,Treino_4400,tecnologia,outbound,242,37980.52,0.413,80,0.4039
16514,Treino_4401,servicos,outbound,242,49463.38,0.242,331,0.2988
15562,Treino_4402,tecnologia,indicacao,242,24358.73,0.649,424,0.6098
17210,Treino_4403,saude,outbound,242,53249.45,0.817,68,0.3724
11983,Treino_4404,servicos,inbound,242,63965.87,0.742,293,0.3869
17816,Treino_4405,tecnologia,inbound,242,43518.41,0.371,476,0.4238
14443,Treino_4406,industria,indicacao,242,60059.06,0.834,437,0.8341
10437,Treino_4407,saude,inbound,242,28812.34,0.463,142,0.4452
11834,Treino_4408,industria,inbound,242,22187.38,0.333,200,0.0484
18096,Treino_4409,tecnologia,indicacao,242,69830.71,0.643,292,0.7517
16618,Treino_4410,tecnologia,inbound,242,44278.35,0.634,345,0.3456
12132,Treino_4411,tecnologia,inbound,242,36838.35,0.908,177,0.2735
10876,Treino_4412,industria,outbound,242,66729.78,0.978,399,0.6002
18385,Treino_4413,tecnologia,indicacao,242,61943.21,0.842,384,0.8253
18479,Treino_4414,tecnologia,outbound,242,54866.96,0.929,407,0.8741
12826,Treino_4415,industria,inbound,242,43360.1,0.306,445,0.607
15056,Treino_4416,varejo,inbound,242,66339.22,0.552,309,0.6264
17868,Treino_4417,industria,inbound,242,68977.83,0.408,159,0.5929
19621,Treino_4418,tecnologia,outbound,242,73334.73,0.988,76,0.4157
17745,Treino_4419,saude,outbound,242,9297.57,0.296,96,0.2831
16792,Treino_4420,varejo,outbound,243,65511.39,0.732,308,0.8056
17959,Treino_4421,tecnologia,inbound,243,65093.64,0.307,148,0.4926
16576,Treino_4422,varejo,outbound,243,35475.68,0.213,271,0.3934
11729,Treino_4423,tecnologia,inbound,243,27932.53,0.308,321,0.5972
15026,Treino_4424,servicos,inbound,243,61066.19,0.217,46,0.0481
17825,Treino_4425,tecnologia,outbound,243,51344.16,0.746,295,0.2206
15544,Treino_4426,tecnologia,inbound,243,48464.59,0.73,70,0.4899
17109,Treino_4427,tecnologia,outbound,243,49737.0,0.498,250,0.2744
13285,Treino_4428,tecnologia,inbound,243,52138.1,0.328,162,0.428
12379,Treino_4429,industria,inbound,243,35163.7,0.413,372,0.5405
15410,Treino_4430,varejo,outbound,243,36079.11,0.669,25,0.01
12284,Treino_4431,servicos,outbound,243,11292.46,0.434,236,0.2971
17410,Treino_4432,servicos,inbound,243,37187.94,0.445,420,0.6879
11967,Treino_4433,varejo,inbound,243,74120.13,0.961,446,0.99
11386,Treino_4434,tecnologia,inbound,243,72247.95,0.349,288,0.5294
16441,Treino_4435,tecnologia,outbound,243,51297.01,0.358,241,0.9045
11720,Treino_4436,saude,outbound,244,69664.91,0.846,381,0.7598
16665,Treino_4437,saude,indicacao,244,55907.74,0.757,429,0.7701
13363,Treino_4438,varejo,inbound,244,96756.69,0.341,328,0.4235
14317,Treino_4439,servicos,inbound,244,58071.49,0.229,55,0.0778
11469,Treino_4440,saude,inbound,244,79280.49,0.865,184,0.6787
15345,Treino_4441,industria,inbound,244,19468.31,0.659,365,0.4067
13141,Treino_4442,saude,inbound,244,74236.97,0.778,128,0.5067
10125,Treino_4443,saude,inbound,244,53046.56,0.485,262,0.5191
17709,Treino_4444,servicos,inbound,244,70529.01,0.716,185,0.2247
14379,Treino_4445,tecnologia,inbound,244,52473.74,0.018,180,0.1821
17055,Treino_4446,tecnologia,inbound,244,57386.86,0.099,205,0.2941
13161,Treino_4447,industria,inbound,244,58131.47,0.681,70,0.2708
11018,Treino_4448,saude,inbound,244,60806.24,0.814,305,0.99
11542,Treino_4449,tecnologia,inbound,244,14702.01,0.033,127,0.0285
11854,Treino_4450,tecnologia,inbound,244,77369.09,0.065,116,0.1253
15669,Treino_4451,tecnologia,inbound,244,42850.88,0.138,143,0.01
11150,Treino_4452,saude,outbound,244,61958.87,0.159,368,0.4647
14312,Treino_4453,varejo,inbound,244,57427.71,0.864,150,0.5325
18191,Treino_4454,varejo,outbound,244,54304.34,0.034,438,0.3651
19640,Treino_4455,tecnologia,outbound,244,50576.78,0.739,289,0.5686
18772,Treino_4456,varejo,inbound,244,52587.37,0.386,69,0.2275
16877,Treino_4457,saude,outbound,244,48390.12,0.138,222,0.6331
14638,Treino_4458,industria,inbound,245,55970.05,0.136,240,0.564
17549,Treino_4459,saude,inbound,245,39833.39,0.74,52,0.3126
12770,Treino_4460,industria,inbound,245,94050.95,0.295,361,0.462
18872,Treino_4461,industria,inbound,245,20869.32,0.819,45,0.272
13562,Treino_4462,saude,inbound,245,35585.49,0.199,363,0.2427
12573,Treino_4463,tecnologia,indicacao,245,45803.0,0.879,382,0.8156
17440,Treino_4464,tecnologia,outbound,245,64094.88,0.171,165,0.6315
14358,Treino_4465,industria,indicacao,245,33625.05,0.099,325,0.01
17357,Treino_4466,servicos,outbound,245,32149.2,0.315,463,0.3149
14758,Treino_4467,varejo,inbound,245,69724.01,0.057,206,0.2651
16194,Treino_4468,varejo,outbound,245,68546.43,0.177,406,0.2933
15131,Treino_4469,tecnologia,inbound,245,5000.0,0.871,140,0.6072
16289,Treino_4470,saude,inbound,245,69928.28,0.802,391,0.6991
16312,Treino_4471,industria,outbound,245,37132.13,0.068,97,0.4668
11880,Treino_4472,servicos,indicacao,245,74363.78,0.804,181,0.5851
13330,Treino_4473,industria,indicacao,245,55342.28,0.686,489,0.5429
12268,Treino_4474,tecnologia,inbound,245,54190.18,0.835,367,0.3026
17391,Treino_4475,tecnologia,outbound,246,15187.06,0.005,59,0.2474
10634,Treino_4476,saude,inbound,246,32690.93,0.628,103,0.412
14792,Treino_4477,servicos,indicacao,246,41528.69,0.646,42,0.0183
17164,Treino_4478,tecnologia,outbound,246,73010.63,0.938,106,0.4012
17129,Treino_4479,varejo,outbound,246,20688.69,0.987,33,0.1767
18339,Treino_4480,servicos,outbound,246,74344.06,0.839,311,0.99
19896,Treino_4481,tecnologia,inbound,246,22752.49,0.83,422,0.6988
19419,Treino_4482,industria,inbound,246,38950.34,0.396,302,0.535
19826,Treino_4483,servicos,outbound,246,18840.81,0.899,102,0.414
13814,Treino_4484,tecnologia,inbound,246,14911.89,0.224,312,0.2276
10126,Treino_4485,varejo,inbound,246,40692.63,0.686,217,0.6414
16354,Treino_4486,tecnologia,outbound,246,55686.68,0.647,378,0.6679
18480,Treino_4487,tecnologia,inbound,246,57829.66,0.992,287,0.8976
18300,Treino_4488,varejo,inbound,247,33031.52,0.285,366,0.2826
11106,Treino_4489,servicos,outbound,247,56697.12,0.825,179,0.5066
13961,Treino_4490,servicos,outbound,247,27418.16,0.084,201,0.3326
10481,Treino_4491,industria,inbound,247,26085.03,0.236,467,0.6166
14366,Treino_4492,tecnologia,inbound,247,43715.72,0.315,356,0.1601
18874,Treino_4493,tecnologia,inbound,247,23613.56,0.796,18,0.3009
12475,Treino_4494,industria,inbound,247,41680.3,0.375,359,0.4607
10545,Treino_4495,tecnologia,outbound,247,44355.24,0.505,367,0.3504
15527,Treino_4496,servicos,inbound,247,55276.59,0.937,146,0.4031
18207,Treino_4497,saude,outbound,247,83488.21,0.939,234,0.4191
10386,Treino_4498,tecnologia,inbound,247,51320.13,0.326,354,0.565
10969,Treino_4499,varejo,outbound,247,81789.33,0.371,181,0.428
16073,Treino_4500,saude,inbound,248,64110.0,0.536,419,0.342
19918,Treino_4501,tecnologia,inbound,248,59692.87,0.728,38,0.4341
12864,Treino_4502,servicos,inbound,248,58655.63,0.847,82,0.1378
17172,Treino_4503,saude,inbound,248,36849.86,0.003,240,0.0792
12440,Treino_4504,varejo,inbound,248,36059.92,0.66,11,0.1943
14700,Treino_4505,varejo,outbound,248,61790.11,0.132,318,0.3292
10110,Treino_4506,industria,inbound,248,52940.5,0.744,29,0.6192
13536,Treino_4507,tecnologia,inbound,248,76183.61,0.021,378,0.5021
10116,Treino_4508,industria,outbound,248,35771.07,0.146,201,0.3127
18976,Treino_4509,industria,outbound,248,63104.38,0.244,173,0.1327
15788,Treino_4510,industria,inbound,248,49284.92,0.597,100,0.1285
10472,Treino_4511,tecnologia,inbound,248,34549.57,0.919,461,0.8809
15130,Treino_4512,varejo,inbound,248,63175.68,0.519,206,0.897
16763,Treino_4513,tecnologia,outbound,248,44790.07,0.223,108,0.2656
12786,Treino_4514,saude,outbound,248,53168.0,0.073,237,0.5425
11830,Treino_4515,industria,inbound,248,48682.21,0.3,429,0.5254
11514,Treino_4516,industria,outbound,248,79269.39,0.125,225,0.1662
19303,Treino_4517,industria,inbound,248,50172.04,0.795,28,0.5687
16666,Treino_4518,varejo,inbound,248,47343.25,0.641,449,0.4639
12634,Treino_4519,industria,inbound,248,60461.45,0.817,486,0.99
10863,Treino_4520,industria,outbound,248,53833.52,0.437,281,0.5123
13922,Treino_4521,saude,outbound,248,42327.89,0.603,14,0.2258
18418,Treino_4522,varejo,inbound,249,60066.92,0.318,138,0.3261
15312,Treino_4523,tecnologia,outbound,249,28966.78,0.259,355,0.2786
19071,Treino_4524,servicos,inbound,249,77069.24,0.575,269,0.99
12265,Treino_4525,industria,indicacao,249,88551.6,0.192,325,0.5344
19721,Treino_4526,varejo,inbound,249,39759.08,0.315,496,0.3654
19666,Treino_4527,tecnologia,inbound,249,30891.36,0.961,267,0.607
11174,Treino_4528,industria,outbound,249,77266.62,0.928,136,0.6146
10294,Treino_4529,saude,inbound,249,30212.22,0.919,144,0.8728
15031,Treino_4530,industria,inbound,249,66527.8,0.928,422,0.99
16793,Treino_4531,saude,outbound,249,41631.97,0.708,201,0.638
13875,Treino_4532,industria,inbound,249,56228.51,0.774,102,0.4775
11783,Treino_4533,industria,inbound,249,26058.66,0.073,210,0.1733
17711,Treino_4534,saude,outbound,249,10763.63,0.177,280,0.01
18922,Treino_4535,industria,inbound,249,35734.44,0.836,341,0.4113
11247,Treino_4536,varejo,inbound,249,57794.68,0.644,288,0.8008
10763,Treino_4537,varejo,inbound,249,33384.69,0.218,154,0.3604
11326,Treino_4538,saude,inbound,249,52826.01,0.78,331,0.6246
19053,Treino_4539,tecnologia,inbound,250,82925.12,0.909,81,0.4703
16465,Treino_4540,tecnologia,outbound,250,62799.22,0.151,459,0.57
19459,Treino_4541,saude,inbound,250,7174.82,0.758,211,0.1689
18913,Treino_4542,servicos,inbound,250,68245.97,0.643,143,0.1372
19336,Treino_4543,saude,outbound,250,17333.96,0.611,95,0.3775
15953,Treino_4544,tecnologia,inbound,250,39028.4,0.853,14,0.1399
11474,Treino_4545,servicos,inbound,250,30675.39,0.612,84,0.2615
14306,Treino_4546,servicos,inbound,250,55731.78,0.873,7,0.4301
11375,Treino_4547,tecnologia,indicacao,250,62502.11,0.552,476,0.7791
10076,Treino_4548,industria,outbound,250,63546.39,0.335,27,0.5077
15489,Treino_4549,saude,outbound,250,67690.08,0.612,190,0.3573
17250,Treino_4550,saude,inbound,250,78535.23,0.906,342,0.6344
14967,Treino_4551,industria,inbound,250,63330.29,0.499,84,0.358
13757,Treino_4552,industria,outbound,250,63399.35,0.339,406,0.1288
16607,Treino_4553,servicos,outbound,250,85560.2,0.612,187,0.7841
10457,Treino_4554,varejo,inbound,250,10667.67,0.157,285,0.01
12412,Treino_4555,saude,inbound,250,72187.86,0.017,374,0.2579
13651,Treino_4556,tecnologia,inbound,251,27394.47,0.466,482,0.4985
10138,Treino_4557,industria,inbound,251,76944.72,0.321,188,0.6983
16821,Treino_4558,servicos,indicacao,251,5000.0,0.661,474,0.7006
18452,Treino_4559,varejo,outbound,251,47652.77,0.477,104,0.4462
14302,Treino_4560,saude,indicacao,251,48583.83,0.489,287,0.6444
10403,Treino_4561,industria,outbound,251,60361.33,0.335,269,0.99
14487,Treino_4562,tecnologia,inbound,251,76432.78,0.938,175,0.7741
19187,Treino_4563,industria,inbound,251,24251.49,0.896,129,0.3355
14000,Treino_4564,saude,outbound,251,62433.29,0.091,140,0.291
18087,Treino_4565,saude,indicacao,251,36369.93,0.85,313,0.2695
17467,Treino_4566,tecnologia,outbound,251,43735.06,0.461,398,0.5937
19063,Treino_4567,industria,inbound,251,62132.14,0.366,43,0.4584
12649,Treino_4568,servicos,outbound,251,69763.86,0.671,126,0.2339
17223,Treino_4569,servicos,outbound,251,48035.72,0.329,355,0.6238
12019,Treino_4570,saude,outbound,251,37305.05,0.361,89,0.1469
13209,Treino_4571,servicos,inbound,251,56683.82,0.018,46,0.1754
11577,Treino_4572,varejo,outbound,251,30542.84,0.113,475,0.6764
18315,Treino_4573,saude,indicacao,252,17908.53,0.711,278,0.2067
19822,Treino_4574,saude,indicacao,252,71659.98,0.768,25,0.5
17497,Treino_4575,tecnologia,indicacao,252,30860.78,0.671,101,0.219
15101,Treino_4576,saude,outbound,252,52406.9,0.409,389,0.533
14258,Treino_4577,industria,outbound,252,34531.36,0.257,82,0.1988
11771,Treino_4578,industria,inbound,252,14597.81,0.05,319,0.146
14449,Treino_4579,varejo,inbound,252,51403.83,0.858,69,0.1921
14506,Treino_4580,tecnologia,inbound,252,33117.14,0.919,266,0.606
13450,Treino_4581,saude,outbound,252,75021.01,0.599,212,0.4637
10738,Treino_4582,varejo,inbound,252,92838.56,0.006,208,0.2086
12675,Treino_4583,servicos,inbound,252,57065.76,0.382,267,0.3748
16370,Treino_4584,saude,outbound,252,61270.23,0.455,21,0.0718
18605,Treino_4585,servicos,inbound,252,21050.5,0.433,162,0.4916
11734,Treino_4586,tecnologia,inbound,253,58452.15,0.591,276,0.5647
14212,Treino_4587,tecnologia,outbound,253,52032.89,0.105,469,0.3695
14100,Treino_4588,tecnologia,inbound,253,58835.28,0.49,153,0.3649
11941,Treino_4589,industria,outbound,253,25703.36,0.678,53,0.1344
12396,Treino_4590,servicos,inbound,253,50548.59,0.503,174,0.3548
10994,Treino_4591,servicos,outbound,253,60834.04,0.417,357,0.5601
10733,Treino_4592,saude,inbound,253,44195.66,0.604,25,0.5685
12592,Treino_4593,saude,inbound,253,53566.83,0.907,316,0.7507
13451,Treino_4594,servicos,inbound,253,38606.7,0.871,69,0.5993
14138,Treino_4595,varejo,outbound,253,77320.37,0.92,392,0.4333
18145,Treino_4596,servicos,outbound,253,41898.53,0.489,143,0.4611
14239,Treino_4597,saude,outbound,253,109547.76,0.815,488,0.8533
14582,Treino_4598,industria,inbound,253,52706.7,0.024,238,0.3705
15856,Treino_4599,varejo,outbound,254,53329.3,0.561,219,0.4917
10362,Treino_4600,tecnologia,inbound,254,51290.92,0.37,162,0.4037
12990,Treino_4601,saude,outbound,254,60639.36,0.758,343,0.947
10292,Treino_4602,tecnologia,inbound,254,37866.04,0.415,95,0.3703
11860,Treino_4603,saude,inbound,254,52941.3,0.637,206,0.3486
14871,Treino_4604,saude,indicacao,254,29334.11,0.919,422,0.7969
11343,Treino_4605,servicos,inbound,254,10999.33,0.514,476,0.1833
12526,Treino_4606,tecnologia,inbound,254,26340.69,0.814,322,0.3287
13484,Treino_4607,tecnologia,indicacao,254,36901.18,0.477,195,0.5743
11977,Treino_4608,saude,inbound,254,57587.31,0.318,438,0.3923
15696,Treino_4609,varejo,inbound,254,36668.31,0.098,404,0.5397
12081,Treino_4610,varejo,inbound,254,53946.27,0.711,44,0.139
12463,Treino_4611,saude,inbound,254,78189.32,0.061,250,0.5762
13142,Treino_4612,saude,inbound,254,30053.19,0.812,158,0.5799
14187,Treino_4613,varejo,inbound,254,56539.2,0.249,140,0.353
11086,Treino_4614,industria,outbound,254,92844.01,0.352,129,0.26
11121,Treino_4615,tecnologia,indicacao,254,64298.15,0.416,499,0.5392
10490,Treino_4616,servicos,outbound,255,31778.64,0.0,216,0.168
17593,Treino_4617,industria,inbound,255,67064.55,0.624,396,0.6423
18412,Treino_4618,saude,inbound,255,70832.73,0.467,63,0.6119
12303,Treino_4619,servicos,outbound,255,19865.44,0.065,20,0.1175
17551,Treino_4620,varejo,indicacao,255,61522.09,0.943,407,0.659
14367,Treino_4621,varejo,outbound,255,78979.77,0.664,268,0.6411
18514,Treino_4622,varejo,indicacao,255,29725.5,0.716,173,0.3931
16139,Treino_4623,industria,inbound,255,63489.7,0.602,169,0.692
17292,Treino_4624,tecnologia,inbound,255,63575.92,0.228,224,0.4188
13013,Treino_4625,saude,outbound,255,75474.2,0.381,164,0.4173
19465,Treino_4626,industria,inbound,255,43279.25,0.563,173,0.7223
13213,Treino_4627,varejo,outbound,255,14187.54,0.557,333,0.3293
10397,Treino_4628,varejo,indicacao,255,26239.3,0.63,348,0.7741
12356,Treino_4629,industria,outbound,255,47803.08,0.645,488,0.5448
10400,Treino_4630,servicos,inbound,255,39543.57,0.989,381,0.383
19206,Treino_4631,saude,inbound,255,36132.95,0.968,332,0.8016
15170,Treino_4632,servicos,indicacao,255,85652.75,0.189,423,0.1381
15099,Treino_4633,industria,outbound,255,60247.79,0.468,281,0.3989
14849,Treino_4634,varejo,inbound,255,69089.01,0.032,313,0.5642
13516,Treino_4635,tecnologia,inbound,255,32961.52,0.229,32,0.1894
14447,Treino_4636,varejo,inbound,255,26401.81,0.127,17,0.1146
16675,Treino_4637,servicos,outbound,255,36433.52,0.202,201,0.1957
19786,Treino_4638,servicos,inbound,256,11770.09,0.999,218,0.6179
12256,Treino_4639,varejo,inbound,256,53774.52,0.968,435,0.7692
16755,Treino_4640,saude,inbound,256,73019.5,0.073,491,0.0146
16000,Treino_4641,varejo,inbound,256,38444.26,0.159,264,0.4832
14805,Treino_4642,servicos,inbound,256,27807.5,0.638,90,0.2059
14538,Treino_4643,varejo,indicacao,256,69926.02,0.905,383,0.6544
16168,Treino_4644,industria,inbound,256,37292.66,0.225,88,0.4825
16263,Treino_4645,tecnologia,inbound,256,31235.28,0.476,87,0.4127
16281,Treino_4646,industria,inbound,256,13114.96,0.198,146,0.4826
15244,Treino_4647,varejo,inbound,256,5000.0,0.576,111,0.2242
19358,Treino_4648,saude,inbound,256,6987.63,0.957,14,0.2318
15203,Treino_4649,industria,inbound,256,48156.26,0.449,120,0.3596
12655,Treino_4650,servicos,inbound,256,29540.97,0.186,210,0.1075
12798,Treino_4651,industria,inbound,256,41099.18,0.411,259,0.4948
17031,Treino_4652,servicos,inbound,256,53856.39,0.541,287,0.7667
14834,Treino_4653,varejo,inbound,256,64797.85,0.825,102,0.6554
17178,Treino_4654,tecnologia,inbound,256,70584.81,0.72,274,0.2388
13151,Treino_4655,varejo,inbound,256,29515.31,0.487,339,0.2094
17163,Treino_4656,servicos,inbound,256,7729.99,0.676,392,0.2334
18368,Treino_4657,industria,indicacao,256,63667.12,0.12,244,0.2533
12087,Treino_4658,saude,inbound,257,38110.27,0.126,147,0.3568
11075,Treino_4659,servicos,inbound,257,85018.01,0.273,209,0.4621
14513,Treino_4660,saude,outbound,257,26934.69,0.51,57,0.4928
14231,Treino_4661,servicos,inbound,257,46581.42,0.406,242,0.3843
13098,Treino_4662,industria,inbound,257,42766.4,0.635,390,0.2936
11677,Treino_4663,servicos,inbound,257,59519.42,0.978,268,0.646
18859,Treino_4664,varejo,outbound,257,56608.67,0.741,155,0.638
12251,Treino_4665,tecnologia,inbound,257,73660.62,0.03,297,0.569
14033,Treino_4666,servicos,outbound,257,55977.7,0.615,134,0.3361
11467,Treino_4667,saude,indicacao,257,52395.99,0.643,73,0.5981
17132,Treino_4668,saude,outbound,257,46524.67,0.749,497,0.5557
15809,Treino_4669,saude,inbound,257,50979.48,0.682,99,0.4048
12247,Treino_4670,varejo,outbound,257,55319.25,0.763,401,0.3377
15811,Treino_4671,servicos,outbound,258,65714.68,0.716,237,0.7169
13920,Treino_4672,industria,inbound,258,18929.64,0.545,70,0.4264
12125,Treino_4673,tecnologia,inbound,258,31033.67,0.573,486,0.5344
15812,Treino_4674,tecnologia,inbound,258,78911.62,0.109,67,0.4778
18224,Treino_4675,varejo,outbound,258,34567.1,0.786,231,0.4595
16062,Treino_4676,industria,outbound,258,64857.62,0.137,226,0.5262
11649,Treino_4677,saude,inbound,258,36962.76,0.056,164,0.2239
16394,Treino_4678,industria,inbound,258,47422.79,0.317,456,0.6663
17620,Treino_4679,varejo,outbound,258,74764.3,0.221,92,0.3745
19185,Treino_4680,varejo,inbound,258,58120.17,0.154,188,0.2362
17108,Treino_4681,industria,outbound,258,71552.2,0.77,6,0.1846
11603,Treino_4682,varejo,indicacao,258,51298.84,0.639,399,0.7532
11756,Treino_4683,saude,inbound,258,67600.17,0.394,46,0.4071
12507,Treino_4684,industria,inbound,258,76816.83,0.877,176,0.6018
10124,Treino_4685,tecnologia,inbound,258,28937.21,0.97,242,0.5725
18883,Treino_4686,saude,inbound,258,82445.78,0.478,299,0.6628
14424,Treino_4687,varejo,inbound,258,51885.04,0.129,215,0.1051
10355,Treino_4688,saude,inbound,259,39782.63,0.681,256,0.0986
12952,Treino_4689,industria,indicacao,259,35903.42,0.325,277,0.5437
15545,Treino_4690,industria,indicacao,259,42892.27,0.989,91,0.0171
14846,Treino_4691,tecnologia,indicacao,259,38393.56,0.197,93,0.0581
11554,Treino_4692,servicos,outbound,259,26365.9,0.3,34,0.3075
14147,Treino_4693,servicos,inbound,259,93795.88,0.176,241,0.373
17011,Treino_4694,industria,inbound,259,26612.77,0.224,56,0.0377
16942,Treino_4695,industria,inbound,259,6502.48,0.031,279,0.0664
19926,Treino_4696,servicos,inbound,259,69288.39,0.355,85,0.5581
19526,Treino_4697,tecnologia,inbound,259,39488.24,0.547,53,0.0123
10482,Treino_4698,tecnologia,inbound,259,60670.97,0.178,333,0.3367
18785,Treino_4699,industria,indicacao,259,55190.6,0.161,215,0.3779
16113,Treino_4700,tecnologia,inbound,259,65155.46,0.539,41,0.0857
18592,Treino_4701,saude,inbound,259,16778.63,0.6,38,0.3474
10081,Treino_4702,varejo,inbound,259,60370.79,0.311,364,0.8192
18196,Treino_4703,servicos,outbound,260,68663.85,0.09,184,0.01
17037,Treino_4704,tecnologia,inbound,260,47407.55,0.484,49,0.028
19423,Treino_4705,tecnologia,inbound,260,78689.39,0.574,297,0.4371
18991,Treino_4706,varejo,outbound,260,17136.36,0.819,200,0.0701
12101,Treino_4707,servicos,inbound,260,70901.42,0.217,369,0.4663
13656,Treino_4708,tecnologia,inbound,260,41122.32,0.174,455,0.4033
13938,Treino_4709,saude,inbound,260,51200.63,0.928,255,0.4792
12659,Treino_4710,servicos,outbound,260,28992.22,0.59,59,0.3495
18917,Treino_4711,saude,outbound,260,40087.32,0.972,34,0.2899
13979,Treino_4712,servicos,outbound,260,52195.16,0.067,162,0.372
14438,Treino_4713,industria,inbound,260,71448.95,0.959,286,0.9054
13842,Treino_4714,varejo,outbound,260,85162.23,0.003,191,0.3591
14751,Treino_4715,servicos,indicacao,260,5000.0,0.318,219,0.01
10558,Treino_4716,industria,inbound,260,51059.73,0.025,155,0.228
13232,Treino_4717,industria,outbound,260,63908.79,0.162,180,0.7297
16105,Treino_4718,tecnologia,inbound,260,24387.28,0.43,114,0.2359
19844,Treino_4719,industria,inbound,260,45041.12,0.853,467,0.1456
14687,Treino_4720,servicos,outbound,260,61279.48,0.544,300,0.4387
13130,Treino_4721,saude,indicacao,260,49908.15,0.067,332,0.413
19474,Treino_4722,varejo,indicacao,260,46704.98,0.93,20,0.4989
10069,Treino_4723,tecnologia,inbound,260,89453.48,0.261,111,0.5482
13990,Treino_4724,saude,outbound,260,50010.28,0.486,126,0.1202
10819,Treino_4725,saude,inbound,261,27358.58,0.503,410,0.2499
17363,Treino_4726,servicos,inbound,261,47533.33,0.695,228,0.5676
15415,Treino_4727,servicos,inbound,261,21942.48,0.065,370,0.2612
18488,Treino_4728,saude,outbound,261,44422.84,0.16,110,0.0953
19651,Treino_4729,varejo,indicacao,261,67305.7,0.836,449,0.6895
10910,Treino_4730,saude,outbound,261,16555.96,0.911,109,0.1556
10829,Treino_4731,servicos,outbound,261,68424.0,0.434,171,0.488
19233,Treino_4732,saude,inbound,261,54246.98,0.709,207,0.522
13926,Treino_4733,tecnologia,indicacao,261,31200.93,0.108,416,0.01
13716,Treino_4734,saude,inbound,261,36336.45,0.2,43,0.2321
15882,Treino_4735,industria,inbound,261,30624.44,0.217,476,0.2966
18369,Treino_4736,tecnologia,outbound,261,86664.86,0.585,469,0.6479
16301,Treino_4737,varejo,inbound,261,30407.07,0.311,481,0.3571
11533,Treino_4738,saude,inbound,261,9124.74,0.867,141,0.772
16094,Treino_4739,servicos,inbound,261,41343.17,0.978,371,0.5705
15757,Treino_4740,tecnologia,outbound,261,75113.39,0.484,225,0.2413
15731,Treino_4741,tecnologia,outbound,261,47122.48,0.917,412,0.7646
14634,Treino_4742,servicos,inbound,261,59838.04,0.664,338,0.7815
10343,Treino_4743,tecnologia,inbound,262,54769.99,0.17,77,0.2139
11144,Treino_4744,saude,inbound,262,24585.48,0.56,66,0.2824
19033,Treino_4745,industria,inbound,262,5000.0,0.442,237,0.7233
13081,Treino_4746,industria,outbound,262,64062.02,0.265,387,0.6251
14278,Treino_4747,industria,outbound,262,60159.27,0.791,404,0.7938
16435,Treino_4748,tecnologia,outbound,262,61706.54,0.438,263,0.5571
10984,Treino_4749,industria,outbound,262,45432.37,0.157,311,0.3264
13299,Treino_4750,saude,inbound,262,58015.58,0.445,15,0.2214
16836,Treino_4751,saude,inbound,262,84049.16,0.389,13,0.3468
18331,Treino_4752,tecnologia,outbound,262,74629.58,0.879,62,0.6705
15697,Treino_4753,varejo,outbound,262,74570.23,0.744,189,0.434
14049,Treino_4754,varejo,inbound,262,45771.74,0.58,20,0.1017
17699,Treino_4755,industria,inbound,262,43118.54,0.663,26,0.1919
14597,Treino_4756,tecnologia,indicacao,262,58417.31,0.361,49,0.2881
14482,Treino_4757,varejo,inbound,262,39451.43,0.802,388,0.8655
19490,Treino_4758,varejo,indicacao,262,82130.51,0.091,149,0.3627
10093,Treino_4759,varejo,inbound,262,51891.54,0.38,115,0.6045
17281,Treino_4760,industria,outbound,262,40562.49,0.956,39,0.5929
15472,Treino_4761,tecnologia,inbound,262,86460.57,0.825,355,0.7418
14496,Treino_4762,servicos,outbound,263,66120.86,0.276,251,0.5208
19214,Treino_4763,varejo,inbound,263,11042.53,0.676,276,0.6533
14194,Treino_4764,tecnologia,inbound,263,31593.64,0.835,47,0.2586
14825,Treino_4765,saude,inbound,263,73397.05,0.218,459,0.5327
15018,Treino_4766,industria,inbound,263,29736.64,0.669,437,0.3639
17179,Treino_4767,saude,inbound,263,51161.77,0.439,435,0.5729
14055,Treino_4768,servicos,inbound,263,37602.95,0.267,64,0.3532
18892,Treino_4769,industria,indicacao,263,54910.23,0.384,352,0.2002
14417,Treino_4770,saude,inbound,263,68406.03,0.799,259,0.7697
13177,Treino_4771,varejo,inbound,263,49215.45,0.559,89,0.2384
16493,Treino_4772,saude,inbound,263,75082.68,0.684,330,0.789
15303,Treino_4773,industria,inbound,263,68039.68,0.039,303,0.5264
15644,Treino_4774,industria,indicacao,263,58682.02,0.432,160,0.5728
15683,Treino_4775,saude,inbound,263,42778.23,0.966,313,0.606
12191,Treino_4776,servicos,inbound,263,50879.34,0.515,140,0.278
12292,Treino_4777,saude,indicacao,263,30915.7,0.191,400,0.2586
16034,Treino_4778,servicos,outbound,263,26007.84,0.168,238,0.1997
18589,Treino_4779,varejo,outbound,264,66698.76,0.459,17,0.298
10715,Treino_4780,servicos,inbound,264,62450.4,0.575,468,0.7716
13140,Treino_4781,saude,outbound,264,61408.29,0.609,281,0.5923
11172,Treino_4782,saude,outbound,264,36730.15,0.544,359,0.682
16009,Treino_4783,servicos,indicacao,264,78616.78,0.232,167,0.5494
12287,Treino_4784,tecnologia,inbound,264,84163.86,0.092,227,0.6236
10637,Treino_4785,saude,outbound,264,16376.07,0.669,136,0.2388
19772,Treino_4786,varejo,inbound,264,48118.08,0.667,123,0.3458
10696,Treino_4787,industria,outbound,264,47248.79,0.916,435,0.6888
15436,Treino_4788,industria,indicacao,264,36294.3,0.531,185,0.2915
17046,Treino_4789,saude,inbound,264,49703.08,0.455,492,0.5073
13180,Treino_4790,saude,inbound,264,22893.25,0.894,328,0.6395
12007,Treino_4791,tecnologia,outbound,264,35420.09,0.68,485,0.6072
10666,Treino_4792,varejo,indicacao,264,36402.44,0.848,288,0.5181
12680,Treino_4793,industria,inbound,264,41360.1,0.896,377,0.5271
18934,Treino_4794,tecnologia,inbound,264,91228.5,0.546,117,0.4073
13863,Treino_4795,industria,indicacao,264,61050.05,0.006,207,0.3048
10805,Treino_4796,servicos,inbound,264,27902.07,0.212,385,0.7553
10596,Treino_4797,tecnologia,inbound,264,36454.34,0.604,89,0.6316
13580,Treino_4798,saude,outbound,264,61433.88,0.564,258,0.5968
10835,Treino_4799,saude,inbound,264,30444.96,0.469,348,0.6017
11435,Treino_4800,varejo,inbound,264,10073.66,0.893,259,0.697
13109,Treino_4801,varejo,inbound,264,34706.13,0.053,299,0.1462
11786,Treino_4802,industria,outbound,265,45673.9,0.915,432,0.7494
19783,Treino_4803,varejo,inbound,265,31691.75,0.669,428,0.3767
18302,Treino_4804,industria,indicacao,265,33351.68,0.422,62,0.335
10601,Treino_4805,servicos,inbound,265,42219.36,0.439,306,0.2016
12532,Treino_4806,industria,indicacao,265,29897.55,0.056,101,0.0805
13487,Treino_4807,tecnologia,outbound,265,55501.2,0.728,215,0.6669
13366,Treino_4808,saude,outbound,265,24211.25,0.754,472,0.687
11712,Treino_4809,varejo,outbound,265,16118.86,0.507,492,0.0892
15879,Treino_4810,varejo,inbound,265,66783.73,0.946,28,0.3605
16205,Treino_4811,tecnologia,outbound,265,53495.01,0.342,174,0.552
16216,Treino_4812,industria,outbound,265,36403.19,0.037,320,0.681
17126,Treino_4813,tecnologia,outbound,265,56563.29,0.067,218,0.1059
11974,Treino_4814,tecnologia,indicacao,265,55225.79,0.039,121,0.1779
12997,Treino_4815,industria,inbound,265,52778.69,0.474,120,0.465
14164,Treino_4816,saude,inbound,266,36384.74,0.566,144,0.4549
15470,Treino_4817,varejo,outbound,266,27342.18,0.405,389,0.6346
15484,Treino_4818,tecnologia,outbound,266,43996.16,0.624,330,0.3836
15050,Treino_4819,saude,outbound,266,76768.49,0.38,82,0.2506
11625,Treino_4820,varejo,outbound,266,69425.01,0.828,256,0.5768
16008,Treino_4821,servicos,indicacao,266,32153.67,0.428,257,0.4184
12201,Treino_4822,industria,inbound,266,13128.72,0.86,30,0.6772
18214,Treino_4823,industria,outbound,266,25303.47,0.034,395,0.2911
18429,Treino_4824,varejo,inbound,266,32503.6,0.847,390,0.8266
10193,Treino_4825,saude,indicacao,266,57169.14,0.621,312,0.1179
11921,Treino_4826,varejo,inbound,266,49075.36,0.546,13,0.6413
16882,Treino_4827,saude,outbound,266,53948.12,0.867,479,0.8454
10357,Treino_4828,tecnologia,inbound,266,8255.52,0.317,372,0.4766
13088,Treino_4829,varejo,inbound,266,28618.38,0.688,310,0.01
16737,Treino_4830,tecnologia,indicacao,266,37441.73,0.854,465,0.499
16741,Treino_4831,tecnologia,indicacao,266,83591.64,0.715,321,0.5601
16812,Treino_4832,tecnologia,inbound,266,67173.54,0.679,353,0.7197
19124,Treino_4833,saude,indicacao,266,17443.03,0.201,417,0.5109
17705,Treino_4834,varejo,outbound,266,86483.57,0.758,162,0.6677
17014,Treino_4835,servicos,indicacao,266,28424.88,0.686,279,0.6585
13221,Treino_4836,tecnologia,outbound,266,56363.32,0.239,106,0.3412
12891,Treino_4837,varejo,indicacao,266,68185.4,0.64,82,0.5915
14695,Treino_4838,saude,inbound,266,56555.22,0.693,428,0.6684
11256,Treino_4839,industria,outbound,267,45610.61,0.737,311,0.6519
15808,Treino_4840,tecnologia,indicacao,267,17656.28,0.355,345,0.1958
17071,Treino_4841,tecnologia,inbound,267,79868.54,0.727,120,0.6395
12224,Treino_4842,industria,inbound,267,64183.55,0.82,477,0.8132
13113,Treino_4843,industria,inbound,267,53730.09,0.118,37,0.5611
12421,Treino_4844,tecnologia,indicacao,267,54190.59,0.437,274,0.5865
12996,Treino_4845,saude,outbound,267,67911.63,0.848,94,0.5226
16160,Treino_4846,varejo,indicacao,267,85484.15,0.835,121,0.6332
18235,Treino_4847,tecnologia,inbound,267,8878.65,0.925,178,0.4087
13936,Treino_4848,saude,outbound,267,29083.93,0.859,97,0.4752
19294,Treino_4849,saude,outbound,267,55549.84,0.145,287,0.0695
14876,Treino_4850,servicos,outbound,267,65708.27,0.17,133,0.7848
14622,Treino_4851,tecnologia,inbound,267,44788.04,0.905,40,0.5085
19143,Treino_4852,tecnologia,inbound,267,5000.0,0.254,202,0.2703
19368,Treino_4853,saude,indicacao,267,42322.07,0.106,355,0.1944
13182,Treino_4854,tecnologia,outbound,267,65411.68,0.795,152,0.4988
17994,Treino_4855,servicos,indicacao,267,60538.36,0.957,199,0.7167
15646,Treino_4856,tecnologia,inbound,267,59815.54,0.063,479,0.8591
14728,Treino_4857,industria,inbound,267,25697.34,0.112,312,0.0608
15111,Treino_4858,servicos,outbound,267,17539.4,0.014,448,0.01
17599,Treino_4859,servicos,outbound,267,65673.19,0.086,310,0.4597
11937,Treino_4860,industria,inbound,267,62733.07,0.762,256,0.4185
11293,Treino_4861,saude,outbound,267,61635.26,0.037,334,0.3806
18434,Treino_4862,industria,indicacao,267,53900.62,0.474,497,0.8523
18251,Treino_4863,industria,inbound,267,98018.59,0.274,267,0.9587
15642,Treino_4864,servicos,indicacao,267,47164.76,0.316,402,0.2956
15742,Treino_4865,industria,outbound,268,59162.51,0.147,26,0.253
15479,Treino_4866,servicos,inbound,268,17869.59,0.386,114,0.01
19693,Treino_4867,tecnologia,inbound,268,62005.81,0.102,165,0.16
11399,Treino_4868,servicos,outbound,268,72481.68,0.921,285,0.99
16840,Treino_4869,tecnologia,outbound,268,47674.73,0.076,85,0.1016
12623,Treino_4870,servicos,outbound,268,73040.31,0.579,330,0.4581
19948,Treino_4871,saude,outbound,268,14543.56,0.525,117,0.4325
15284,Treino_4872,varejo,inbound,268,54123.62,0.611,328,0.5019
12583,Treino_4873,servicos,inbound,268,54939.65,0.979,100,0.783
11821,Treino_4874,tecnologia,inbound,268,40345.22,0.087,425,0.146
17061,Treino_4875,industria,outbound,268,76413.66,0.076,278,0.01
17082,Treino_4876,saude,inbound,268,50343.02,0.936,163,0.5073
11365,Treino_4877,saude,inbound,268,61028.3,0.743,466,0.5742
17049,Treino_4878,servicos,inbound,268,56480.16,0.178,419,0.5779
13175,Treino_4879,servicos,indicacao,269,27955.86,0.388,199,0.2315
13080,Treino_4880,saude,inbound,269,45020.23,0.494,227,0.6121
18090,Treino_4881,saude,outbound,269,37314.08,0.64,99,0.2848
17938,Treino_4882,varejo,inbound,269,57436.73,0.388,474,0.5502
19683,Treino_4883,saude,inbound,269,48272.74,0.457,393,0.1976
14673,Treino_4884,industria,inbound,269,75382.76,0.804,326,0.3744
10312,Treino_4885,saude,outbound,269,49121.24,0.843,77,0.295
17404,Treino_4886,tecnologia,inbound,269,30452.14,0.001,59,0.2067
17830,Treino_4887,servicos,inbound,269,60778.49,0.307,289,0.3475
15439,Treino_4888,varejo,outbound,269,34216.25,0.336,375,0.1889
19201,Treino_4889,tecnologia,inbound,269,26948.01,0.888,45,0.489
14242,Treino_4890,varejo,inbound,269,49675.42,0.853,94,0.6279
14507,Treino_4891,tecnologia,outbound,269,52787.13,0.315,142,0.3444
12827,Treino_4892,varejo,inbound,270,52546.84,0.151,320,0.3736
14330,Treino_4893,varejo,inbound,270,70025.83,0.288,361,0.5117
15500,Treino_4894,servicos,outbound,270,34215.31,0.035,90,0.4408
15065,Treino_4895,varejo,inbound,270,55438.33,0.975,312,0.6316
11311,Treino_4896,tecnologia,inbound,270,19874.55,0.002,280,0.394
15736,Treino_4897,saude,indicacao,270,66251.78,0.226,163,0.3231
13218,Treino_4898,tecnologia,outbound,270,38282.55,0.601,329,0.5861
11665,Treino_4899,industria,indicacao,270,50061.71,0.209,74,0.3406
14877,Treino_4900,tecnologia,inbound,270,43191.18,0.459,452,0.3674
19205,Treino_4901,varejo,inbound,270,82073.95,0.974,431,0.6571
13157,Treino_4902,tecnologia,inbound,270,47583.41,0.111,490,0.276
18306,Treino_4903,servicos,inbound,270,25434.81,0.248,176,0.4287
19060,Treino_4904,saude,outbound,270,63795.72,0.745,274,0.7928
14421,Treino_4905,varejo,inbound,270,17058.53,0.986,102,0.45
12009,Treino_4906,industria,inbound,270,63042.87,0.586,480,0.4714
19963,Treino_4907,servicos,inbound,270,69009.24,0.869,223,0.621
16480,Treino_4908,varejo,inbound,270,68232.98,0.014,30,0.2831
15993,Treino_4909,industria,indicacao,270,63291.1,0.601,311,0.4996
19726,Treino_4910,saude,indicacao,271,74052.51,0.616,281,0.3634
16338,Treino_4911,tecnologia,outbound,271,29676.8,0.122,61,0.01
11190,Treino_4912,varejo,indicacao,271,38103.49,0.266,281,0.833
14263,Treino_4913,industria,indicacao,271,94163.23,0.394,343,0.6107
12167,Treino_4914,servicos,indicacao,271,78524.54,0.783,285,0.6175
14232,Treino_4915,tecnologia,inbound,271,51470.02,0.994,470,0.81
19355,Treino_4916,industria,inbound,271,62007.41,0.64,472,0.4861
13617,Treino_4917,industria,indicacao,271,40683.72,0.113,481,0.3024
15049,Treino_4918,saude,outbound,271,59788.32,0.42,90,0.3339
13508,Treino_4919,tecnologia,outbound,271,79224.75,0.861,182,0.4893
10591,Treino_4920,industria,indicacao,271,25931.06,0.179,447,0.2807
18140,Treino_4921,industria,outbound,271,68329.02,0.925,328,0.6575
19168,Treino_4922,servicos,inbound,271,47047.45,0.904,203,0.5401
19864,Treino_4923,industria,inbound,271,51874.07,0.191,234,0.1126
11176,Treino_4924,saude,indicacao,271,53785.59,0.048,130,0.0825
17693,Treino_4925,industria,outbound,271,65472.41,0.71,188,0.3727
14910,Treino_4926,servicos,inbound,271,75267.79,0.895,379,0.7088
19400,Treino_4927,industria,inbound,271,60281.8,0.071,186,0.2205
13838,Treino_4928,saude,inbound,271,68124.13,0.665,27,0.1999
12420,Treino_4929,servicos,outbound,271,39244.86,0.063,188,0.3359
18175,Treino_4930,varejo,inbound,271,15049.07,0.202,232,0.3517
17304,Treino_4931,varejo,inbound,272,34202.94,0.255,369,0.5158
15723,Treino_4932,tecnologia,indicacao,272,50678.48,0.54,302,0.694
13615,Treino_4933,servicos,outbound,272,67993.54,0.601,240,0.3164
10135,Treino_4934,tecnologia,inbound,272,40364.4,0.408,424,0.3922
19623,Treino_4935,varejo,inbound,272,78247.02,0.271,494,0.1987
10282,Treino_4936,industria,inbound,272,75029.77,0.056,395,0.524
15732,Treino_4937,varejo,inbound,272,31793.23,0.12,89,0.417
17232,Treino_4938,saude,inbound,272,33051.37,0.69,361,0.4221
19979,Treino_4939,tecnologia,inbound,272,49586.09,0.009,187,0.4903
13273,Treino_4940,industria,outbound,272,31693.8,0.02,73,0.0998
10583,Treino_4941,tecnologia,inbound,272,67028.05,0.793,181,0.8019
14578,Treino_4942,servicos,inbound,272,70226.33,0.188,228,0.482
15591,Treino_4943,servicos,inbound,272,52453.83,0.396,373,0.3753
10693,Treino_4944,saude,outbound,272,62312.95,0.472,132,0.8515
12146,Treino_4945,varejo,inbound,272,27816.6,0.743,58,0.2986
17964,Treino_4946,servicos,inbound,272,60942.64,0.136,8,0.285
17066,Treino_4947,saude,outbound,272,40325.11,0.812,134,0.5005
18287,Treino_4948,industria,inbound,272,61663.81,0.115,375,0.5348
12852,Treino_4949,industria,inbound,272,39875.72,0.754,40,0.2927
10974,Treino_4950,saude,inbound,272,41899.95,0.524,308,0.403
11527,Treino_4951,industria,inbound,272,64341.59,0.806,174,0.5285
14632,Treino_4952,tecnologia,outbound,272,50406.61,0.756,482,0.6363
13235,Treino_4953,industria,outbound,273,22223.79,0.55,302,0.4619
18700,Treino_4954,tecnologia,inbound,273,50722.79,0.368,170,0.1631
15775,Treino_4955,industria,indicacao,273,60178.05,0.292,346,0.3944
14788,Treino_4956,industria,inbound,273,64851.42,0.609,387,0.5628
18895,Treino_4957,varejo,inbound,273,88514.89,0.915,496,0.9708
11077,Treino_4958,servicos,outbound,273,55708.08,0.239,172,0.9647
15778,Treino_4959,saude,outbound,273,43737.07,0.953,485,0.7834
13688,Treino_4960,saude,indicacao,273,33387.04,0.259,82,0.4271
15089,Treino_4961,saude,inbound,273,44398.31,0.357,374,0.261
13874,Treino_4962,saude,indicacao,273,69366.05,0.176,336,0.5028
14168,Treino_4963,varejo,inbound,273,13822.3,0.331,122,0.0316
18781,Treino_4964,industria,outbound,273,52721.03,0.474,462,0.7925
10155,Treino_4965,varejo,inbound,273,69313.5,0.015,282,0.3581
16100,Treino_4966,saude,inbound,273,50164.38,0.908,203,0.4489
16072,Treino_4967,industria,indicacao,273,45453.3,0.124,97,0.3063
10414,Treino_4968,varejo,inbound,273,70798.99,0.359,70,0.3583
12514,Treino_4969,servicos,outbound,273,34831.39,0.892,250,0.8041
18730,Treino_4970,varejo,indicacao,273,51750.44,0.143,143,0.0225
13713,Treino_4971,tecnologia,outbound,273,52218.94,0.809,327,0.7722
12138,Treino_4972,tecnologia,inbound,273,20531.66,0.289,155,0.0531
18624,Treino_4973,varejo,inbound,274,5000.0,0.913,413,0.6333
19861,Treino_4974,industria,indicacao,274,42265.63,0.761,15,0.5616
12916,Treino_4975,varejo,outbound,274,26701.64,0.432,180,0.4781
18553,Treino_4976,industria,outbound,274,67478.91,0.991,358,0.7856
15680,Treino_4977,varejo,inbound,274,5685.16,0.492,300,0.2139
13347,Treino_4978,industria,inbound,274,46359.03,0.941,367,0.4708
14214,Treino_4979,tecnologia,outbound,274,97589.26,0.316,228,0.4772
12850,Treino_4980,servicos,inbound,274,41261.58,0.403,319,0.656
18719,Treino_4981,servicos,inbound,274,36273.0,0.892,490,0.7426
19836,Treino_4982,varejo,indicacao,274,62094.29,0.178,318,0.1436
13933,Treino_4983,tecnologia,outbound,274,54068.91,0.533,89,0.4106
14754,Treino_4984,industria,inbound,274,69850.33,0.395,389,0.2115
14123,Treino_4985,varejo,inbound,274,75058.93,0.734,457,0.7191
12090,Treino_4986,industria,inbound,275,31088.39,0.164,148,0.4697
13267,Treino_4987,saude,inbound,275,47764.11,0.069,398,0.3409
19765,Treino_4988,servicos,inbound,275,76006.13,0.099,375,0.01
12177,Treino_4989,varejo,inbound,275,59192.54,0.136,175,0.3105
11444,Treino_4990,servicos,inbound,275,32721.19,0.485,333,0.4032
17982,Treino_4991,tecnologia,inbound,275,60264.43,0.343,126,0.3751
19551,Treino_4992,industria,inbound,275,46249.36,0.979,114,0.3687
16601,Treino_4993,industria,indicacao,275,25527.98,0.983,194,0.4922
10713,Treino_4994,tecnologia,outbound,275,71512.81,0.94,413,0.6777
16500,Treino_4995,tecnologia,outbound,275,42133.41,0.481,127,0.2779
13390,Treino_4996,saude,inbound,275,57591.16,0.911,70,0.4554
13320,Treino_4997,industria,outbound,275,57060.0,0.908,211,0.99
14884,Treino_4998,varejo,inbound,275,53029.3,0.113,451,0.2683
14960,Treino_4999,tecnologia,inbound,275,50003.13,0.658,397,0.5362
11252,Treino_5000,saude,outbound,276,57041.19,0.32,466,0.5682
14175,Treino_5001,servicos,indicacao,276,53863.74,0.783,254,0.2721
14039,Treino_5002,tecnologia,indicacao,276,62683.07,0.076,398,0.1404
18111,Treino_5003,saude,indicacao,276,56027.14,0.033,219,0.01
10132,Treino_5004,tecnologia,indicacao,276,46466.14,0.829,353,0.4547
16307,Treino_5005,industria,inbound,276,23033.15,0.024,354,0.0129
14808,Treino_5006,industria,outbound,276,48643.51,0.381,348,0.5235
12629,Treino_5007,varejo,inbound,276,86094.13,0.12,41,0.217
16906,Treino_5008,servicos,outbound,276,101376.1,0.842,477,0.5203
13959,Treino_5009,industria,inbound,276,56880.6,0.549,200,0.5199
16395,Treino_5010,servicos,outbound,276,39653.4,0.022,57,0.1045
10304,Treino_5011,servicos,inbound,276,44193.52,0.811,434,0.7809
10121,Treino_5012,saude,outbound,276,38339.51,0.772,440,0.4082
15344,Treino_5013,tecnologia,inbound,276,84652.75,0.19,388,0.7627
15710,Treino_5014,varejo,indicacao,276,80766.75,0.614,417,0.5078
18653,Treino_5015,varejo,outbound,277,64150.09,0.355,188,0.5072
12179,Treino_5016,industria,inbound,277,56473.19,0.776,69,0.7836
17878,Treino_5017,varejo,inbound,277,53065.41,0.35,120,0.4982
13361,Treino_5018,industria,inbound,277,19104.54,0.505,339,0.6902
12174,Treino_5019,varejo,indicacao,277,91367.6,0.359,125,0.7857
16223,Treino_5020,tecnologia,inbound,277,54579.3,0.607,208,0.2724
18984,Treino_5021,saude,inbound,277,17481.57,0.206,475,0.3557
18527,Treino_5022,industria,inbound,277,70825.14,0.36,339,0.6591
17236,Treino_5023,servicos,inbound,277,29167.62,0.807,198,0.416
15496,Treino_5024,industria,inbound,277,50220.55,0.194,232,0.1385
12749,Treino_5025,tecnologia,outbound,277,66056.34,0.371,60,0.3542
19107,Treino_5026,varejo,inbound,277,53844.86,0.055,196,0.3439
16623,Treino_5027,varejo,inbound,277,68622.58,0.681,406,0.6549
14922,Treino_5028,tecnologia,inbound,277,67021.06,0.498,326,0.4672
17084,Treino_5029,saude,outbound,277,63874.61,0.872,172,0.99
16203,Treino_5030,industria,inbound,277,65484.9,0.082,265,0.4233
11119,Treino_5031,tecnologia,inbound,277,93197.35,0.181,130,0.4145
17824,Treino_5032,varejo,outbound,277,53712.7,0.075,85,0.2663
10859,Treino_5033,industria,inbound,277,62751.87,0.565,70,0.6787
17956,Treino_5034,servicos,inbound,277,45164.05,0.314,195,0.2081
13339,Treino_5035,saude,outbound,277,58376.92,0.776,92,0.7422
19995,Treino_5036,servicos,inbound,277,52364.5,0.857,160,0.566
15813,Treino_5037,industria,inbound,277,66161.58,0.053,410,0.4541
11706,Treino_5038,industria,outbound,277,37289.63,0.273,413,0.6829
12031,Treino_5039,varejo,inbound,277,32714.85,0.075,342,0.2567
13186,Treino_5040,varejo,inbound,277,70137.12,0.613,332,0.659
12335,Treino_5041,tecnologia,inbound,277,25586.89,0.696,44,0.223
10522,Treino_5042,varejo,outbound,277,41296.2,0.252,217,0.6827
15009,Treino_5043,varejo,inbound,277,30674.81,0.573,289,0.4648
16676,Treino_5044,industria,outbound,277,48197.17,0.081,212,0.3408
19847,Treino_5045,saude,indicacao,278,17805.19,0.17,138,0.2464
17423,Treino_5046,saude,inbound,278,42955.62,0.914,46,0.2579
16507,Treino_5047,servicos,outbound,278,26603.39,0.942,86,0.4188
11598,Treino_5048,varejo,inbound,278,73563.05,0.406,422,0.4598
12566,Treino_5049,servicos,inbound,278,45405.66,0.098,291,0.5767
13851,Treino_5050,tecnologia,inbound,278,45337.47,0.341,374,0.669
10028,Treino_5051,varejo,inbound,278,34270.77,0.01,195,0.0276
15663,Treino_5052,saude,outbound,278,46133.83,0.59,369,0.7033
10328,Treino_5053,tecnologia,inbound,278,51591.24,0.614,423,0.37
18591,Treino_5054,servicos,inbound,278,7546.5,0.727,274,0.9584
18155,Treino_5055,tecnologia,inbound,278,78749.53,0.972,22,0.6827
18131,Treino_5056,tecnologia,inbound,278,45868.91,0.706,48,0.6311
11431,Treino_5057,industria,outbound,278,8983.38,0.089,25,0.2558
11565,Treino_5058,servicos,inbound,278,81718.63,0.787,286,0.8639
13472,Treino_5059,servicos,inbound,278,62611.65,0.512,454,0.4342
17701,Treino_5060,servicos,inbound,278,51067.99,0.178,358,0.46
11869,Treino_5061,industria,outbound,278,55841.94,0.802,14,0.7567
13877,Treino_5062,tecnologia,indicacao,278,42520.4,0.25,232,0.217
11400,Treino_5063,varejo,inbound,278,67899.73,0.302,194,0.6712
13041,Treino_5064,varejo,inbound,278,58435.87,0.119,396,0.4171
18857,Treino_5065,varejo,outbound,279,74034.14,0.882,333,0.5626
18303,Treino_5066,servicos,inbound,279,62478.45,0.63,368,0.3512
13734,Treino_5067,industria,inbound,279,51567.09,0.642,103,0.435
13196,Treino_5068,varejo,outbound,279,58591.14,0.273,467,0.5103
11656,Treino_5069,servicos,inbound,279,30049.19,0.28,270,0.149
10412,Treino_5070,saude,outbound,279,47089.88,0.943,62,0.628
17849,Treino_5071,saude,inbound,279,34110.33,0.228,209,0.0607
12285,Treino_5072,servicos,inbound,279,59018.09,0.292,408,0.5265
10619,Treino_5073,servicos,inbound,279,59372.43,0.996,155,0.6595
16667,Treino_5074,saude,outbound,279,27431.61,0.689,154,0.2685
14766,Treino_5075,tecnologia,outbound,279,34716.63,0.947,114,0.6532
16777,Treino_5076,servicos,outbound,279,50374.65,0.802,332,0.4586
19717,Treino_5077,saude,inbound,279,56459.83,0.91,334,0.99
17022,Treino_5078,varejo,inbound,279,45552.01,0.866,358,0.686
14977,Treino_5079,varejo,inbound,279,34354.0,0.764,80,0.2166
18052,Treino_5080,tecnologia,outbound,279,74057.02,0.242,390,0.5524
19210,Treino_5081,tecnologia,inbound,279,25241.37,0.174,451,0.5777
13020,Treino_5082,tecnologia,indicacao,279,5000.0,0.415,188,0.01
17762,Treino_5083,servicos,inbound,279,56772.35,0.806,235,0.5924
18660,Treino_5084,servicos,inbound,279,31907.66,0.89,163,0.306
14505,Treino_5085,servicos,inbound,279,82117.88,0.583,242,0.5779
10741,Treino_5086,saude,inbound,280,47475.65,0.75,5,0.2994
17883,Treino_5087,tecnologia,outbound,280,34723.5,0.971,392,0.7562
19324,Treino_5088,saude,outbound,280,33297.33,0.75,270,0.4812
14450,Treino_5089,servicos,inbound,280,55390.96,0.704,137,0.2032
12722,Treino_5090,industria,inbound,280,52144.64,0.988,34,0.0606
18436,Treino_5091,saude,inbound,280,55455.77,0.055,170,0.146
17577,Treino_5092,saude,inbound,280,56509.88,0.755,155,0.4072
10134,Treino_5093,industria,inbound,280,41484.95,0.038,453,0.3266
19798,Treino_5094,industria,inbound,280,56213.78,0.81,20,0.6145
14776,Treino_5095,saude,inbound,280,36147.69,0.505,291,0.7844
17175,Treino_5096,varejo,outbound,280,46953.07,0.252,27,0.1697
10598,Treino_5097,servicos,outbound,280,60152.28,0.173,183,0.1417
14355,Treino_5098,servicos,outbound,280,22066.39,0.08,414,0.2221
14763,Treino_5099,varejo,inbound,280,65759.67,0.018,107,0.01
11627,Treino_5100,varejo,indicacao,280,8127.7,0.578,216,0.2273
19125,Treino_5101,servicos,outbound,280,65955.46,0.994,110,0.3127
15357,Treino_5102,saude,inbound,280,83002.51,0.622,343,0.2623
18284,Treino_5103,servicos,outbound,280,62633.28,0.833,460,0.2307
14588,Treino_5104,tecnologia,outbound,280,58106.48,0.844,81,0.6154
12274,Treino_5105,saude,outbound,280,26277.96,0.105,248,0.0915
17752,Treino_5106,industria,inbound,280,47129.26,0.794,192,0.3824
11484,Treino_5107,servicos,inbound,280,37140.12,0.21,60,0.3465
11404,Treino_5108,industria,outbound,280,64056.95,0.145,9,0.3254
18911,Treino_5109,tecnologia,inbound,281,74406.54,0.632,164,0.7708
13753,Treino_5110,servicos,outbound,281,64305.05,0.537,216,0.1928
11856,Treino_5111,servicos,indicacao,281,43545.93,0.802,288,0.5095
12696,Treino_5112,saude,inbound,281,46261.88,0.815,368,0.5966
19549,Treino_5113,industria,inbound,281,37929.61,0.332,266,0.5338
15104,Treino_5114,servicos,inbound,281,71699.12,0.895,87,0.5388
18113,Treino_5115,servicos,inbound,281,56085.03,0.22,323,0.4645
12921,Treino_5116,tecnologia,outbound,281,43312.91,0.036,135,0.3987
16043,Treino_5117,varejo,outbound,281,29464.96,0.512,495,0.616
14998,Treino_5118,varejo,inbound,281,27901.04,0.29,359,0.3953
16932,Treino_5119,saude,inbound,281,78468.44,0.518,301,0.5356
18254,Treino_5120,industria,inbound,281,56873.47,0.816,300,0.7441
11678,Treino_5121,tecnologia,inbound,281,33916.99,0.163,371,0.1181
18234,Treino_5122,tecnologia,outbound,281,63806.72,0.181,281,0.01
10560,Treino_5123,servicos,outbound,281,42486.65,0.028,267,0.2023
11502,Treino_5124,tecnologia,inbound,281,45105.82,0.842,408,0.99
12196,Treino_5125,varejo,outbound,281,37369.79,0.939,11,0.1797
19993,Treino_5126,varejo,indicacao,281,54515.65,0.219,463,0.6155
19636,Treino_5127,varejo,outbound,281,33959.81,0.902,138,0.4962
15323,Treino_5128,varejo,outbound,281,34607.1,0.006,211,0.6065
10744,Treino_5129,varejo,outbound,282,5000.0,0.138,306,0.0905
19407,Treino_5130,varejo,outbound,282,83688.86,0.961,242,0.4162
16566,Treino_5131,tecnologia,inbound,282,7164.59,0.812,180,0.0383
11115,Treino_5132,industria,inbound,282,66677.58,0.334,453,0.5404
11623,Treino_5133,tecnologia,inbound,282,83933.64,0.829,97,0.518
10860,Treino_5134,varejo,inbound,282,24985.63,0.239,64,0.3045
13496,Treino_5135,saude,inbound,282,42883.37,0.109,343,0.4495
13059,Treino_5136,saude,inbound,282,59929.83,0.942,49,0.4372
15540,Treino_5137,tecnologia,outbound,282,40074.84,0.849,422,0.5759
15495,Treino_5138,tecnologia,inbound,282,44227.4,0.83,425,0.6488
12951,Treino_5139,tecnologia,outbound,282,55119.68,0.722,172,0.5423
19875,Treino_5140,varejo,inbound,282,30620.11,0.687,194,0.6326
11899,Treino_5141,industria,inbound,282,70626.36,0.278,455,0.6675
16668,Treino_5142,varejo,inbound,282,62415.11,0.508,261,0.7767
19350,Treino_5143,servicos,inbound,282,87834.52,0.578,303,0.4194
15367,Treino_5144,industria,outbound,282,50377.25,0.144,411,0.7123
10249,Treino_5145,industria,inbound,282,40360.14,0.473,26,0.3978
19646,Treino_5146,servicos,outbound,282,73971.55,0.805,327,0.6101
19734,Treino_5147,tecnologia,inbound,282,61262.9,0.401,467,0.5997
13102,Treino_5148,saude,inbound,282,58538.5,0.874,57,0.5499
17484,Treino_5149,varejo,inbound,283,60184.33,0.49,39,0.3419
10011,Treino_5150,saude,inbound,283,38328.47,0.847,465,0.99
13047,Treino_5151,industria,inbound,283,104168.9,0.86,227,0.8878
13284,Treino_5152,saude,indicacao,283,56152.61,0.997,156,0.5154
13597,Treino_5153,servicos,indicacao,283,28405.73,0.053,423,0.4226
13730,Treino_5154,servicos,inbound,283,66785.23,0.326,24,0.1926
19673,Treino_5155,saude,inbound,283,65549.95,0.169,466,0.4825
14931,Treino_5156,varejo,outbound,283,48418.43,0.206,417,0.0107
17327,Treino_5157,varejo,outbound,283,55484.1,0.472,266,0.2741
13927,Treino_5158,industria,inbound,283,37802.11,0.74,441,0.8041
11019,Treino_5159,servicos,inbound,283,60607.67,0.358,336,0.8
13106,Treino_5160,servicos,inbound,283,41913.14,0.733,214,0.3201
12294,Treino_5161,servicos,indicacao,283,32285.26,0.277,465,0.6202
12744,Treino_5162,saude,outbound,283,81792.47,0.59,166,0.436
12159,Treino_5163,varejo,inbound,283,86229.1,0.009,480,0.5601
12940,Treino_5164,saude,inbound,283,25836.64,0.97,103,0.2753
12978,Treino_5165,industria,inbound,283,18349.66,0.811,494,0.4735
15262,Treino_5166,industria,indicacao,284,21303.94,0.062,229,0.081
11553,Treino_5167,tecnologia,inbound,284,57436.08,0.88,239,0.7603
11215,Treino_5168,tecnologia,outbound,284,58702.38,0.992,317,0.5481
18006,Treino_5169,varejo,inbound,284,20116.98,0.459,226,0.1405
15676,Treino_5170,varejo,outbound,284,18990.47,0.3,499,0.6011
14685,Treino_5171,saude,inbound,284,68600.66,0.668,429,0.99
19320,Treino_5172,tecnologia,outbound,284,79973.7,0.337,266,0.3759
18124,Treino_5173,saude,inbound,284,66040.01,0.738,134,0.2898
11012,Treino_5174,varejo,inbound,284,31596.19,0.408,64,0.3306
15795,Treino_5175,servicos,outbound,284,48027.56,0.75,181,0.5864
14031,Treino_5176,industria,inbound,284,32548.82,0.904,267,0.7262
10864,Treino_5177,varejo,outbound,284,90196.54,0.886,186,0.6897
16979,Treino_5178,tecnologia,indicacao,284,46718.95,0.195,167,0.3088
13848,Treino_5179,industria,inbound,284,65025.1,0.892,163,0.8933
12128,Treino_5180,servicos,outbound,284,67120.23,0.629,461,0.7888
13812,Treino_5181,servicos,inbound,284,62314.01,0.212,121,0.6947
10828,Treino_5182,tecnologia,inbound,284,86068.63,0.042,128,0.5679
14315,Treino_5183,industria,inbound,285,58187.46,0.56,96,0.7722
19939,Treino_5184,industria,inbound,285,5000.0,0.928,168,0.3953
18754,Treino_5185,servicos,inbound,285,47419.96,0.034,113,0.01
17749,Treino_5186,tecnologia,outbound,285,23408.43,0.782,78,0.2926
10942,Treino_5187,servicos,outbound,285,35977.69,0.563,448,0.3895
12478,Treino_5188,varejo,inbound,285,26677.66,0.967,465,0.6583
17783,Treino_5189,industria,indicacao,285,41332.37,0.845,429,0.5585
12060,Treino_5190,saude,indicacao,285,13457.25,0.901,439,0.2913
14143,Treino_5191,saude,outbound,285,50682.24,0.099,286,0.4121
15868,Treino_5192,servicos,inbound,285,45601.41,0.967,110,0.6341
19641,Treino_5193,varejo,outbound,285,27101.16,0.164,485,0.3877
18263,Treino_5194,saude,inbound,285,66741.79,0.6,363,0.72
14833,Treino_5195,saude,inbound,285,44169.18,0.256,311,0.4176
16985,Treino_5196,varejo,indicacao,285,56182.84,0.139,101,0.4842
11722,Treino_5197,tecnologia,indicacao,285,73776.91,0.212,472,0.7098
13969,Treino_5198,varejo,inbound,285,60535.31,0.436,205,0.2015
13192,Treino_5199,servicos,inbound,285,48172.72,0.061,498,0.125
13399,Treino_5200,servicos,inbound,285,62714.94,0.791,198,0.6574
18538,Treino_5201,varejo,outbound,285,36188.05,0.282,25,0.1428
10786,Treino_5202,varejo,inbound,285,35912.08,0.428,21,0.01
12918,Treino_5203,varejo,inbound,285,75519.24,0.02,78,0.162
17907,Treino_5204,industria,inbound,285,48557.37,0.502,376,0.3249
11438,Treino_5205,tecnologia,indicacao,285,61874.44,0.932,470,0.8878
17348,Treino_5206,industria,inbound,285,79411.12,0.416,264,0.4028
13063,Treino_5207,servicos,inbound,285,73172.02,0.398,11,0.5215
15145,Treino_5208,varejo,outbound,285,20109.8,0.073,347,0.0187
17355,Treino_5209,servicos,inbound,285,34210.53,0.544,188,0.4262
15082,Treino_5210,industria,indicacao,285,63125.33,0.145,474,0.5054
16735,Treino_5211,servicos,outbound,286,65409.09,0.92,292,0.5088
12418,Treino_5212,saude,inbound,286,57920.29,0.016,478,0.5208
14247,Treino_5213,servicos,outbound,286,38017.46,0.001,310,0.1825
10980,Treino_5214,servicos,inbound,286,24115.08,0.406,341,0.3824
16874,Treino_5215,servicos,inbound,286,53992.61,0.735,177,0.149
14886,Treino_5216,tecnologia,outbound,286,35259.52,0.066,426,0.5111
10499,Treino_5217,varejo,inbound,286,43433.07,0.186,289,0.6551
18967,Treino_5218,tecnologia,inbound,286,52109.35,0.635,60,0.2908
13988,Treino_5219,industria,indicacao,286,57979.13,0.115,251,0.2649
11078,Treino_5220,industria,outbound,286,79927.01,0.297,67,0.2398
17207,Treino_5221,tecnologia,inbound,286,51514.54,0.925,442,0.6453
12535,Treino_5222,servicos,outbound,286,37963.88,0.274,290,0.0885
15202,Treino_5223,servicos,inbound,286,46478.26,0.768,323,0.7342
11192,Treino_5224,tecnologia,outbound,286,37614.12,0.24,135,0.2277
13887,Treino_5225,servicos,inbound,286,43842.45,0.366,160,0.6072
17198,Treino_5226,saude,inbound,286,38991.85,0.352,245,0.2118
19427,Treino_5227,tecnologia,outbound,286,53153.97,0.314,93,0.4132
18757,Treino_5228,saude,inbound,286,51182.36,0.684,312,0.5041
12085,Treino_5229,tecnologia,inbound,286,60931.61,0.083,484,0.4418
14497,Treino_5230,saude,outbound,286,56187.88,0.877,322,0.577
16707,Treino_5231,varejo,indicacao,286,35754.5,0.346,414,0.6067
16350,Treino_5232,servicos,inbound,287,69707.01,0.223,336,0.4665
14400,Treino_5233,saude,inbound,287,28558.77,0.033,85,0.3159
16964,Treino_5234,tecnologia,indicacao,287,60614.13,0.428,442,0.5445
11876,Treino_5235,varejo,inbound,287,65156.91,0.213,410,0.4355
18637,Treino_5236,varejo,outbound,287,71755.97,0.014,252,0.3947
10843,Treino_5237,servicos,inbound,287,89992.84,0.399,98,0.1788
19377,Treino_5238,servicos,inbound,287,61291.26,0.115,122,0.364
10310,Treino_5239,saude,inbound,287,34533.7,0.628,192,0.2855
12175,Treino_5240,tecnologia,outbound,287,5000.0,0.597,101,0.1057
18921,Treino_5241,tecnologia,inbound,287,30564.93,0.498,415,0.2905
11072,Treino_5242,tecnologia,inbound,287,25577.09,0.577,470,0.8024
10747,Treino_5243,tecnologia,indicacao,287,36016.12,0.284,489,0.2447
18523,Treino_5244,industria,inbound,287,78513.09,0.6,499,0.8893
17808,Treino_5245,servicos,inbound,287,42422.17,0.694,359,0.7571
16211,Treino_5246,servicos,outbound,287,54388.92,0.834,402,0.5569
12972,Treino_5247,servicos,indicacao,288,59708.45,0.689,409,0.5504
16923,Treino_5248,industria,outbound,288,52503.16,0.161,348,0.5923
12324,Treino_5249,industria,inbound,288,52865.91,0.876,306,0.5919
13253,Treino_5250,servicos,outbound,288,74654.23,0.507,146,0.2567
18783,Treino_5251,servicos,inbound,288,59822.52,0.679,294,0.8164
19161,Treino_5252,varejo,indicacao,288,12078.93,0.506,204,0.1943
18468,Treino_5253,varejo,outbound,288,60012.38,0.073,479,0.5377
13985,Treino_5254,tecnologia,outbound,288,44285.51,0.471,316,0.7715
18359,Treino_5255,servicos,inbound,288,30956.63,0.29,472,0.3775
17176,Treino_5256,saude,outbound,288,5000.0,0.395,193,0.393
17993,Treino_5257,saude,outbound,288,56256.86,0.233,497,0.3448
13690,Treino_5258,servicos,outbound,288,60707.06,0.242,81,0.4306
14483,Treino_5259,servicos,indicacao,288,46138.71,0.479,75,0.2695
14735,Treino_5260,tecnologia,inbound,288,62078.91,0.275,255,0.3362
15405,Treino_5261,industria,inbound,288,10122.79,0.594,157,0.0814
16864,Treino_5262,saude,outbound,289,57923.9,0.996,454,0.99
16608,Treino_5263,varejo,inbound,289,60736.19,0.669,99,0.5183
17013,Treino_5264,saude,inbound,289,54169.07,0.024,193,0.2809
15383,Treino_5265,varejo,inbound,289,64924.83,0.511,306,0.5575
16237,Treino_5266,industria,inbound,289,32880.99,0.28,429,0.5847
19877,Treino_5267,tecnologia,outbound,289,46088.9,0.153,234,0.1447
19863,Treino_5268,industria,inbound,289,44465.91,0.877,406,0.5518
19579,Treino_5269,varejo,inbound,289,80130.68,0.535,303,0.4417
16376,Treino_5270,industria,inbound,289,56651.29,0.025,62,0.2406
10448,Treino_5271,servicos,inbound,289,78941.88,0.701,271,0.4992
14571,Treino_5272,industria,inbound,289,29559.71,0.019,117,0.0196
10474,Treino_5273,varejo,inbound,289,40790.7,0.341,234,0.01
18951,Treino_5274,saude,inbound,289,29005.52,0.898,359,0.2096
13226,Treino_5275,saude,outbound,290,51185.65,0.751,105,0.2344
10946,Treino_5276,tecnologia,outbound,290,45852.83,0.944,97,0.543
10831,Treino_5277,tecnologia,outbound,290,66315.72,0.689,107,0.3612
13839,Treino_5278,saude,outbound,290,111610.09,0.993,105,0.99
12046,Treino_5279,servicos,inbound,290,44656.62,0.138,338,0.2939
18353,Treino_5280,varejo,inbound,290,49478.0,0.705,31,0.3365
13565,Treino_5281,industria,inbound,290,67312.21,0.406,215,0.323
14860,Treino_5282,tecnologia,outbound,290,68879.77,0.279,259,0.4326
19065,Treino_5283,saude,indicacao,290,39815.49,0.828,274,0.672
16714,Treino_5284,tecnologia,indicacao,290,21155.08,0.301,283,0.4148
15178,Treino_5285,tecnologia,outbound,290,41149.09,0.602,388,0.3901
16401,Treino_5286,servicos,inbound,290,43952.19,0.756,301,0.4271
16138,Treino_5287,industria,inbound,290,40792.66,0.576,418,0.5566
12252,Treino_5288,saude,inbound,290,55388.77,0.796,258,0.3052
13371,Treino_5289,industria,inbound,290,64994.13,0.107,288,0.3183
17267,Treino_5290,industria,outbound,290,26597.51,0.697,451,0.8665
16103,Treino_5291,tecnologia,outbound,290,58471.64,0.605,295,0.9343
14630,Treino_5292,tecnologia,inbound,290,56251.35,0.916,162,0.8724
16206,Treino_5293,industria,outbound,290,23535.76,0.875,182,0.6867
17801,Treino_5294,servicos,outbound,290,51347.54,0.211,185,0.2466
14957,Treino_5295,saude,inbound,290,70410.06,0.402,424,0.5917
17626,Treino_5296,varejo,inbound,290,69892.67,0.563,145,0.7581
19195,Treino_5297,industria,inbound,290,35667.8,0.104,208,0.1566
14894,Treino_5298,varejo,outbound,290,44007.68,0.994,382,0.529
17346,Treino_5299,varejo,inbound,290,60232.84,0.201,142,0.5331
11178,Treino_5300,tecnologia,inbound,291,46120.53,0.977,216,0.8639
13090,Treino_5301,saude,outbound,291,43433.05,0.924,63,0.918
12165,Treino_5302,tecnologia,inbound,291,48721.87,0.733,397,0.8786
16411,Treino_5303,varejo,outbound,291,44581.49,0.325,358,0.2257
15286,Treino_5304,industria,outbound,291,39012.44,0.55,322,0.387
16477,Treino_5305,varejo,inbound,291,25127.81,0.883,426,0.3997
18122,Treino_5306,varejo,inbound,291,29174.45,0.763,360,0.56
11875,Treino_5307,industria,inbound,291,53439.03,0.358,478,0.4439
11113,Treino_5308,tecnologia,outbound,291,65428.85,0.216,112,0.3475
16485,Treino_5309,servicos,inbound,291,38617.2,0.02,296,0.3074
17116,Treino_5310,servicos,inbound,291,38658.95,0.811,223,0.6857
13786,Treino_5311,industria,inbound,291,42075.51,0.796,412,0.519
18737,Treino_5312,varejo,outbound,291,61784.61,0.092,202,0.5266
19997,Treino_5313,industria,indicacao,292,66328.04,0.772,332,0.637
10015,Treino_5314,tecnologia,outbound,292,74528.49,0.36,276,0.2279
17744,Treino_5315,saude,indicacao,292,22099.51,0.625,167,0.2552
13586,Treino_5316,industria,inbound,292,55688.55,0.276,5,0.01
15772,Treino_5317,tecnologia,outbound,292,34612.83,0.865,69,0.3649
13857,Treino_5318,tecnologia,outbound,292,64580.3,0.269,75,0.4367
14929,Treino_5319,tecnologia,inbound,292,50629.33,0.102,276,0.3274
17716,Treino_5320,servicos,inbound,292,74979.92,0.97,127,0.8248
16930,Treino_5321,tecnologia,inbound,292,88620.22,0.612,307,0.7416
14655,Treino_5322,tecnologia,inbound,292,20053.62,0.136,209,0.1939
15512,Treino_5323,servicos,inbound,292,30961.68,0.496,327,0.44
12315,Treino_5324,saude,inbound,292,60281.91,0.041,258,0.612
18450,Treino_5325,tecnologia,inbound,292,69366.54,0.742,149,0.8255
12726,Treino_5326,tecnologia,inbound,292,52426.66,0.77,9,0.4795
19334,Treino_5327,saude,indicacao,292,68492.11,0.475,164,0.4924
12958,Treino_5328,servicos,outbound,292,42641.89,0.33,369,0.0996
19570,Treino_5329,servicos,outbound,292,64518.59,0.485,468,0.9166
16282,Treino_5330,servicos,inbound,292,103563.37,0.588,193,0.5675
12711,Treino_5331,servicos,outbound,292,50726.93,0.457,244,0.3196
18077,Treino_5332,varejo,inbound,292,41655.12,0.445,78,0.3145
17584,Treino_5333,tecnologia,outbound,293,59424.49,0.585,235,0.381
10385,Treino_5334,servicos,outbound,293,42522.79,0.251,202,0.4698
19851,Treino_5335,industria,inbound,293,74799.85,0.169,222,0.3255
11472,Treino_5336,varejo,outbound,293,66207.25,0.474,486,0.6414
15925,Treino_5337,servicos,outbound,293,41049.98,0.627,5,0.2113
16373,Treino_5338,tecnologia,inbound,293,48344.1,0.619,311,0.049
12632,Treino_5339,tecnologia,inbound,293,18848.25,0.676,235,0.3721
15443,Treino_5340,tecnologia,inbound,293,31733.16,0.702,131,0.5844
14791,Treino_5341,servicos,outbound,293,75797.7,0.441,335,0.4608
16047,Treino_5342,tecnologia,outbound,293,43115.47,0.451,484,0.5285
17871,Treino_5343,tecnologia,outbound,293,43003.39,0.105,50,0.2343
19130,Treino_5344,servicos,outbound,293,58061.0,0.81,297,0.6832
15034,Treino_5345,servicos,outbound,293,64294.42,0.966,195,0.99
15955,Treino_5346,saude,inbound,293,66543.24,0.058,247,0.3643
16229,Treino_5347,tecnologia,inbound,293,83050.64,0.083,390,0.5027
12707,Treino_5348,tecnologia,outbound,293,63260.93,0.36,52,0.5085
14368,Treino_5349,industria,outbound,294,83483.69,0.893,68,0.4382
18170,Treino_5350,varejo,outbound,294,30769.74,0.683,381,0.2883
10036,Treino_5351,servicos,inbound,294,55418.03,0.195,159,0.2515
14494,Treino_5352,servicos,inbound,294,56756.62,0.071,94,0.1007
15048,Treino_5353,varejo,outbound,294,81772.98,0.957,343,0.7424
11265,Treino_5354,varejo,inbound,294,47585.89,0.953,212,0.2679
12721,Treino_5355,saude,inbound,294,77648.91,0.163,411,0.3857
15264,Treino_5356,varejo,inbound,294,86963.4,0.024,83,0.3334
19723,Treino_5357,servicos,inbound,294,45676.16,0.807,376,0.5363
18940,Treino_5358,industria,outbound,294,61822.93,0.096,260,0.4041
11260,Treino_5359,varejo,outbound,294,27059.02,0.282,341,0.1605
18001,Treino_5360,tecnologia,inbound,294,42554.06,0.585,316,0.1518
10111,Treino_5361,saude,outbound,294,30617.45,0.731,172,0.2501
16583,Treino_5362,saude,inbound,294,43481.17,0.411,237,0.4153
14229,Treino_5363,industria,indicacao,294,62764.11,0.917,436,0.6005
19308,Treino_5364,industria,outbound,294,42750.09,0.359,26,0.2786
12677,Treino_5365,servicos,indicacao,294,90385.67,0.665,180,0.4492
13986,Treino_5366,saude,inbound,294,72991.72,0.08,54,0.0487
11801,Treino_5367,varejo,indicacao,294,71307.53,0.992,369,0.6799
18384,Treino_5368,industria,indicacao,294,17304.6,0.246,445,0.4794
13604,Treino_5369,tecnologia,outbound,294,77560.8,0.468,35,0.1946
11889,Treino_5370,industria,indicacao,294,59468.25,0.163,420,0.5823
19564,Treino_5371,saude,inbound,294,66017.11,0.549,254,0.3874
11020,Treino_5372,tecnologia,outbound,294,102417.53,0.13,483,0.7161
11289,Treino_5373,servicos,outbound,294,63081.85,0.747,366,0.7596
14823,Treino_5374,servicos,outbound,294,52796.54,0.166,164,0.3347
13685,Treino_5375,industria,inbound,294,64178.89,0.9,440,0.4385
14102,Treino_5376,tecnologia,indicacao,294,51234.7,0.173,104,0.2259
12424,Treino_5377,industria,inbound,294,66767.76,0.869,435,0.7115
14988,Treino_5378,saude,inbound,295,14131.37,0.063,332,0.2916
12919,Treino_5379,industria,indicacao,295,41291.16,0.463,92,0.3256
15015,Treino_5380,industria,outbound,295,77426.07,0.222,94,0.4557
11118,Treino_5381,tecnologia,inbound,295,65182.65,0.708,17,0.5509
13962,Treino_5382,servicos,indicacao,295,54668.71,0.482,362,0.5472
11730,Treino_5383,varejo,indicacao,295,35433.9,0.122,243,0.3719
14606,Treino_5384,servicos,inbound,295,81548.5,0.53,451,0.6462
12022,Treino_5385,varejo,inbound,295,64545.69,0.829,497,0.99
14985,Treino_5386,tecnologia,inbound,295,42151.45,0.981,487,0.6866
17280,Treino_5387,industria,inbound,295,51878.47,0.933,24,0.4431
19090,Treino_5388,varejo,inbound,295,30378.72,0.85,385,0.3947
14976,Treino_5389,servicos,indicacao,295,46436.29,0.283,368,0.1617
18205,Treino_5390,tecnologia,inbound,295,34871.57,0.393,331,0.1207
18453,Treino_5391,servicos,inbound,295,51962.67,0.169,56,0.1226
13189,Treino_5392,varejo,inbound,295,79222.17,0.872,104,0.99
10493,Treino_5393,tecnologia,inbound,295,85078.13,0.866,191,0.8825
16527,Treino_5394,tecnologia,inbound,295,65427.63,0.396,296,0.45
17434,Treino_5395,varejo,indicacao,295,46522.94,0.373,207,0.0929
19451,Treino_5396,servicos,inbound,295,39491.98,0.638,75,0.2655
18600,Treino_5397,varejo,indicacao,296,59594.85,0.548,439,0.581
16163,Treino_5398,varejo,indicacao,296,66962.42,0.73,37,0.7357
14885,Treino_5399,varejo,indicacao,296,64738.5,0.103,104,0.4056
18294,Treino_5400,saude,inbound,296,49165.12,0.641,151,0.5046
17259,Treino_5401,varejo,outbound,296,44588.27,0.389,246,0.3347
18259,Treino_5402,saude,outbound,296,89009.55,0.862,187,0.4385
19127,Treino_5403,servicos,inbound,296,27062.01,0.955,90,0.3117
13644,Treino_5404,industria,inbound,296,40064.78,0.2,9,0.01
16013,Treino_5405,saude,outbound,296,83559.87,0.337,11,0.5148
17953,Treino_5406,tecnologia,indicacao,296,44659.49,0.126,362,0.1401
19607,Treino_5407,servicos,inbound,296,24008.14,0.504,143,0.5829
12080,Treino_5408,servicos,indicacao,296,34116.56,0.305,86,0.01
17230,Treino_5409,saude,inbound,296,35590.07,0.272,166,0.4072
17483,Treino_5410,industria,outbound,296,29110.47,0.433,349,0.2888
12450,Treino_5411,varejo,outbound,296,67319.12,0.401,485,0.99
16447,Treino_5412,industria,inbound,296,54401.15,0.57,451,0.5069
19251,Treino_5413,varejo,indicacao,296,53119.5,0.844,461,0.6365
15219,Treino_5414,saude,outbound,296,11113.13,0.952,436,0.6876
16430,Treino_5415,tecnologia,inbound,296,46976.46,0.623,230,0.8907
15106,Treino_5416,varejo,inbound,296,68534.95,0.268,371,0.4498
10986,Treino_5417,saude,outbound,297,21106.87,0.715,278,0.7224
16482,Treino_5418,servicos,inbound,297,63886.9,0.479,71,0.6342
19172,Treino_5419,tecnologia,indicacao,297,8248.29,0.885,160,0.2109
18760,Treino_5420,industria,outbound,297,28793.47,0.741,268,0.5267
12305,Treino_5421,servicos,inbound,297,56404.14,0.623,178,0.5618
10042,Treino_5422,saude,inbound,297,32711.56,0.25,306,0.3009
12378,Treino_5423,industria,inbound,297,69434.77,0.372,475,0.3877
19794,Treino_5424,saude,inbound,297,41457.73,0.961,481,0.6934
17892,Treino_5425,industria,outbound,297,66243.97,0.321,391,0.4244
19980,Treino_5426,tecnologia,outbound,297,27222.32,0.686,367,0.5449
18861,Treino_5427,saude,inbound,297,6371.09,0.974,433,0.8912
10597,Treino_5428,tecnologia,indicacao,297,88795.5,0.817,188,0.8082
12528,Treino_5429,saude,outbound,297,77725.78,0.524,182,0.5382
11296,Treino_5430,industria,inbound,297,86983.15,0.533,499,0.5882
13194,Treino_5431,tecnologia,outbound,297,23084.62,0.14,126,0.1274
12973,Treino_5432,servicos,outbound,297,31512.91,0.396,332,0.5194
19318,Treino_5433,industria,indicacao,297,59797.35,0.934,492,0.8652
12590,Treino_5434,servicos,inbound,297,48300.71,0.411,277,0.3897
13894,Treino_5435,servicos,inbound,297,48097.7,0.196,235,0.2614
18640,Treino_5436,varejo,inbound,297,20245.32,0.963,381,0.8012
17043,Treino_5437,saude,outbound,297,46282.81,0.592,467,0.5627
17921,Treino_5438,tecnologia,outbound,297,38617.63,0.316,437,0.6346
10547,Treino_5439,tecnologia,inbound,297,26654.1,0.751,456,0.5291
19768,Treino_5440,saude,indicacao,297,67360.78,0.751,58,0.4508
19928,Treino_5441,tecnologia,inbound,297,24562.7,0.038,35,0.01
11610,Treino_5442,saude,inbound,298,57982.36,0.428,102,0.2335
11487,Treino_5443,saude,outbound,298,56319.09,0.449,170,0.0742
15578,Treino_5444,servicos,inbound,298,46906.8,0.117,470,0.2391
10192,Treino_5445,servicos,inbound,298,70581.14,0.201,242,0.3658
19850,Treino_5446,saude,inbound,298,81328.57,0.908,319,0.7505
18154,Treino_5447,saude,inbound,298,98517.51,0.616,495,0.6824
12140,Treino_5448,saude,outbound,298,48545.87,0.23,306,0.3001
13995,Treino_5449,saude,inbound,298,42572.82,0.673,161,0.0625
18540,Treino_5450,industria,outbound,298,35457.66,0.186,130,0.0986
13665,Treino_5451,saude,outbound,298,92704.3,0.37,334,0.3522
18248,Treino_5452,industria,indicacao,298,28285.17,0.655,450,0.6538
11987,Treino_5453,tecnologia,indicacao,298,81988.24,0.899,40,0.6063
18566,Treino_5454,varejo,inbound,298,66044.59,0.129,109,0.514
18460,Treino_5455,varejo,outbound,298,37564.68,0.997,285,0.3873
17543,Treino_5456,saude,outbound,298,65916.28,0.669,161,0.5289
12076,Treino_5457,servicos,inbound,298,68193.88,0.777,20,0.3542
19714,Treino_5458,servicos,inbound,298,38710.23,0.709,17,0.353
10623,Treino_5459,servicos,outbound,298,76970.33,0.892,434,0.9229
10609,Treino_5460,industria,inbound,299,19487.67,0.729,323,0.2605
19567,Treino_5461,industria,outbound,299,31846.22,0.53,21,0.5502
18551,Treino_5462,saude,inbound,299,34131.75,0.037,299,0.01
17229,Treino_5463,servicos,inbound,299,75236.96,0.01,92,0.0146
19680,Treino_5464,tecnologia,indicacao,299,34387.73,0.148,431,0.4447
15281,Treino_5465,servicos,outbound,299,24025.01,0.973,110,0.5836
15725,Treino_5466,tecnologia,inbound,299,28668.47,0.56,115,0.2745
14111,Treino_5467,industria,outbound,299,58504.78,0.135,187,0.1923
16690,Treino_5468,saude,inbound,299,44033.48,0.985,307,0.602
11269,Treino_5469,industria,outbound,299,71504.24,0.54,473,0.6754
17567,Treino_5470,industria,outbound,299,49534.05,0.738,247,0.3534
14103,Treino_5471,varejo,inbound,299,25712.02,0.184,187,0.0959
15750,Treino_5472,servicos,outbound,299,69117.47,0.576,310,0.5576
13512,Treino_5473,industria,inbound,299,53187.15,0.651,53,0.6957
10276,Treino_5474,servicos,inbound,299,17846.06,0.29,186,0.0465
18289,Treino_5475,tecnologia,outbound,299,55607.98,0.05,42,0.1026
17436,Treino_5476,industria,inbound,299,38924.61,0.356,265,0.3109
19425,Treino_5477,tecnologia,inbound,299,37071.14,0.248,66,0.0885
10677,Treino_5478,saude,inbound,299,34061.04,0.888,299,0.5512
19988,Treino_5479,industria,inbound,299,26422.87,0.12,262,0.4332
10988,Treino_5480,servicos,outbound,299,41576.4,0.937,399,0.7503
18367,Treino_5481,saude,inbound,300,32209.77,0.88,74,0.7887
12874,Treino_5482,saude,inbound,300,56656.93,0.296,191,0.3238
18148,Treino_5483,saude,inbound,300,73386.69,0.993,117,0.3692
19364,Treino_5484,tecnologia,inbound,300,54539.36,0.953,482,0.8228
15764,Treino_5485,industria,inbound,300,61689.65,0.879,169,0.4388
10027,Treino_5486,tecnologia,indicacao,300,43783.2,0.828,285,0.3853
19083,Treino_5487,saude,inbound,300,49203.45,0.752,358,0.7299
19932,Treino_5488,servicos,inbound,300,90502.35,0.517,369,0.7561
14277,Treino_5489,saude,inbound,300,55429.28,0.053,429,0.3322
18262,Treino_5490,saude,inbound,300,49217.02,0.498,82,0.2905
16885,Treino_5491,tecnologia,inbound,300,74778.83,0.629,76,0.5957
15866,Treino_5492,saude,outbound,300,80180.32,0.751,424,0.4968
13344,Treino_5493,servicos,inbound,300,38238.05,0.344,53,0.3774
16064,Treino_5494,varejo,inbound,300,72499.23,0.579,311,0.7663
15063,Treino_5495,industria,inbound,300,71220.39,0.252,159,0.1892
14580,Treino_5496,servicos,inbound,300,25504.82,0.264,46,0.2034
10975,Treino_5497,saude,inbound,300,43993.46,0.262,254,0.4854
19512,Treino_5498,industria,indicacao,300,38666.88,0.199,361,0.1065
10361,Treino_5499,varejo,inbound,300,36927.17,0.27,121,0.2665
13280,Treino_5500,servicos,inbound,300,46351.61,0.719,38,0.6563
19688,Treino_5501,servicos,inbound,300,39670.08,0.194,99,0.123
16706,Treino_5502,tecnologia,outbound,300,43006.61,0.639,255,0.5027
14374,Treino_5503,industria,inbound,301,31119.29,0.711,45,0.6784
11182,Treino_5504,tecnologia,inbound,301,80190.89,0.117,365,0.3928
18164,Treino_5505,varejo,inbound,301,8278.6,0.683,215,0.4522
18003,Treino_5506,industria,inbound,301,81172.06,0.03,349,0.285
17522,Treino_5507,tecnologia,indicacao,301,33140.85,0.35,245,0.4378
14594,Treino_5508,tecnologia,outbound,301,56222.24,0.569,358,0.5554
11925,Treino_5509,tecnologia,inbound,301,37858.35,0.535,295,0.5972
13822,Treino_5510,saude,inbound,301,57484.0,0.242,176,0.5189
14970,Treino_5511,varejo,inbound,301,76759.55,0.26,210,0.5409
12444,Treino_5512,servicos,inbound,301,39693.27,0.056,289,0.078
14547,Treino_5513,industria,inbound,301,73149.71,0.769,479,0.7793
12209,Treino_5514,tecnologia,indicacao,301,48236.74,0.53,291,0.5374
10266,Treino_5515,saude,outbound,301,45431.15,0.195,109,0.4426
12831,Treino_5516,tecnologia,indicacao,301,59804.98,0.883,477,0.6151
17651,Treino_5517,industria,indicacao,301,62026.0,0.343,337,0.4344
10570,Treino_5518,tecnologia,outbound,302,45086.02,0.113,428,0.5131
15142,Treino_5519,tecnologia,inbound,302,45457.48,0.771,397,0.4019
14230,Treino_5520,servicos,indicacao,302,45634.51,0.853,418,0.5024
10225,Treino_5521,varejo,inbound,302,69511.72,0.944,302,0.8693
15005,Treino_5522,tecnologia,inbound,302,77449.23,0.07,45,0.2459
19706,Treino_5523,industria,outbound,302,36899.47,0.524,62,0.4657
13125,Treino_5524,saude,inbound,302,90268.01,0.571,452,0.7454
17045,Treino_5525,tecnologia,outbound,302,47758.02,0.917,185,0.4854
16506,Treino_5526,servicos,indicacao,302,5000.0,0.854,117,0.3795
18939,Treino_5527,tecnologia,indicacao,302,41481.59,0.533,14,0.3313
14288,Treino_5528,varejo,inbound,302,37528.44,0.379,339,0.272
12152,Treino_5529,servicos,outbound,302,43563.02,0.915,6,0.3899
17697,Treino_5530,servicos,outbound,302,35657.75,0.375,409,0.5448
13846,Treino_5531,saude,outbound,302,69060.99,0.704,116,0.6845
15090,Treino_5532,saude,inbound,302,60047.45,0.559,171,0.4143
16536,Treino_5533,varejo,inbound,302,31727.39,0.92,154,0.8281
18980,Treino_5534,servicos,outbound,302,67995.16,0.422,299,0.4171
18204,Treino_5535,servicos,outbound,302,53451.63,0.005,481,0.5569
12678,Treino_5536,servicos,inbound,302,42599.54,0.335,320,0.2846
18288,Treino_5537,industria,outbound,302,41519.93,0.042,394,0.181
18347,Treino_5538,tecnologia,outbound,303,66727.45,0.147,350,0.5989
12866,Treino_5539,tecnologia,inbound,303,39841.13,0.055,265,0.3141
14617,Treino_5540,servicos,inbound,303,47894.4,0.706,340,0.7388
13038,Treino_5541,servicos,outbound,303,59235.09,0.482,152,0.4533
19507,Treino_5542,saude,inbound,303,25758.33,0.372,424,0.6133
14056,Treino_5543,tecnologia,inbound,303,29516.36,0.489,170,0.3357
19703,Treino_5544,saude,indicacao,303,51478.16,0.554,489,0.4323
11800,Treino_5545,saude,indicacao,303,35568.32,0.922,30,0.3871
17375,Treino_5546,saude,indicacao,303,16175.81,0.412,78,0.2837
14857,Treino_5547,saude,inbound,303,57833.43,0.911,137,0.8517
17239,Treino_5548,tecnologia,inbound,303,42269.78,0.84,481,0.2899
10450,Treino_5549,industria,inbound,303,22321.16,0.404,458,0.2732
11803,Treino_5550,servicos,indicacao,303,65507.48,0.571,280,0.4041
10611,Treino_5551,industria,outbound,303,66936.06,0.376,430,0.7424
12370,Treino_5552,saude,inbound,303,37217.07,0.873,269,0.6426
15761,Treino_5553,tecnologia,indicacao,303,88629.69,0.221,311,0.5223
11483,Treino_5554,servicos,inbound,303,51070.15,0.78,140,0.629
15728,Treino_5555,saude,indicacao,303,76930.08,0.134,26,0.229
11701,Treino_5556,industria,inbound,303,62812.52,0.481,270,0.4248
12392,Treino_5557,tecnologia,indicacao,303,56087.77,0.428,440,0.6013
12983,Treino_5558,servicos,outbound,303,82784.69,0.15,183,0.2415
15292,Treino_5559,industria,outbound,303,66689.07,0.02,339,0.4373
13066,Treino_5560,industria,inbound,303,50217.75,0.62,325,0.18
15133,Treino_5561,saude,inbound,303,54094.95,0.894,424,0.3913
16854,Treino_5562,tecnologia,inbound,304,55574.33,0.58,286,0.6009
18441,Treino_5563,servicos,inbound,304,55270.28,0.746,52,0.3075
18086,Treino_5564,servicos,outbound,304,25085.0,0.19,43,0.01
12506,Treino_5565,saude,inbound,304,10415.86,0.93,251,0.6754
14300,Treino_5566,servicos,inbound,304,56051.03,0.53,476,0.6737
14402,Treino_5567,industria,outbound,304,124840.95,0.674,285,0.5806
12116,Treino_5568,industria,inbound,304,48289.45,0.346,402,0.4432
17641,Treino_5569,tecnologia,inbound,304,45854.95,0.15,80,0.0105
13689,Treino_5570,varejo,inbound,304,45612.34,0.559,251,0.3332
14352,Treino_5571,saude,outbound,304,47244.12,0.774,390,0.4958
10935,Treino_5572,industria,outbound,304,84425.94,0.041,282,0.489
13569,Treino_5573,industria,inbound,304,34385.3,0.267,366,0.3317
18891,Treino_5574,varejo,inbound,304,53682.88,0.613,155,0.5096
15949,Treino_5575,servicos,inbound,304,48954.43,0.508,473,0.3623
14713,Treino_5576,saude,inbound,304,52900.21,0.536,366,0.2188
19262,Treino_5577,varejo,inbound,304,93862.31,0.817,87,0.8515
11416,Treino_5578,industria,indicacao,304,52790.48,0.227,281,0.4012
18426,Treino_5579,saude,inbound,304,59845.45,0.973,190,0.648
12498,Treino_5580,saude,inbound,304,5000.0,0.987,112,0.4093
10444,Treino_5581,saude,outbound,305,59030.82,0.993,363,0.9345
19829,Treino_5582,industria,outbound,305,73158.49,0.638,487,0.9449
10765,Treino_5583,tecnologia,inbound,305,44622.79,0.752,196,0.4432
19600,Treino_5584,servicos,outbound,305,31119.89,0.201,499,0.2265
19556,Treino_5585,industria,inbound,305,80585.65,0.32,54,0.5086
17937,Treino_5586,servicos,outbound,305,40850.83,0.206,407,0.2857
10319,Treino_5587,tecnologia,inbound,305,65293.04,0.569,271,0.4633
17465,Treino_5588,tecnologia,outbound,305,45965.83,0.289,233,0.1737
18774,Treino_5589,varejo,inbound,305,33660.1,0.86,166,0.4651
18275,Treino_5590,industria,indicacao,305,42763.65,0.277,121,0.0627
16685,Treino_5591,servicos,inbound,305,45326.78,0.821,108,0.9025
19709,Treino_5592,saude,indicacao,305,34312.16,0.809,404,0.5654
10538,Treino_5593,industria,inbound,305,35819.35,0.701,328,0.3138
11873,Treino_5594,tecnologia,inbound,305,41664.6,0.189,159,0.4771
11239,Treino_5595,tecnologia,inbound,305,27981.45,0.365,140,0.3848
19193,Treino_5596,servicos,inbound,305,54964.79,0.533,493,0.624
16776,Treino_5597,varejo,inbound,305,59180.91,0.539,416,0.8021
15102,Treino_5598,tecnologia,outbound,305,69227.2,0.009,38,0.4781
15379,Treino_5599,saude,inbound,305,20764.47,0.156,374,0.8526
13051,Treino_5600,tecnologia,indicacao,305,35257.17,0.191,469,0.5916
12552,Treino_5601,saude,inbound,305,34644.15,0.427,42,0.1039
13677,Treino_5602,servicos,inbound,305,58165.32,0.302,492,0.3317
18588,Treino_5603,servicos,outbound,306,39839.7,0.08,67,0.311
11794,Treino_5604,saude,inbound,306,42130.82,0.387,250,0.6779
15197,Treino_5605,industria,outbound,306,50754.84,0.988,412,0.99
14726,Treino_5606,tecnologia,inbound,306,18430.39,0.867,85,0.3419
18739,Treino_5607,saude,inbound,306,48242.93,0.914,378,0.4678
12269,Treino_5608,industria,inbound,306,63829.88,0.02,401,0.3211
17630,Treino_5609,varejo,outbound,306,60822.1,0.209,389,0.4244
15933,Treino_5610,servicos,inbound,306,59769.03,0.261,312,0.5741
11737,Treino_5611,saude,inbound,306,31782.65,0.411,63,0.6076
11653,Treino_5612,varejo,indicacao,306,74054.95,0.531,355,0.9039
17007,Treino_5613,varejo,outbound,306,5970.52,0.196,101,0.01
17736,Treino_5614,servicos,inbound,306,74092.3,0.156,429,0.5283
16638,Treino_5615,tecnologia,inbound,306,45294.05,0.904,134,0.6365
19573,Treino_5616,saude,inbound,306,38416.5,0.223,88,0.2908
18945,Treino_5617,tecnologia,inbound,306,70344.54,0.82,76,0.8452
17576,Treino_5618,varejo,indicacao,306,68920.14,0.914,339,0.5147
11238,Treino_5619,industria,outbound,306,73055.6,0.571,391,0.4604
17147,Treino_5620,industria,outbound,306,49749.53,0.042,478,0.1523
15300,Treino_5621,varejo,outbound,306,59000.8,0.038,460,0.3318
12602,Treino_5622,servicos,inbound,307,25406.11,0.298,17,0.01
13145,Treino_5623,varejo,inbound,307,67987.39,0.44,196,0.4601
12240,Treino_5624,varejo,inbound,307,47645.4,0.116,13,0.066
13632,Treino_5625,servicos,inbound,307,40572.82,0.761,370,0.503
15999,Treino_5626,tecnologia,inbound,307,73720.91,0.391,71,0.4277
15918,Treino_5627,varejo,outbound,307,70130.92,0.971,70,0.7145
11587,Treino_5628,varejo,inbound,307,56873.59,0.282,319,0.2826
13502,Treino_5629,tecnologia,inbound,307,17181.89,0.912,278,0.2498
11145,Treino_5630,varejo,inbound,307,33118.15,0.303,158,0.3901
10888,Treino_5631,saude,inbound,307,79901.3,0.447,208,0.4511
17283,Treino_5632,saude,outbound,307,62930.53,0.154,429,0.4207
15589,Treino_5633,varejo,inbound,307,48197.15,0.408,316,0.3598
10830,Treino_5634,servicos,indicacao,307,56993.21,0.028,179,0.3985
17668,Treino_5635,servicos,outbound,307,44742.65,0.255,311,0.157
17468,Treino_5636,tecnologia,outbound,308,29200.77,0.602,21,0.171
18937,Treino_5637,servicos,outbound,308,42489.83,0.442,199,0.01
17751,Treino_5638,varejo,indicacao,308,84281.8,0.008,21,0.3014
17504,Treino_5639,saude,inbound,308,61756.99,0.068,433,0.4609
13480,Treino_5640,industria,indicacao,308,88850.09,0.519,15,0.5049
10968,Treino_5641,servicos,inbound,308,32088.68,0.481,284,0.225
19994,Treino_5642,varejo,inbound,308,55171.85,0.122,80,0.4309
11819,Treino_5643,saude,inbound,308,91720.79,0.115,411,0.5532
18075,Treino_5644,industria,inbound,308,59404.51,0.778,225,0.4991
13057,Treino_5645,saude,outbound,308,67075.21,0.155,28,0.327
17930,Treino_5646,servicos,inbound,308,42543.9,0.363,453,0.3699
19087,Treino_5647,saude,inbound,308,61727.69,0.195,10,0.3608
12595,Treino_5648,varejo,inbound,308,79312.59,0.767,300,0.4947
13395,Treino_5649,tecnologia,inbound,308,61031.65,0.137,428,0.5972
16428,Treino_5650,saude,inbound,308,13041.73,0.26,129,0.3597
14729,Treino_5651,varejo,outbound,308,62929.6,0.433,323,0.3243
16097,Treino_5652,varejo,outbound,308,83509.66,0.323,250,0.3613
10189,Treino_5653,varejo,indicacao,308,81237.53,0.021,433,0.2653
17451,Treino_5654,industria,outbound,308,57267.57,0.741,200,0.6708
11536,Treino_5655,varejo,indicacao,309,64522.51,0.166,165,0.095
18383,Treino_5656,industria,outbound,309,5000.0,0.097,495,0.5398
11532,Treino_5657,saude,inbound,309,48205.16,0.099,273,0.2401
18377,Treino_5658,servicos,outbound,309,44201.33,0.588,259,0.4061
19240,Treino_5659,industria,inbound,309,68890.16,0.177,271,0.2473
10137,Treino_5660,tecnologia,inbound,309,52096.36,0.725,454,0.5244
10289,Treino_5661,varejo,outbound,309,48653.24,0.723,161,0.4393
12801,Treino_5662,tecnologia,inbound,309,53210.56,0.106,14,0.395
14391,Treino_5663,industria,inbound,309,46096.32,0.599,246,0.4533
13430,Treino_5664,tecnologia,inbound,309,49800.91,0.257,424,0.1738
17480,Treino_5665,servicos,inbound,309,58921.65,0.28,410,0.4983
11914,Treino_5666,tecnologia,outbound,309,70201.36,0.757,351,0.5782
12717,Treino_5667,industria,inbound,309,23297.26,0.614,149,0.4026
12494,Treino_5668,varejo,inbound,309,59911.4,0.521,69,0.14
10563,Treino_5669,industria,inbound,310,41388.26,0.565,85,0.4526
15848,Treino_5670,saude,inbound,310,51074.75,0.2,313,0.5359
11193,Treino_5671,industria,inbound,310,29373.12,0.811,122,0.4052
11570,Treino_5672,tecnologia,inbound,310,28604.46,0.622,404,0.4906
15734,Treino_5673,industria,outbound,310,43084.93,0.746,247,0.5456
18280,Treino_5674,saude,outbound,310,46050.96,0.425,403,0.7211
11270,Treino_5675,varejo,indicacao,310,58487.66,0.004,497,0.7673
19754,Treino_5676,tecnologia,outbound,310,58954.09,0.247,286,0.5438
19121,Treino_5677,saude,inbound,310,23981.99,0.583,378,0.6518
15625,Treino_5678,varejo,inbound,310,5000.0,0.031,336,0.1047
12481,Treino_5679,saude,outbound,311,42520.68,0.315,404,0.3105
11344,Treino_5680,servicos,outbound,311,43929.5,0.436,497,0.3545
12500,Treino_5681,saude,indicacao,311,46989.77,0.267,29,0.01
16883,Treino_5682,saude,outbound,311,77434.94,0.504,199,0.9661
16846,Treino_5683,industria,inbound,311,46763.59,0.657,83,0.3504
13510,Treino_5684,industria,outbound,311,48108.36,0.812,310,0.7205
10920,Treino_5685,industria,inbound,311,42588.09,0.133,351,0.0982
16669,Treino_5686,servicos,indicacao,311,54204.72,0.084,387,0.0645
19984,Treino_5687,industria,outbound,311,37609.07,0.679,289,0.3109
19511,Treino_5688,industria,inbound,311,53289.68,0.777,433,0.7615
15779,Treino_5689,industria,inbound,311,57087.52,0.066,85,0.2376
19937,Treino_5690,saude,outbound,311,33225.41,0.53,239,0.1212
16364,Treino_5691,varejo,inbound,311,5151.37,0.423,402,0.3915
19190,Treino_5692,saude,outbound,312,68359.23,0.626,88,0.5984
14812,Treino_5693,tecnologia,outbound,312,60714.86,0.703,87,0.2116
11466,Treino_5694,tecnologia,inbound,312,49599.7,0.864,105,0.6103
14536,Treino_5695,varejo,outbound,312,43850.87,0.316,475,0.5018
13680,Treino_5696,tecnologia,inbound,312,43950.09,0.146,406,0.0506
10071,Treino_5697,industria,inbound,312,27473.21,0.688,223,0.5135
18894,Treino_5698,varejo,inbound,312,37522.99,0.586,247,0.5058
12530,Treino_5699,saude,indicacao,312,48885.65,0.359,298,0.2226
18804,Treino_5700,servicos,outbound,312,27792.57,0.614,184,0.5385
10761,Treino_5701,tecnologia,outbound,312,49451.22,0.507,458,0.5284
10768,Treino_5702,varejo,indicacao,312,24446.62,0.678,359,0.7184
13214,Treino_5703,varejo,inbound,312,56558.53,0.194,157,0.29
15396,Treino_5704,varejo,inbound,312,42560.63,0.407,38,0.3661
16962,Treino_5705,tecnologia,outbound,312,89752.26,0.519,434,0.4144
11033,Treino_5706,industria,inbound,312,54609.79,0.999,419,0.553
10243,Treino_5707,varejo,indicacao,312,45008.99,0.528,40,0.2806
10140,Treino_5708,varejo,outbound,313,65828.07,0.229,449,0.7151
15471,Treino_5709,saude,outbound,313,63129.67,0.759,121,0.37
11569,Treino_5710,varejo,outbound,313,22392.29,0.98,333,0.4915
14947,Treino_5711,servicos,inbound,313,64467.02,0.985,174,0.6296
18698,Treino_5712,servicos,inbound,313,26187.45,0.544,365,0.2534
14973,Treino_5713,industria,inbound,313,6643.87,0.426,160,0.1606
11497,Treino_5714,varejo,inbound,313,63454.04,0.72,469,0.6661
12388,Treino_5715,industria,inbound,313,48973.26,0.763,91,0.8488
16834,Treino_5716,industria,inbound,313,73184.3,0.295,141,0.4403
13778,Treino_5717,servicos,inbound,313,26018.45,0.849,208,0.4407
17658,Treino_5718,tecnologia,outbound,313,41857.7,0.151,302,0.4065
11861,Treino_5719,servicos,inbound,313,64045.16,0.493,333,0.7845
14602,Treino_5720,saude,indicacao,313,59198.79,0.885,287,0.8242
16232,Treino_5721,varejo,indicacao,313,48926.67,0.519,283,0.3592
14024,Treino_5722,varejo,inbound,313,75454.29,0.508,499,0.7036
18095,Treino_5723,saude,outbound,313,59261.04,0.176,357,0.2354
16723,Treino_5724,tecnologia,outbound,313,20436.61,0.624,316,0.474
19883,Treino_5725,tecnologia,inbound,313,74464.47,0.531,424,0.6757
14462,Treino_5726,servicos,inbound,313,54490.1,0.387,356,0.3304
16252,Treino_5727,tecnologia,inbound,313,5000.0,0.92,95,0.5455
10503,Treino_5728,servicos,indicacao,314,74837.19,0.159,443,0.3985
17662,Treino_5729,varejo,inbound,314,64768.73,0.375,229,0.5949
18292,Treino_5730,tecnologia,inbound,314,39824.67,0.343,310,0.4873
18299,Treino_5731,saude,inbound,314,46545.73,0.183,491,0.5123
14313,Treino_5732,saude,inbound,314,44339.49,0.151,415,0.4278
10703,Treino_5733,tecnologia,outbound,314,12822.29,0.586,171,0.4392
16314,Treino_5734,varejo,inbound,314,22976.97,0.691,212,0.6601
19566,Treino_5735,varejo,inbound,314,42590.34,0.331,185,0.5404
19886,Treino_5736,servicos,inbound,314,45010.37,0.896,318,0.4588
12614,Treino_5737,servicos,indicacao,314,42763.44,0.481,24,0.6947
10771,Treino_5738,tecnologia,inbound,314,38910.56,0.821,221,0.3328
18212,Treino_5739,servicos,outbound,314,39568.29,0.012,191,0.2004
16331,Treino_5740,industria,outbound,314,40581.43,0.291,441,0.0998
18884,Treino_5741,servicos,outbound,314,58147.11,0.387,76,0.6236
15394,Treino_5742,varejo,inbound,314,56122.97,0.356,484,0.2677
12748,Treino_5743,servicos,inbound,314,54557.2,0.514,59,0.5974
17204,Treino_5744,varejo,inbound,314,59242.77,0.725,467,0.673
14287,Treino_5745,servicos,outbound,314,42016.67,0.946,183,0.2667
13816,Treino_5746,varejo,inbound,314,80550.66,0.304,223,0.267
16107,Treino_5747,servicos,indicacao,314,16453.23,0.16,454,0.2916
10261,Treino_5748,tecnologia,inbound,314,43704.73,0.398,58,0.6876
19904,Treino_5749,varejo,outbound,315,29132.56,0.904,349,0.1715
14951,Treino_5750,tecnologia,inbound,315,23417.02,0.815,452,0.4045
13993,Treino_5751,industria,inbound,315,49226.49,0.065,469,0.2814
18663,Treino_5752,industria,inbound,315,30091.79,0.885,194,0.6846
15421,Treino_5753,saude,indicacao,315,35991.32,0.638,464,0.8604
16181,Treino_5754,tecnologia,inbound,315,53336.58,0.68,96,0.1525
19574,Treino_5755,servicos,inbound,315,56549.18,0.697,212,0.5172
14325,Treino_5756,industria,inbound,315,55633.01,0.914,426,0.7182
12694,Treino_5757,tecnologia,inbound,315,54538.12,0.155,413,0.3129
13998,Treino_5758,tecnologia,inbound,315,67954.13,0.297,269,0.4125
11929,Treino_5759,tecnologia,indicacao,315,48493.07,0.536,289,0.5557
18250,Treino_5760,industria,outbound,315,64599.76,0.807,52,0.5543
14173,Treino_5761,varejo,outbound,315,9945.41,0.818,37,0.5331
18069,Treino_5762,saude,inbound,315,30314.29,0.772,108,0.5358
14307,Treino_5763,varejo,inbound,315,51409.54,0.175,430,0.256
13391,Treino_5764,saude,inbound,315,63556.64,0.421,235,0.1637
15838,Treino_5765,industria,inbound,315,22371.35,0.229,444,0.2855
13970,Treino_5766,saude,inbound,315,33646.54,0.447,227,0.0737
18618,Treino_5767,tecnologia,outbound,316,48697.58,0.279,391,0.0946
17417,Treino_5768,industria,outbound,316,36824.99,0.871,496,0.752
13166,Treino_5769,saude,outbound,316,49698.87,0.884,187,0.5582
13691,Treino_5770,servicos,outbound,316,41105.46,0.503,386,0.5725
14167,Treino_5771,varejo,inbound,316,41212.58,0.717,345,0.4447
12640,Treino_5772,servicos,outbound,316,55358.6,0.743,470,0.7181
10909,Treino_5773,saude,indicacao,316,14391.3,0.571,341,0.7149
14174,Treino_5774,varejo,indicacao,316,24531.63,0.518,8,0.182
11961,Treino_5775,servicos,inbound,316,57251.33,0.502,130,0.1968
16298,Treino_5776,servicos,inbound,316,19426.75,0.185,224,0.024
18865,Treino_5777,varejo,outbound,316,33463.24,0.528,140,0.0859
14598,Treino_5778,varejo,inbound,316,52937.05,0.377,139,0.7895
16605,Treino_5779,varejo,inbound,316,64229.5,0.436,425,0.3021
16904,Treino_5780,varejo,outbound,316,23422.5,0.594,370,0.4051
11847,Treino_5781,servicos,outbound,316,64630.61,0.301,256,0.3588
16749,Treino_5782,industria,inbound,316,6545.98,0.849,97,0.3529
11339,Treino_5783,servicos,outbound,317,33059.15,0.913,116,0.3923
15014,Treino_5784,industria,inbound,317,48731.94,0.326,298,0.4382
14680,Treino_5785,servicos,outbound,317,74342.31,0.787,47,0.4657
10461,Treino_5786,industria,inbound,317,67218.24,0.975,64,0.6884
19147,Treino_5787,varejo,inbound,317,40066.03,0.462,374,0.5468
11428,Treino_5788,servicos,outbound,317,73381.94,0.046,320,0.5463
16848,Treino_5789,tecnologia,inbound,317,71195.84,0.213,395,0.7731
17517,Treino_5790,industria,outbound,317,65585.36,0.13,380,0.4098
14058,Treino_5791,saude,indicacao,317,15239.18,0.773,11,0.2714
14410,Treino_5792,tecnologia,outbound,317,74626.92,0.638,110,0.3219
13308,Treino_5793,servicos,inbound,317,45886.45,0.683,209,0.0909
18387,Treino_5794,tecnologia,outbound,317,57484.19,0.753,259,0.6633
19996,Treino_5795,varejo,inbound,317,51628.26,0.702,279,0.99
18960,Treino_5796,industria,indicacao,317,48700.26,0.596,83,0.4799
18610,Treino_5797,industria,inbound,317,77967.91,0.699,232,0.5355
14334,Treino_5798,varejo,inbound,317,64000.31,0.829,222,0.433
13069,Treino_5799,varejo,inbound,317,72627.15,0.197,227,0.1086
16893,Treino_5800,servicos,inbound,318,13632.6,0.667,288,0.6161
15440,Treino_5801,varejo,outbound,318,53032.66,0.606,76,0.1557
13365,Treino_5802,saude,outbound,318,74334.82,0.299,324,0.1552
18098,Treino_5803,tecnologia,outbound,318,67239.71,0.542,429,0.6491
15956,Treino_5804,servicos,outbound,318,41825.6,0.565,327,0.2953
17219,Treino_5805,saude,inbound,318,38568.5,0.129,72,0.4162
17379,Treino_5806,saude,indicacao,318,52507.41,0.513,85,0.6815
13111,Treino_5807,tecnologia,inbound,318,54268.18,0.96,207,0.6604
13841,Treino_5808,servicos,indicacao,318,44620.44,0.094,489,0.2027
18432,Treino_5809,servicos,indicacao,318,80628.55,0.471,353,0.4917
13828,Treino_5810,saude,outbound,318,77387.04,0.366,32,0.2547
14072,Treino_5811,servicos,outbound,318,76674.69,0.307,185,0.6129
11557,Treino_5812,servicos,outbound,318,47155.12,0.698,341,0.7756
13860,Treino_5813,saude,inbound,318,62868.77,0.947,302,0.8671
19224,Treino_5814,industria,inbound,318,5000.0,0.718,32,0.3638
13770,Treino_5815,saude,inbound,318,41927.04,0.394,276,0.8581
12955,Treino_5816,saude,inbound,318,56234.99,0.372,156,0.5127
13215,Treino_5817,industria,outbound,318,43938.78,0.72,304,0.6202
16165,Treino_5818,tecnologia,inbound,318,63948.33,0.831,363,0.5744
12601,Treino_5819,tecnologia,outbound,318,47158.96,0.585,275,0.5095
13595,Treino_5820,servicos,outbound,318,76067.68,0.837,367,0.543
13915,Treino_5821,varejo,indicacao,318,56057.49,0.975,494,0.7432
18409,Treino_5822,varejo,outbound,318,32329.94,0.928,177,0.3861
11210,Treino_5823,saude,outbound,318,44148.08,0.675,409,0.594
16117,Treino_5824,saude,outbound,318,64740.46,0.755,447,0.6636
19954,Treino_5825,saude,inbound,318,33834.52,0.466,14,0.2675
12585,Treino_5826,varejo,inbound,319,53661.32,0.019,140,0.01
13834,Treino_5827,tecnologia,inbound,319,43652.7,0.84,485,0.7471
10115,Treino_5828,tecnologia,inbound,319,36640.12,0.191,424,0.6068
18848,Treino_5829,industria,inbound,319,23585.55,0.796,225,0.5843
16074,Treino_5830,varejo,outbound,319,78848.12,0.714,318,0.7802
18078,Treino_5831,saude,inbound,319,85172.59,0.692,199,0.7076
17100,Treino_5832,industria,inbound,319,71898.19,0.533,71,0.2467
15222,Treino_5833,tecnologia,outbound,319,47730.43,0.223,360,0.5707
10411,Treino_5834,industria,indicacao,319,5803.22,0.32,49,0.0247
19395,Treino_5835,varejo,outbound,319,23846.62,0.45,181,0.2641
18508,Treino_5836,varejo,inbound,319,59330.87,0.953,249,0.9076
18808,Treino_5837,servicos,inbound,319,8595.28,0.137,23,0.01
10390,Treino_5838,saude,inbound,319,43900.93,0.506,140,0.4773
10665,Treino_5839,industria,inbound,319,29687.66,0.82,292,0.5778
18693,Treino_5840,industria,inbound,320,96499.12,0.494,464,0.9498
12108,Treino_5841,saude,inbound,320,58025.33,0.974,401,0.3727
17137,Treino_5842,industria,outbound,320,39662.22,0.937,249,0.99
16440,Treino_5843,saude,outbound,320,21188.3,0.829,270,0.6301
19436,Treino_5844,tecnologia,outbound,320,44012.57,0.323,152,0.2753
10216,Treino_5845,varejo,outbound,320,54116.19,0.767,419,0.5711
16268,Treino_5846,tecnologia,inbound,320,46057.04,0.882,66,0.4091
15275,Treino_5847,saude,inbound,320,45955.96,0.343,26,0.4924
15844,Treino_5848,industria,inbound,320,56513.87,0.783,355,0.5684
10056,Treino_5849,servicos,indicacao,320,58177.39,0.107,60,0.5081
12959,Treino_5850,tecnologia,inbound,320,51939.6,0.778,201,0.4319
14694,Treino_5851,saude,indicacao,320,32972.32,0.409,162,0.5204
13084,Treino_5852,varejo,inbound,320,78239.04,0.108,238,0.3995
14377,Treino_5853,varejo,outbound,320,51518.43,0.74,25,0.3851
13317,Treino_5854,saude,outbound,321,52744.75,0.597,179,0.5243
10571,Treino_5855,tecnologia,inbound,321,67359.55,0.776,456,0.3033
14159,Treino_5856,tecnologia,outbound,321,58516.62,0.531,337,0.5587
17592,Treino_5857,servicos,inbound,321,53426.83,0.237,429,0.1956
10789,Treino_5858,saude,indicacao,321,41502.54,0.874,394,0.8302
19506,Treino_5859,tecnologia,inbound,321,101472.32,0.57,433,0.4902
17471,Treino_5860,tecnologia,inbound,321,33597.94,0.027,14,0.0383
12991,Treino_5861,varejo,inbound,321,19127.05,0.723,198,0.5787
11477,Treino_5862,industria,inbound,321,52550.71,0.064,146,0.1996
12384,Treino_5863,saude,inbound,321,90990.16,0.679,154,0.7461
12835,Treino_5864,varejo,indicacao,321,41327.32,0.292,265,0.1236
19685,Treino_5865,varejo,outbound,321,40197.02,0.609,236,0.2224
19894,Treino_5866,varejo,inbound,322,53447.28,0.337,312,0.437
17054,Treino_5867,industria,inbound,322,68716.87,0.141,499,0.6792
15726,Treino_5868,saude,inbound,322,53990.23,0.504,427,0.6705
12538,Treino_5869,industria,indicacao,322,54119.12,0.11,23,0.1572
19430,Treino_5870,saude,inbound,322,25574.24,0.875,411,0.7842
19945,Treino_5871,tecnologia,inbound,322,51277.52,0.495,249,0.357
19942,Treino_5872,varejo,inbound,322,48473.97,0.238,268,0.1958
12131,Treino_5873,tecnologia,inbound,322,65321.43,0.095,423,0.5492
16537,Treino_5874,tecnologia,inbound,322,18879.89,0.523,36,0.5396
10937,Treino_5875,industria,inbound,322,28266.92,0.427,118,0.1247
19871,Treino_5876,servicos,outbound,322,66856.37,0.997,96,0.578
14911,Treino_5877,servicos,inbound,322,31090.07,0.369,458,0.4027
14796,Treino_5878,varejo,indicacao,322,59748.03,0.309,448,0.6048
11305,Treino_5879,tecnologia,inbound,322,73298.89,0.386,51,0.5288
16830,Treino_5880,industria,outbound,322,33902.39,0.037,20,0.1595
14165,Treino_5881,tecnologia,inbound,322,66319.03,0.786,29,0.5456
19677,Treino_5882,industria,inbound,322,57856.31,0.292,144,0.2576
14101,Treino_5883,servicos,inbound,322,113464.15,0.146,486,0.4942
14320,Treino_5884,tecnologia,inbound,322,60952.42,0.875,362,0.9554
16603,Treino_5885,saude,outbound,322,68793.0,0.856,407,0.6083
18705,Treino_5886,varejo,indicacao,322,50100.65,0.982,203,0.7134
12652,Treino_5887,servicos,inbound,323,62882.75,0.551,445,0.3659
14512,Treino_5888,saude,outbound,323,61332.99,0.63,157,0.357
17032,Treino_5889,tecnologia,inbound,323,99947.01,0.389,32,0.3591
17782,Treino_5890,saude,inbound,323,78989.82,0.846,208,0.5397
10358,Treino_5891,servicos,inbound,323,53001.84,0.357,39,0.1472
18143,Treino_5892,varejo,inbound,323,53180.75,0.655,291,0.787
13353,Treino_5893,varejo,inbound,323,43980.32,0.838,388,0.7588
18134,Treino_5894,servicos,outbound,323,52016.61,0.793,280,0.4578
14108,Treino_5895,saude,inbound,323,26874.14,0.411,217,0.5291
17441,Treino_5896,industria,outbound,323,30659.82,0.303,62,0.2346
11540,Treino_5897,saude,outbound,323,49148.05,0.0,86,0.1447
15634,Treino_5898,saude,indicacao,323,33855.67,0.52,11,0.2275
16970,Treino_5899,tecnologia,inbound,323,83134.27,0.614,214,0.8525
14308,Treino_5900,tecnologia,outbound,324,56651.21,0.207,354,0.01
14314,Treino_5901,industria,outbound,324,46312.37,0.673,483,0.624
14595,Treino_5902,varejo,outbound,324,29987.34,0.788,206,0.5868
11572,Treino_5903,varejo,outbound,324,44022.33,0.154,399,0.0905
15845,Treino_5904,saude,outbound,324,52716.11,0.889,268,0.581
14335,Treino_5905,saude,indicacao,324,55328.44,0.612,300,0.6006
13116,Treino_5906,servicos,indicacao,324,11494.16,0.328,486,0.2486
17888,Treino_5907,servicos,outbound,324,53814.52,0.127,443,0.3204
14234,Treino_5908,servicos,inbound,324,61774.93,0.392,219,0.294
19809,Treino_5909,industria,inbound,324,27776.03,0.944,375,0.7523
11727,Treino_5910,tecnologia,indicacao,324,48660.02,0.468,166,0.5484
16907,Treino_5911,saude,indicacao,324,24663.02,0.837,295,0.3681
15226,Treino_5912,varejo,indicacao,324,54292.37,0.898,135,0.6055
13913,Treino_5913,saude,indicacao,324,37825.97,0.279,463,0.1234
12158,Treino_5914,saude,indicacao,324,31232.4,0.002,231,0.2945
15072,Treino_5915,servicos,outbound,324,75186.43,0.938,409,0.835
18954,Treino_5916,varejo,inbound,324,64835.27,0.593,359,0.4552
16419,Treino_5917,varejo,inbound,324,60273.54,0.035,176,0.4214
10817,Treino_5918,saude,outbound,324,70200.24,0.506,209,0.1929
18032,Treino_5919,saude,indicacao,324,9901.01,0.464,310,0.2028
19788,Treino_5920,varejo,inbound,324,33391.88,0.268,484,0.4755
11948,Treino_5921,tecnologia,inbound,324,61265.56,0.534,5,0.0707
18505,Treino_5922,saude,outbound,324,26190.08,0.79,264,0.3744
12750,Treino_5923,tecnologia,inbound,325,30475.26,0.889,329,0.642
18863,Treino_5924,servicos,outbound,325,54715.74,0.361,347,0.2372
15952,Treino_5925,varejo,inbound,325,43041.79,0.956,234,0.3333
19013,Treino_5926,tecnologia,inbound,325,54660.34,0.001,104,0.3799
15388,Treino_5927,saude,outbound,325,45846.56,0.213,107,0.3832
14586,Treino_5928,industria,outbound,325,65826.73,0.078,305,0.2789
16148,Treino_5929,saude,inbound,325,68010.3,0.231,311,0.3942
17454,Treino_5930,varejo,inbound,325,62041.49,0.45,438,0.6489
19394,Treino_5931,varejo,inbound,325,48668.63,0.06,478,0.2604
16171,Treino_5932,industria,inbound,325,48639.54,0.787,479,0.4854
10787,Treino_5933,tecnologia,inbound,325,5331.15,0.9,393,0.5252
11863,Treino_5934,servicos,outbound,326,67838.34,0.18,35,0.3599
16743,Treino_5935,tecnologia,outbound,326,62579.84,0.455,128,0.0497
16977,Treino_5936,industria,outbound,326,61217.04,0.092,184,0.3355
14530,Treino_5937,varejo,outbound,326,27515.56,0.705,376,0.7193
10423,Treino_5938,varejo,outbound,326,31419.7,0.375,219,0.2665
17005,Treino_5939,tecnologia,inbound,326,47485.15,0.361,62,0.4654
14019,Treino_5940,servicos,outbound,326,34977.07,0.392,341,0.5242
15711,Treino_5941,saude,outbound,326,55232.35,0.371,247,0.3998
14558,Treino_5942,servicos,outbound,326,29782.01,0.284,97,0.4131
14148,Treino_5943,tecnologia,outbound,326,5155.37,0.234,290,0.4154
10073,Treino_5944,tecnologia,inbound,326,33523.91,0.126,48,0.175
19960,Treino_5945,industria,inbound,326,58451.69,0.583,274,0.3168
19897,Treino_5946,varejo,inbound,326,10788.54,0.395,187,0.0846
13811,Treino_5947,varejo,inbound,326,63273.38,0.783,194,0.6086
14818,Treino_5948,industria,inbound,326,46673.22,0.061,124,0.2135
15516,Treino_5949,varejo,inbound,326,45201.88,0.487,432,0.4914
17087,Treino_5950,servicos,outbound,326,21980.66,0.993,7,0.4855
16149,Treino_5951,servicos,inbound,326,58439.0,0.726,380,0.2648
15917,Treino_5952,varejo,indicacao,326,47777.04,0.364,353,0.1345
13042,Treino_5953,saude,outbound,326,71703.92,0.399,315,0.6926
12456,Treino_5954,varejo,indicacao,326,26568.36,0.944,425,0.6965
16884,Treino_5955,saude,indicacao,326,34376.61,0.987,237,0.4491
14584,Treino_5956,saude,outbound,326,56232.29,0.206,123,0.4711
11425,Treino_5957,industria,outbound,326,84083.38,0.11,5,0.292
14216,Treino_5958,industria,outbound,327,82868.51,0.257,145,0.1901
14611,Treino_5959,varejo,inbound,327,45419.0,0.687,368,0.7405
19538,Treino_5960,industria,inbound,327,86176.77,0.784,469,0.9295
18620,Treino_5961,varejo,indicacao,327,43207.37,0.995,427,0.6687
17078,Treino_5962,varejo,inbound,327,77518.61,0.183,213,0.2531
18085,Treino_5963,saude,inbound,327,50914.57,0.501,438,0.7451
16366,Treino_5964,tecnologia,inbound,327,48519.52,0.774,113,0.7602
12472,Treino_5965,industria,outbound,327,39671.86,0.382,110,0.4303
10388,Treino_5966,saude,outbound,327,60036.68,0.356,149,0.2172
13725,Treino_5967,tecnologia,inbound,327,42877.54,0.045,154,0.3542
12299,Treino_5968,saude,inbound,327,43509.95,0.237,120,0.01
19182,Treino_5969,servicos,outbound,327,62568.34,0.079,229,0.465
16236,Treino_5970,servicos,inbound,327,64230.07,0.051,87,0.4064
14863,Treino_5971,servicos,inbound,327,72746.89,0.421,284,0.3601
13883,Treino_5972,tecnologia,outbound,327,54988.75,0.416,71,0.415
14193,Treino_5973,tecnologia,indicacao,327,40087.19,0.998,120,0.4111
11758,Treino_5974,industria,inbound,327,56025.37,0.044,376,0.0293
13321,Treino_5975,industria,inbound,327,62158.08,0.274,118,0.01
14097,Treino_5976,varejo,outbound,328,31546.85,0.488,233,0.4167
14109,Treino_5977,saude,indicacao,328,69238.28,0.696,13,0.4023
18108,Treino_5978,industria,outbound,328,88383.11,0.298,379,0.6033
14418,Treino_5979,varejo,indicacao,328,47380.5,0.571,266,0.2571
18236,Treino_5980,varejo,inbound,328,37480.54,0.376,245,0.2683
14062,Treino_5981,saude,inbound,328,42777.13,0.29,400,0.6412
10622,Treino_5982,tecnologia,outbound,328,54215.91,0.054,127,0.4784
12912,Treino_5983,saude,inbound,328,50090.27,0.373,22,0.3776
14525,Treino_5984,saude,indicacao,328,44061.0,0.867,213,0.4207
19676,Treino_5985,tecnologia,outbound,328,68568.53,0.217,283,0.2138
15998,Treino_5986,saude,inbound,328,39107.64,0.758,282,0.71
12227,Treino_5987,varejo,indicacao,328,56599.09,0.705,189,0.3361
10663,Treino_5988,saude,inbound,328,68545.09,0.538,108,0.152
15789,Treino_5989,industria,outbound,328,36144.41,0.108,24,0.282
15195,Treino_5990,servicos,outbound,328,17399.18,0.09,458,0.3563
17429,Treino_5991,saude,inbound,328,34730.38,0.134,312,0.1682
12433,Treino_5992,industria,inbound,328,53043.03,0.071,445,0.5465
13943,Treino_5993,industria,outbound,328,31358.15,0.516,171,0.3789
18611,Treino_5994,industria,inbound,328,49283.55,0.509,231,0.6978
15574,Treino_5995,varejo,outbound,328,88011.72,0.367,367,0.99
14342,Treino_5996,varejo,inbound,328,76357.5,0.15,229,0.1569
10561,Treino_5997,servicos,outbound,328,54745.65,0.953,289,0.7235
10016,Treino_5998,varejo,inbound,329,39903.24,0.575,321,0.319
17415,Treino_5999,saude,inbound,329,58897.11,0.817,213,0.7832
12814,Treino_6000,tecnologia,inbound,329,59486.05,0.361,245,0.4106
18661,Treino_6001,varejo,inbound,329,76997.36,0.667,186,0.5264
19589,Treino_6002,saude,outbound,329,42140.35,0.77,244,0.4339
10526,Treino_6003,saude,inbound,329,22923.6,0.7,247,0.4835
13824,Treino_6004,varejo,outbound,329,67600.09,0.761,45,0.5335
12260,Treino_6005,saude,indicacao,329,5092.25,0.607,5,0.3202
14361,Treino_6006,servicos,inbound,329,24342.95,0.606,188,0.1181
12885,Treino_6007,saude,inbound,329,61619.29,0.28,252,0.2997
11350,Treino_6008,industria,inbound,329,12712.74,0.855,261,0.5767
18923,Treino_6009,saude,indicacao,330,18249.89,0.071,419,0.4346
15860,Treino_6010,industria,outbound,330,43767.16,0.427,84,0.5297
14386,Treino_6011,industria,outbound,330,34037.85,0.704,18,0.4693
17999,Treino_6012,servicos,inbound,330,29977.86,0.928,194,0.5097
10302,Treino_6013,saude,inbound,330,52324.73,0.94,48,0.9774
11635,Treino_6014,servicos,inbound,330,59558.72,0.442,251,0.3886
19708,Treino_6015,servicos,inbound,330,37546.79,0.554,372,0.6624
14030,Treino_6016,industria,inbound,330,41565.51,0.223,199,0.1862
11795,Treino_6017,varejo,inbound,330,26487.95,0.86,167,0.7317
14028,Treino_6018,varejo,inbound,330,73615.35,0.118,116,0.5124
12691,Treino_6019,saude,indicacao,330,72353.74,0.445,356,0.2486
16756,Treino_6020,servicos,inbound,330,57032.0,0.388,123,0.3942
14750,Treino_6021,varejo,inbound,330,46866.82,0.89,80,0.4607
11259,Treino_6022,tecnologia,outbound,330,40040.21,0.035,424,0.2627
11447,Treino_6023,saude,inbound,330,48338.44,0.123,38,0.5281
19582,Treino_6024,varejo,inbound,330,39016.08,0.236,447,0.5939
11710,Treino_6025,servicos,inbound,330,29839.31,0.655,360,0.3831
17980,Treino_6026,varejo,inbound,331,61021.79,0.585,165,0.4863
16443,Treino_6027,varejo,inbound,331,33976.23,0.52,279,0.6332
11844,Treino_6028,industria,indicacao,331,59714.69,0.032,460,0.5746
17866,Treino_6029,tecnologia,inbound,331,37062.75,0.149,446,0.393
13527,Treino_6030,industria,inbound,331,68728.4,0.962,356,0.8019
19519,Treino_6031,industria,inbound,331,70024.78,0.688,454,0.6121
10410,Treino_6032,saude,inbound,331,28152.37,0.805,471,0.7077
16048,Treino_6033,industria,outbound,331,57805.79,0.497,299,0.8299
15277,Treino_6034,varejo,outbound,331,30801.3,0.743,92,0.6722
12107,Treino_6035,tecnologia,inbound,331,81631.09,0.591,82,0.5348
12451,Treino_6036,tecnologia,outbound,331,72679.03,0.996,442,0.6915
19217,Treino_6037,servicos,indicacao,331,43435.02,0.32,198,0.2386
17894,Treino_6038,varejo,indicacao,331,50957.46,0.187,288,0.2131
10684,Treino_6039,tecnologia,outbound,331,64669.84,0.54,462,0.5278
14349,Treino_6040,tecnologia,inbound,331,67350.23,0.559,426,0.8297
13173,Treino_6041,saude,inbound,331,64083.51,0.391,83,0.4494
15434,Treino_6042,servicos,inbound,331,27621.86,0.878,180,0.1909
17212,Treino_6043,saude,outbound,331,63982.37,0.736,68,0.7563
13444,Treino_6044,saude,inbound,331,80396.05,0.198,322,0.4404
18492,Treino_6045,varejo,inbound,331,51928.2,0.252,207,0.01
18578,Treino_6046,varejo,inbound,331,80572.1,0.666,116,0.5086
11664,Treino_6047,varejo,inbound,331,34353.36,0.537,219,0.061
10694,Treino_6048,saude,inbound,331,54319.4,0.441,332,0.5557
16084,Treino_6049,industria,outbound,332,48138.12,0.491,353,0.415
16378,Treino_6050,industria,outbound,332,20329.03,0.737,225,0.5147
19967,Treino_6051,industria,inbound,332,48505.3,0.894,391,0.9514
10766,Treino_6052,saude,inbound,332,22540.0,0.085,452,0.0671
10756,Treino_6053,saude,inbound,332,24815.85,0.022,92,0.0514
19032,Treino_6054,varejo,inbound,332,54627.77,0.354,132,0.3651
12300,Treino_6055,industria,outbound,332,37869.48,0.652,354,0.9822
17616,Treino_6056,industria,inbound,332,49920.36,0.922,479,0.5155
13123,Treino_6057,tecnologia,indicacao,332,83210.41,0.721,182,0.527
13714,Treino_6058,servicos,outbound,332,56623.36,0.819,343,0.5902
11797,Treino_6059,varejo,indicacao,332,41467.28,0.142,388,0.3151
12981,Treino_6060,tecnologia,inbound,332,57000.9,0.776,362,0.99
12733,Treino_6061,industria,inbound,332,12381.83,0.344,248,0.0754
15334,Treino_6062,saude,inbound,332,28919.09,0.336,26,0.336
15192,Treino_6063,industria,outbound,332,47549.71,0.19,176,0.1047
19647,Treino_6064,saude,indicacao,332,54027.43,0.196,6,0.4875
11944,Treino_6065,saude,outbound,332,79591.27,0.716,95,0.4775
17430,Treino_6066,servicos,inbound,332,42652.33,0.942,177,0.252
15695,Treino_6067,varejo,indicacao,332,17529.59,0.077,129,0.1192
18893,Treino_6068,saude,outbound,333,24160.38,0.747,286,0.5649
18103,Treino_6069,varejo,inbound,333,84239.67,0.584,43,0.7681
14574,Treino_6070,servicos,outbound,333,43304.29,0.123,316,0.2477
15897,Treino_6071,servicos,inbound,333,58828.07,0.243,258,0.3543
18941,Treino_6072,servicos,inbound,333,50597.32,0.126,305,0.2319
18636,Treino_6073,industria,inbound,333,70384.35,0.166,66,0.01
18666,Treino_6074,saude,inbound,333,38306.57,0.09,275,0.1342
18073,Treino_6075,varejo,outbound,333,34204.92,0.09,303,0.2379
19494,Treino_6076,tecnologia,outbound,333,40779.11,0.692,188,0.307
19453,Treino_6077,industria,inbound,333,74683.26,0.522,123,0.6061
16183,Treino_6078,tecnologia,inbound,333,6806.55,0.923,8,0.3505
18747,Treino_6079,tecnologia,inbound,333,58629.95,0.888,441,0.5636
11728,Treino_6080,industria,outbound,333,42899.53,0.194,120,0.2064
18394,Treino_6081,tecnologia,indicacao,333,59483.19,0.564,19,0.5268
17887,Treino_6082,saude,indicacao,333,61010.03,0.83,218,0.6604
10247,Treino_6083,servicos,outbound,333,52966.32,0.707,408,0.6682
18796,Treino_6084,saude,outbound,333,25719.05,0.291,275,0.0696
10265,Treino_6085,varejo,indicacao,333,78030.7,0.726,409,0.4468
11094,Treino_6086,industria,indicacao,333,86770.46,0.892,251,0.8598
17039,Treino_6087,servicos,outbound,334,29133.59,0.395,284,0.2542
12210,Treino_6088,saude,inbound,334,36439.94,0.602,59,0.2625
17972,Treino_6089,tecnologia,inbound,334,40791.6,0.348,54,0.1382
11671,Treino_6090,tecnologia,inbound,334,91226.56,0.118,365,0.1759
12445,Treino_6091,servicos,inbound,334,50878.51,0.59,451,0.7023
18401,Treino_6092,servicos,inbound,334,31169.75,0.821,26,0.5536
17331,Treino_6093,varejo,inbound,334,56307.71,0.588,273,0.6934
15390,Treino_6094,industria,inbound,334,81140.56,0.074,384,0.6775
11329,Treino_6095,tecnologia,outbound,334,39242.68,0.146,23,0.01
16230,Treino_6096,tecnologia,inbound,334,64181.26,0.608,336,0.3462
15119,Treino_6097,tecnologia,inbound,334,24190.72,0.404,98,0.3123
17836,Treino_6098,saude,indicacao,334,56488.15,0.926,174,0.4377
10149,Treino_6099,varejo,inbound,334,27941.73,0.423,382,0.6789
14070,Treino_6100,saude,inbound,334,48621.81,0.596,382,0.7524
16641,Treino_6101,saude,inbound,334,43222.27,0.358,146,0.22
19356,Treino_6102,varejo,indicacao,334,56055.36,0.95,35,0.613
14220,Treino_6103,tecnologia,inbound,334,65683.4,0.651,80,0.4168
11715,Treino_6104,saude,indicacao,334,31755.03,0.988,83,0.4152
18559,Treino_6105,servicos,outbound,335,28313.83,0.688,249,0.6567
15366,Treino_6106,industria,outbound,335,100663.41,0.413,331,0.6522
13426,Treino_6107,tecnologia,indicacao,335,47205.4,0.2,247,0.3471
17559,Treino_6108,tecnologia,inbound,335,37555.32,0.598,378,0.3382
16424,Treino_6109,servicos,outbound,335,6752.86,0.126,378,0.6557
11759,Treino_6110,varejo,indicacao,335,49957.98,0.966,462,0.6738
11626,Treino_6111,saude,indicacao,335,71358.88,0.169,52,0.3799
15021,Treino_6112,varejo,outbound,335,46087.9,0.296,468,0.3458
13581,Treino_6113,saude,inbound,335,59234.46,0.717,421,0.2857
13198,Treino_6114,varejo,outbound,335,51874.8,0.009,65,0.2295
14993,Treino_6115,saude,outbound,335,26910.73,0.78,225,0.4754
14091,Treino_6116,tecnologia,inbound,335,23193.69,0.094,401,0.3094
12366,Treino_6117,varejo,outbound,336,41674.79,0.325,186,0.01
18054,Treino_6118,varejo,inbound,336,12158.3,0.06,44,0.01
10466,Treino_6119,industria,inbound,336,116231.87,0.066,498,0.523
15435,Treino_6120,saude,outbound,336,5000.0,0.679,226,0.466
13939,Treino_6121,industria,inbound,336,61896.7,0.577,374,0.6897
11398,Treino_6122,saude,inbound,336,53985.1,0.298,333,0.4219
11650,Treino_6123,varejo,indicacao,336,52887.55,0.909,471,0.7981
10675,Treino_6124,tecnologia,inbound,336,33493.27,0.13,442,0.1434
12889,Treino_6125,varejo,inbound,336,41867.82,0.542,305,0.3953
16795,Treino_6126,industria,outbound,336,39768.66,0.709,482,0.6396
17952,Treino_6127,saude,inbound,336,60030.73,0.738,451,0.9319
15373,Treino_6128,servicos,inbound,336,46393.89,0.125,445,0.2543
19961,Treino_6129,industria,outbound,336,49263.76,0.82,329,0.2894
13602,Treino_6130,servicos,inbound,336,82882.1,0.252,95,0.3183
17140,Treino_6131,varejo,outbound,336,54443.9,0.368,158,0.1685
13646,Treino_6132,varejo,inbound,336,40051.93,0.215,130,0.1696
10605,Treino_6133,saude,inbound,336,52628.84,0.37,348,0.394
13396,Treino_6134,saude,inbound,336,72575.99,0.841,105,0.756
13065,Treino_6135,tecnologia,inbound,336,49944.69,0.991,321,0.4604
18930,Treino_6136,varejo,inbound,336,13767.13,0.825,260,0.4549
13676,Treino_6137,servicos,outbound,336,69279.3,0.875,159,0.6584
11957,Treino_6138,varejo,outbound,336,53575.52,0.311,51,0.2209
19725,Treino_6139,tecnologia,inbound,336,58329.0,0.907,393,0.63
17823,Treino_6140,industria,outbound,336,54875.25,0.912,262,0.422
15889,Treino_6141,industria,inbound,337,71453.8,0.602,468,0.7521
13412,Treino_6142,varejo,inbound,337,50596.81,0.955,198,0.6805
10417,Treino_6143,varejo,indicacao,337,104817.37,0.015,333,0.4955
15204,Treino_6144,servicos,outbound,337,37275.03,0.623,31,0.2982
10154,Treino_6145,tecnologia,inbound,337,56157.2,0.551,360,0.5082
19062,Treino_6146,saude,inbound,337,56367.98,0.743,248,0.7975
16359,Treino_6147,saude,inbound,337,50765.92,0.934,99,0.1546
13797,Treino_6148,industria,outbound,337,33230.14,0.112,136,0.1127
15631,Treino_6149,industria,outbound,337,54612.26,0.619,269,0.3524
18184,Treino_6150,varejo,inbound,337,49397.28,0.927,322,0.5304
16006,Treino_6151,servicos,outbound,337,41022.82,0.461,85,0.4361
14703,Treino_6152,varejo,inbound,337,66340.04,0.89,361,0.7487
13633,Treino_6153,servicos,inbound,337,68859.81,0.798,27,0.5041
14964,Treino_6154,varejo,indicacao,337,67987.4,0.037,182,0.1447
10281,Treino_6155,tecnologia,inbound,337,87628.05,0.2,345,0.8484
12521,Treino_6156,saude,outbound,337,73980.55,0.9,272,0.6382
19516,Treino_6157,industria,inbound,337,31254.84,0.815,280,0.5264
13520,Treino_6158,varejo,indicacao,337,68285.18,0.954,159,0.7624
13247,Treino_6159,servicos,inbound,338,76483.7,0.518,172,0.6961
17649,Treino_6160,tecnologia,inbound,338,46570.13,0.605,91,0.3686
15685,Treino_6161,servicos,inbound,338,107537.72,0.4,330,0.3971
10246,Treino_6162,varejo,inbound,338,40466.21,0.091,376,0.4357
15673,Treino_6163,varejo,outbound,338,67658.36,0.428,123,0.1785
13916,Treino_6164,tecnologia,inbound,338,27410.79,0.645,382,0.4725
18882,Treino_6165,tecnologia,outbound,338,53753.06,0.915,36,0.3795
19371,Treino_6166,industria,inbound,338,47243.12,0.514,453,0.6478
18702,Treino_6167,varejo,inbound,338,47639.38,0.817,407,0.7619
10018,Treino_6168,varejo,inbound,338,53125.84,0.974,440,0.6265
16382,Treino_6169,servicos,indicacao,338,45181.26,0.851,304,0.3991
18829,Treino_6170,varejo,outbound,338,32625.23,0.227,469,0.1085
18920,Treino_6171,servicos,inbound,338,47773.7,0.82,34,0.5353
18298,Treino_6172,saude,inbound,338,62791.34,0.676,308,0.7434
17446,Treino_6173,saude,inbound,338,35492.7,0.629,293,0.5041
17064,Treino_6174,tecnologia,inbound,338,81681.25,0.411,338,0.8517
14459,Treino_6175,industria,inbound,338,29498.74,0.268,321,0.1921
18813,Treino_6176,industria,inbound,338,38730.7,0.47,298,0.4714
16589,Treino_6177,varejo,outbound,338,39063.53,0.576,289,0.6488
14519,Treino_6178,varejo,indicacao,338,64714.98,0.236,88,0.205
13313,Treino_6179,industria,inbound,338,57977.75,0.849,26,0.4885
11949,Treino_6180,varejo,inbound,339,61133.88,0.757,179,0.8084
13726,Treino_6181,industria,inbound,339,57100.25,0.845,407,0.5199
11221,Treino_6182,tecnologia,outbound,339,60864.87,0.847,401,0.6254
10309,Treino_6183,saude,inbound,339,44953.03,0.815,342,0.477
15712,Treino_6184,industria,outbound,339,64761.81,0.042,206,0.3368
19399,Treino_6185,tecnologia,outbound,339,73638.5,0.941,62,0.6408
12714,Treino_6186,servicos,inbound,339,32598.92,0.357,135,0.219
14206,Treino_6187,varejo,inbound,339,29823.97,0.282,259,0.0727
12679,Treino_6188,tecnologia,indicacao,339,58455.64,0.788,170,0.5919
12558,Treino_6189,industria,inbound,339,47248.06,0.846,10,0.5384
19843,Treino_6190,tecnologia,indicacao,339,52325.3,0.976,380,0.6115
11992,Treino_6191,varejo,inbound,339,63463.2,0.942,103,0.5128
15386,Treino_6192,varejo,outbound,339,25486.7,0.084,124,0.0816
14814,Treino_6193,saude,inbound,339,48547.47,0.067,437,0.2342
12460,Treino_6194,varejo,outbound,339,52381.34,0.971,213,0.3676
14725,Treino_6195,industria,inbound,339,54150.66,0.626,216,0.5045
13578,Treino_6196,varejo,outbound,339,66394.72,0.161,238,0.3588
18061,Treino_6197,saude,indicacao,339,39312.71,0.364,247,0.7439
19558,Treino_6198,servicos,indicacao,340,43647.69,0.576,218,0.7434
11120,Treino_6199,saude,outbound,340,84366.83,0.926,172,0.8369
14359,Treino_6200,servicos,inbound,340,56564.57,0.666,455,0.6861
10651,Treino_6201,industria,inbound,340,50011.07,0.946,296,0.8957
11445,Treino_6202,tecnologia,outbound,340,43339.39,0.013,27,0.01
17541,Treino_6203,varejo,outbound,340,38506.05,0.575,322,0.6402
12882,Treino_6204,tecnologia,outbound,340,9928.71,0.929,477,0.449
19367,Treino_6205,servicos,inbound,340,65539.74,0.198,490,0.4866
19323,Treino_6206,varejo,outbound,340,65503.96,0.971,118,0.2822
15869,Treino_6207,varejo,inbound,340,50774.82,0.504,432,0.5586
13831,Treino_6208,saude,indicacao,340,35909.3,0.093,129,0.01
14906,Treino_6209,saude,outbound,340,41222.68,0.418,24,0.0498
11028,Treino_6210,tecnologia,indicacao,340,58297.18,0.469,340,0.3447
14003,Treino_6211,servicos,indicacao,340,60939.07,0.441,397,0.6158
15086,Treino_6212,tecnologia,outbound,340,42609.94,0.583,432,0.7604
14182,Treino_6213,saude,inbound,340,70325.12,0.227,459,0.8387
13944,Treino_6214,tecnologia,outbound,340,74823.37,0.172,315,0.7923
15511,Treino_6215,industria,outbound,340,21700.31,0.412,422,0.0889
15688,Treino_6216,saude,outbound,340,44339.13,0.015,171,0.01
11838,Treino_6217,servicos,outbound,340,52535.17,0.134,101,0.5476
10779,Treino_6218,saude,inbound,340,49904.32,0.602,66,0.3088
19791,Treino_6219,servicos,inbound,340,60937.47,0.263,37,0.0573
12236,Treino_6220,saude,outbound,340,33661.03,0.179,433,0.01
14566,Treino_6221,saude,indicacao,340,54136.74,0.957,137,0.6306
18614,Treino_6222,industria,indicacao,340,48447.82,0.079,146,0.6738
11644,Treino_6223,tecnologia,indicacao,340,46771.66,0.599,302,0.4558
19911,Treino_6224,servicos,outbound,340,60038.73,0.686,445,0.5489
18461,Treino_6225,servicos,indicacao,341,46803.51,0.031,216,0.1364
10172,Treino_6226,industria,inbound,341,76222.99,0.961,402,0.713
12276,Treino_6227,tecnologia,outbound,341,62562.58,0.806,114,0.6137
17833,Treino_6228,servicos,outbound,341,23891.47,0.572,387,0.4393
14345,Treino_6229,saude,indicacao,341,75357.32,0.534,476,0.7053
19793,Treino_6230,saude,inbound,341,36342.49,0.028,399,0.3853
19565,Treino_6231,industria,outbound,341,65201.91,0.007,422,0.3407
15914,Treino_6232,varejo,inbound,341,25110.74,0.648,321,0.4579
15081,Treino_6233,industria,indicacao,341,80164.06,0.083,426,0.8418
10255,Treino_6234,servicos,inbound,341,29883.33,0.935,326,0.5966
13836,Treino_6235,varejo,outbound,341,44726.83,0.137,171,0.1701
11476,Treino_6236,tecnologia,indicacao,341,8141.95,0.556,68,0.01
18470,Treino_6237,servicos,indicacao,341,33468.13,0.787,209,0.575
11898,Treino_6238,industria,inbound,341,29241.83,0.464,466,0.3318
15255,Treino_6239,industria,indicacao,342,58051.88,0.813,96,0.4107
13727,Treino_6240,saude,indicacao,342,63367.48,0.617,354,0.4861
12527,Treino_6241,tecnologia,outbound,342,65078.07,0.52,473,0.9881
13992,Treino_6242,servicos,outbound,342,24995.91,0.366,326,0.1472
17310,Treino_6243,saude,inbound,342,64522.37,0.197,244,0.4694
18419,Treino_6244,varejo,indicacao,342,27462.64,0.056,168,0.6725
18827,Treino_6245,tecnologia,inbound,342,87244.78,0.862,59,0.7141
15641,Treino_6246,servicos,inbound,342,33041.48,0.772,348,0.4458
16922,Treino_6247,tecnologia,inbound,342,48266.2,0.779,195,0.6552
15361,Treino_6248,varejo,outbound,342,78346.75,0.536,14,0.194
18320,Treino_6249,industria,inbound,342,49416.64,0.99,17,0.7859
10717,Treino_6250,varejo,inbound,342,23716.17,0.934,100,0.3162
15409,Treino_6251,servicos,indicacao,342,24143.6,0.393,143,0.4233
15899,Treino_6252,tecnologia,indicacao,342,71639.11,0.199,360,0.7015
16130,Treino_6253,servicos,inbound,342,61375.48,0.086,17,0.0389
14614,Treino_6254,industria,inbound,342,31263.01,0.561,83,0.2779
14291,Treino_6255,saude,inbound,342,50979.46,0.68,443,0.7952
11568,Treino_6256,varejo,inbound,342,63965.86,0.921,170,0.8489
11275,Treino_6257,industria,inbound,343,5000.0,0.511,162,0.2871
17190,Treino_6258,tecnologia,inbound,343,42012.78,0.31,24,0.01
10698,Treino_6259,industria,outbound,343,45418.48,0.506,482,0.5682
18165,Treino_6260,saude,inbound,343,46272.56,0.499,193,0.6834
18109,Treino_6261,varejo,inbound,343,72835.73,0.705,275,0.5495
18456,Treino_6262,tecnologia,outbound,343,33299.78,0.794,43,0.3345
17924,Treino_6263,servicos,inbound,343,34638.43,0.023,16,0.4091
14575,Treino_6264,saude,outbound,343,33106.18,0.583,204,0.6061
18982,Treino_6265,varejo,inbound,343,55007.18,0.007,328,0.3387
16746,Treino_6266,servicos,outbound,343,68314.3,0.301,89,0.125
19700,Treino_6267,tecnologia,outbound,343,59656.69,0.554,161,0.3501
16007,Treino_6268,servicos,inbound,343,62212.15,0.704,153,0.4452
18399,Treino_6269,industria,indicacao,344,77508.07,0.871,353,0.6059
18120,Treino_6270,varejo,inbound,344,93426.16,0.852,172,0.5963
17521,Treino_6271,saude,inbound,344,63729.35,0.92,436,0.8312
18995,Treino_6272,varejo,inbound,344,54941.26,0.275,335,0.5969
14954,Treino_6273,varejo,indicacao,344,50130.17,0.479,307,0.3431
17169,Treino_6274,saude,inbound,344,70976.89,0.663,70,0.4868
12222,Treino_6275,tecnologia,inbound,344,63096.09,0.544,63,0.395
18374,Treino_6276,industria,outbound,344,20429.13,0.607,388,0.5131
10709,Treino_6277,industria,inbound,344,59055.21,0.069,29,0.1861
17777,Treino_6278,servicos,inbound,344,32166.5,0.665,468,0.9607
13039,Treino_6279,varejo,inbound,344,23898.42,0.639,469,0.5803
16750,Treino_6280,varejo,inbound,344,72113.85,0.971,443,0.99
11087,Treino_6281,tecnologia,inbound,344,45261.86,0.019,340,0.6118
13367,Treino_6282,industria,inbound,344,32253.23,0.784,250,0.5297
17025,Treino_6283,servicos,outbound,344,80563.09,0.733,236,0.4266
16393,Treino_6284,tecnologia,outbound,344,75583.8,0.569,358,0.858
17183,Treino_6285,industria,inbound,345,47392.37,0.451,284,0.5069
17629,Treino_6286,saude,inbound,345,42396.71,0.389,26,0.4419
12587,Treino_6287,varejo,inbound,345,28543.51,0.655,123,0.2215
15033,Treino_6288,tecnologia,outbound,345,44905.81,0.721,397,0.6101
10381,Treino_6289,industria,inbound,345,34938.07,0.932,139,0.6591
10471,Treino_6290,varejo,inbound,345,80996.71,0.165,460,0.8423
19376,Treino_6291,varejo,inbound,345,41856.28,0.392,431,0.3034
13075,Treino_6292,industria,inbound,345,74429.62,0.825,18,0.3807
15337,Treino_6293,saude,outbound,345,33791.63,0.575,169,0.3637
18362,Treino_6294,industria,indicacao,345,49295.27,0.287,439,0.3556
17119,Treino_6295,servicos,indicacao,345,68601.47,0.258,442,0.2625
14134,Treino_6296,saude,outbound,345,45218.08,0.716,204,0.3808
15906,Treino_6297,industria,inbound,345,54824.9,0.684,159,0.5778
10870,Treino_6298,tecnologia,inbound,345,25291.93,0.833,158,0.5149
16408,Treino_6299,varejo,outbound,345,52371.72,0.177,213,0.2627
10191,Treino_6300,tecnologia,indicacao,345,33483.4,0.488,303,0.0872
17138,Treino_6301,industria,inbound,345,47293.82,0.557,472,0.6013
15911,Treino_6302,saude,indicacao,345,82724.87,0.982,165,0.4933
11277,Treino_6303,industria,outbound,346,64620.84,0.81,440,0.8308
11951,Treino_6304,tecnologia,inbound,346,87711.22,0.964,316,0.783
12987,Treino_6305,varejo,inbound,346,42785.73,0.665,129,0.1593
15183,Treino_6306,tecnologia,outbound,346,32480.64,0.799,471,0.5719
17628,Treino_6307,servicos,outbound,346,5000.0,0.075,493,0.2765
12762,Treino_6308,saude,inbound,346,64314.16,0.557,145,0.434
15184,Treino_6309,varejo,inbound,346,50148.41,0.669,226,0.318
12926,Treino_6310,varejo,outbound,346,39907.41,0.893,251,0.4404
15518,Treino_6311,varejo,indicacao,346,46598.35,0.11,258,0.6346
11360,Treino_6312,varejo,inbound,346,58348.98,0.15,85,0.4054
19781,Treino_6313,tecnologia,indicacao,346,68487.22,0.154,248,0.5224
16733,Treino_6314,varejo,inbound,346,46229.24,0.764,85,0.4947
19704,Treino_6315,tecnologia,inbound,346,59446.26,0.994,193,0.6587
17548,Treino_6316,servicos,indicacao,346,33157.61,0.119,151,0.2882
12712,Treino_6317,servicos,indicacao,347,32927.61,0.271,88,0.242
11707,Treino_6318,servicos,inbound,347,32405.51,0.381,402,0.4626
11354,Treino_6319,varejo,outbound,347,44937.6,0.195,247,0.1476
13951,Treino_6320,tecnologia,inbound,347,18912.28,0.649,263,0.2945
12816,Treino_6321,saude,inbound,347,43659.21,0.499,230,0.5984
13804,Treino_6322,servicos,inbound,347,43457.15,0.574,445,0.7229
16512,Treino_6323,servicos,inbound,347,83782.37,0.88,337,0.8497
17939,Treino_6324,servicos,inbound,347,58084.73,0.458,455,0.4839
19917,Treino_6325,tecnologia,outbound,347,67649.57,0.043,319,0.2664
19608,Treino_6326,industria,outbound,347,9043.69,0.281,410,0.3829
13553,Treino_6327,tecnologia,indicacao,347,36716.68,0.035,396,0.1925
15306,Treino_6328,industria,inbound,347,54648.03,0.752,290,0.5587
10156,Treino_6329,varejo,inbound,348,73784.26,0.175,478,0.4316
16342,Treino_6330,industria,inbound,348,16556.44,0.202,47,0.0759
12105,Treino_6331,servicos,inbound,348,28924.31,0.838,427,0.5925
17067,Treino_6332,tecnologia,indicacao,348,56057.88,0.152,35,0.1337
12435,Treino_6333,industria,inbound,348,57727.33,0.904,43,0.4046
11743,Treino_6334,saude,inbound,348,45486.06,0.249,25,0.2526
12774,Treino_6335,servicos,inbound,348,30766.62,0.156,55,0.01
12856,Treino_6336,industria,outbound,348,67313.43,0.705,364,0.8523
16159,Treino_6337,industria,inbound,348,109367.21,0.601,261,0.437
16647,Treino_6338,servicos,inbound,348,51045.38,0.266,54,0.2263
16360,Treino_6339,tecnologia,outbound,348,53430.61,0.596,166,0.7342
14523,Treino_6340,saude,inbound,348,68129.47,0.604,313,0.8517
15085,Treino_6341,servicos,inbound,348,57132.11,0.955,453,0.894
11370,Treino_6342,industria,inbound,348,63105.46,0.181,420,0.3497
16081,Treino_6343,saude,outbound,348,46542.22,0.266,324,0.761
19409,Treino_6344,varejo,inbound,348,83945.62,0.368,371,0.4427
14350,Treino_6345,saude,inbound,348,58843.63,0.363,12,0.01
11496,Treino_6346,servicos,outbound,348,55873.74,0.228,38,0.3775
15793,Treino_6347,servicos,inbound,348,45647.43,0.562,146,0.4455
18518,Treino_6348,saude,inbound,348,50865.62,0.475,389,0.8448
18160,Treino_6349,varejo,indicacao,348,49899.41,0.174,26,0.01
11430,Treino_6350,servicos,inbound,349,44571.28,0.676,218,0.5348
16037,Treino_6351,saude,outbound,349,43082.49,0.066,353,0.4823
13625,Treino_6352,servicos,outbound,349,43039.05,0.989,56,0.7311
11258,Treino_6353,varejo,inbound,349,49863.61,0.449,27,0.3031
16392,Treino_6354,varejo,outbound,349,36941.53,0.709,395,0.6138
13428,Treino_6355,saude,inbound,349,39363.04,0.309,391,0.5746
10062,Treino_6356,saude,outbound,349,32684.59,0.334,330,0.5865
10639,Treino_6357,saude,outbound,349,41555.36,0.556,441,0.3374
16066,Treino_6358,varejo,inbound,349,44612.05,0.515,388,0.5538
18552,Treino_6359,varejo,outbound,349,55992.69,0.336,173,0.5261
14972,Treino_6360,servicos,inbound,349,41556.59,0.241,254,0.38
15643,Treino_6361,saude,outbound,349,54867.51,0.717,182,0.3894
10368,Treino_6362,tecnologia,indicacao,349,25111.75,0.543,432,0.5675
11351,Treino_6363,varejo,indicacao,350,46321.29,0.396,155,0.2609
16120,Treino_6364,industria,inbound,350,58526.63,0.007,30,0.2314
19263,Treino_6365,servicos,inbound,350,24903.13,0.432,232,0.3905
14872,Treino_6366,industria,inbound,350,35355.1,0.756,245,0.8128
17996,Treino_6367,saude,inbound,350,29158.89,0.657,125,0.3276
16222,Treino_6368,varejo,inbound,350,66735.23,0.149,421,0.5398
12724,Treino_6369,tecnologia,inbound,350,47459.32,0.297,377,0.4458
14272,Treino_6370,saude,inbound,350,47441.85,0.92,50,0.6757
19879,Treino_6371,tecnologia,outbound,350,56280.92,0.967,447,0.5572
17873,Treino_6372,industria,outbound,350,24698.03,0.88,197,0.7463
15326,Treino_6373,varejo,inbound,350,10317.87,0.596,445,0.3724
17898,Treino_6374,saude,outbound,350,39865.39,0.904,328,0.7241
12054,Treino_6375,tecnologia,indicacao,350,33009.36,0.406,347,0.2926
18396,Treino_6376,servicos,inbound,350,27919.87,0.468,412,0.5523
15730,Treino_6377,saude,inbound,350,43455.33,0.441,288,0.5705
16625,Treino_6378,servicos,indicacao,350,48534.0,0.355,427,0.2184
18334,Treino_6379,industria,inbound,350,92156.21,0.596,283,0.8485
19296,Treino_6380,varejo,outbound,350,103842.64,0.507,77,0.36
18448,Treino_6381,varejo,outbound,351,35277.73,0.078,109,0.1277
19198,Treino_6382,tecnologia,outbound,351,12639.93,0.217,212,0.091
19776,Treino_6383,industria,outbound,351,17770.96,0.245,421,0.1655
15721,Treino_6384,industria,outbound,351,40785.12,0.046,362,0.376
13830,Treino_6385,industria,inbound,351,54039.75,0.221,478,0.5821
15278,Treino_6386,servicos,outbound,351,32444.58,0.79,95,0.4798
12309,Treino_6387,tecnologia,inbound,351,83786.91,0.248,382,0.6267
14422,Treino_6388,saude,indicacao,351,69940.99,0.052,44,0.4532
16483,Treino_6389,servicos,inbound,351,50775.04,0.867,456,0.7125
16619,Treino_6390,saude,outbound,351,30659.13,0.636,336,0.3794
17589,Treino_6391,tecnologia,indicacao,351,71522.7,0.323,86,0.0183
11946,Treino_6392,servicos,indicacao,351,52633.16,0.899,374,0.8511
11913,Treino_6393,saude,inbound,351,49354.79,0.776,25,0.4807
15466,Treino_6394,industria,inbound,351,64486.57,0.271,245,0.4681
10954,Treino_6395,industria,indicacao,352,55046.35,0.645,229,0.4171
19244,Treino_6396,varejo,outbound,352,40209.22,0.744,160,0.5963
11284,Treino_6397,varejo,outbound,352,58900.46,0.051,166,0.3355
12432,Treino_6398,tecnologia,inbound,352,52159.14,0.833,212,0.3055
19022,Treino_6399,varejo,outbound,352,53575.72,0.38,330,0.4234
11660,Treino_6400,industria,inbound,352,63369.25,0.877,230,0.6708
13449,Treino_6401,industria,inbound,352,71843.34,0.792,53,0.3617
10378,Treino_6402,saude,inbound,352,20517.3,0.462,265,0.4097
19716,Treino_6403,varejo,inbound,352,39302.63,0.835,161,0.6717
16955,Treino_6404,saude,indicacao,352,67279.5,0.383,144,0.5992
13934,Treino_6405,tecnologia,outbound,352,45948.12,0.596,111,0.6013
17112,Treino_6406,industria,inbound,352,39029.58,0.003,225,0.0943
10495,Treino_6407,tecnologia,indicacao,352,41066.79,0.109,102,0.0368
14373,Treino_6408,servicos,inbound,352,58240.48,0.287,443,0.463
16683,Treino_6409,servicos,outbound,352,42757.69,0.089,141,0.389
11724,Treino_6410,saude,outbound,353,89542.34,0.999,58,0.4996
17001,Treino_6411,tecnologia,inbound,353,42083.1,0.872,499,0.9403
18943,Treino_6412,varejo,outbound,353,34093.56,0.66,338,0.6928
15457,Treino_6413,industria,indicacao,353,50191.31,0.739,478,0.353
18424,Treino_6414,tecnologia,inbound,353,83634.57,0.664,56,0.3727
15872,Treino_6415,tecnologia,inbound,353,38829.16,0.065,59,0.01
16460,Treino_6416,saude,outbound,353,57989.98,0.441,74,0.4783
15537,Treino_6417,saude,inbound,353,70140.83,0.897,205,0.5732
17203,Treino_6418,servicos,outbound,353,33146.2,0.384,65,0.274
17086,Treino_6419,tecnologia,inbound,353,70965.65,0.469,173,0.5543
12072,Treino_6420,tecnologia,indicacao,353,14791.91,0.134,284,0.11
12195,Treino_6421,servicos,inbound,353,18976.13,0.896,455,0.6512
19892,Treino_6422,industria,inbound,353,26417.1,0.746,133,0.3916
15986,Treino_6423,tecnologia,inbound,353,51496.93,0.144,57,0.2663
19544,Treino_6424,industria,inbound,353,47845.87,0.905,132,0.6522
11026,Treino_6425,varejo,indicacao,353,60940.11,0.872,254,0.3338
15411,Treino_6426,industria,inbound,353,59702.05,0.038,411,0.1178
18678,Treino_6427,industria,indicacao,353,72270.32,0.147,163,0.4872
16570,Treino_6428,tecnologia,outbound,354,40897.07,0.968,211,0.2325
14162,Treino_6429,saude,inbound,354,79907.52,0.432,16,0.5406
17512,Treino_6430,servicos,inbound,354,31702.79,0.248,406,0.6928
15964,Treino_6431,industria,inbound,354,31827.35,0.035,435,0.3377
16797,Treino_6432,varejo,inbound,354,40500.0,0.143,450,0.7116
18127,Treino_6433,tecnologia,outbound,354,65882.95,0.392,346,0.4063
12010,Treino_6434,saude,inbound,354,50819.72,0.781,355,0.449
10997,Treino_6435,industria,outbound,354,76397.07,0.953,469,0.914
11864,Treino_6436,servicos,inbound,354,63482.62,0.325,164,0.2294
14211,Treino_6437,industria,inbound,354,48941.0,0.817,228,0.7661
13064,Treino_6438,varejo,inbound,354,67287.25,0.804,432,0.8471
16092,Treino_6439,tecnologia,inbound,354,38953.45,0.41,415,0.7344
10825,Treino_6440,industria,inbound,354,57735.11,0.216,200,0.5404
18650,Treino_6441,saude,outbound,354,31974.37,0.688,489,0.8218
18818,Treino_6442,industria,outbound,354,67732.76,0.212,234,0.2714
19824,Treino_6443,servicos,inbound,354,56048.25,0.608,284,0.4048
10456,Treino_6444,industria,inbound,354,71248.44,0.871,41,0.6695
12999,Treino_6445,servicos,inbound,354,34297.72,0.599,171,0.7364
16406,Treino_6446,varejo,inbound,354,62104.84,0.258,217,0.4407
18756,Treino_6447,varejo,inbound,354,41153.44,0.355,329,0.5824
17644,Treino_6448,industria,inbound,354,42173.55,0.027,217,0.1882
19272,Treino_6449,tecnologia,outbound,354,34606.9,0.169,136,0.0435
12282,Treino_6450,tecnologia,inbound,354,50105.73,0.272,294,0.6756
17501,Treino_6451,tecnologia,outbound,355,78670.23,0.145,446,0.6054
17040,Treino_6452,industria,outbound,355,27956.86,0.224,60,0.3291
11319,Treino_6453,industria,outbound,355,66425.71,0.891,85,0.8196
17546,Treino_6454,tecnologia,outbound,355,43502.71,0.51,479,0.6285
10464,Treino_6455,saude,outbound,355,50634.45,0.736,159,0.6959
10449,Treino_6456,servicos,outbound,355,29513.55,0.179,296,0.2684
13112,Treino_6457,tecnologia,outbound,355,42997.09,0.093,110,0.5006
10200,Treino_6458,tecnologia,inbound,355,21288.79,0.88,33,0.2006
11813,Treino_6459,varejo,outbound,355,77686.82,0.247,233,0.6274
11881,Treino_6460,varejo,outbound,355,47246.37,0.501,202,0.3074
12582,Treino_6461,saude,inbound,355,61323.68,0.37,189,0.6373
12811,Treino_6462,varejo,inbound,355,44476.32,0.331,115,0.402
16769,Treino_6463,servicos,indicacao,355,61375.31,0.759,21,0.6103
15116,Treino_6464,varejo,inbound,355,46621.36,0.279,137,0.4808
12109,Treino_6465,varejo,inbound,355,56083.98,0.418,233,0.6638
11843,Treino_6466,saude,inbound,355,9849.09,0.876,209,0.1617
13945,Treino_6467,servicos,inbound,355,17198.09,0.957,110,0.4602
15350,Treino_6468,industria,indicacao,355,60645.62,0.349,147,0.6061
15858,Treino_6469,industria,outbound,355,44694.73,0.674,96,0.407
17308,Treino_6470,tecnologia,outbound,355,30529.3,0.513,10,0.5944
13296,Treino_6471,saude,inbound,355,65191.3,0.156,136,0.3847
15265,Treino_6472,tecnologia,indicacao,355,53290.4,0.113,75,0.2172
14926,Treino_6473,varejo,inbound,355,23073.06,0.517,57,0.4716
19699,Treino_6474,industria,inbound,355,49977.5,0.597,350,0.6347
11376,Treino_6475,servicos,outbound,355,16506.95,0.598,152,0.1483
16449,Treino_6476,saude,inbound,355,45484.68,0.695,488,0.2764
16510,Treino_6477,servicos,outbound,356,38792.54,0.1,383,0.2245
12829,Treino_6478,tecnologia,outbound,356,55031.62,0.699,355,0.5132
13776,Treino_6479,industria,inbound,356,42889.7,0.058,206,0.3252
10402,Treino_6480,servicos,inbound,356,21370.27,0.971,424,0.6581
18159,Treino_6481,varejo,outbound,356,31244.62,0.492,141,0.5097
14520,Treino_6482,industria,inbound,356,42782.81,0.962,234,0.4978
12597,Treino_6483,saude,inbound,356,52504.99,0.257,61,0.1711
11991,Treino_6484,saude,outbound,356,35030.79,0.534,205,0.8654
12681,Treino_6485,industria,outbound,356,43428.01,0.165,227,0.512
12540,Treino_6486,varejo,outbound,356,57372.81,0.695,94,0.4246
15322,Treino_6487,industria,indicacao,356,49985.82,0.956,241,0.6312
11407,Treino_6488,tecnologia,outbound,356,45563.37,0.721,478,0.6123
12462,Treino_6489,servicos,outbound,356,74468.5,0.726,211,0.6967
14618,Treino_6490,tecnologia,indicacao,356,42490.83,0.262,178,0.3715
14548,Treino_6491,saude,inbound,357,29527.37,0.498,217,0.0249
10896,Treino_6492,industria,indicacao,357,62396.89,0.374,457,0.664
15797,Treino_6493,saude,indicacao,357,54334.89,0.328,355,0.2779
19126,Treino_6494,saude,outbound,357,31618.46,0.436,368,0.1807
17316,Treino_6495,tecnologia,indicacao,357,40034.87,0.13,498,0.435
13044,Treino_6496,saude,inbound,357,44648.55,0.707,146,0.7462
15620,Treino_6497,tecnologia,outbound,357,37952.11,0.654,225,0.3923
12520,Treino_6498,servicos,inbound,357,102135.47,0.689,45,0.5533
12301,Treino_6499,tecnologia,inbound,357,16483.61,0.595,135,0.6457
14504,Treino_6500,servicos,indicacao,357,77856.95,0.857,389,0.7277
17128,Treino_6501,saude,indicacao,357,36395.7,0.996,136,0.4097
10217,Treino_6502,varejo,inbound,357,59270.97,0.738,172,0.5689
18536,Treino_6503,tecnologia,inbound,357,30849.68,0.253,89,0.0549
15426,Treino_6504,industria,outbound,357,57502.8,0.091,31,0.4306
18643,Treino_6505,varejo,inbound,357,64152.49,0.743,166,0.3626
12664,Treino_6506,servicos,indicacao,357,51908.28,0.009,493,0.3582
18169,Treino_6507,varejo,indicacao,357,51751.53,0.312,32,0.0679
17614,Treino_6508,servicos,outbound,357,54404.36,0.038,41,0.2617
13862,Treino_6509,tecnologia,inbound,357,91037.15,0.357,322,0.7852
14095,Treino_6510,saude,indicacao,357,53173.07,0.567,154,0.3565
14625,Treino_6511,varejo,inbound,358,14673.48,0.153,225,0.4482
14394,Treino_6512,servicos,indicacao,358,93699.15,0.059,372,0.2513
11232,Treino_6513,tecnologia,inbound,358,64820.78,0.336,140,0.4475
16377,Treino_6514,tecnologia,outbound,358,16542.71,0.125,328,0.4817
19554,Treino_6515,servicos,inbound,358,51067.6,0.074,297,0.1785
15209,Treino_6516,servicos,indicacao,358,61133.82,0.751,181,0.1817
17131,Treino_6517,saude,outbound,358,71121.63,0.355,173,0.2596
11586,Treino_6518,saude,outbound,358,75236.98,0.388,99,0.5913
16993,Treino_6519,servicos,inbound,358,47777.95,0.278,260,0.32
12687,Treino_6520,tecnologia,inbound,358,26179.27,0.145,292,0.0418
17105,Treino_6521,varejo,inbound,358,38738.75,0.377,72,0.3455
18627,Treino_6522,saude,inbound,358,65026.12,0.656,249,0.01
16099,Treino_6523,tecnologia,inbound,358,37964.91,0.893,321,0.5488
17561,Treino_6524,servicos,outbound,358,58408.9,0.22,27,0.1369
16774,Treino_6525,servicos,indicacao,358,38801.81,0.139,255,0.2697
12863,Treino_6526,saude,inbound,358,75332.38,0.397,473,0.5734
12233,Treino_6527,industria,inbound,359,56600.57,0.502,289,0.5603
10147,Treino_6528,industria,inbound,359,64291.41,0.127,52,0.4001
10884,Treino_6529,industria,outbound,359,27654.61,0.683,201,0.5224
10162,Treino_6530,tecnologia,outbound,359,80810.79,0.301,81,0.4573
10842,Treino_6531,varejo,outbound,359,60721.52,0.509,435,0.2263
17114,Treino_6532,industria,outbound,359,56504.33,0.682,235,0.3066
12870,Treino_6533,servicos,inbound,359,33291.6,0.755,419,0.7404
14052,Treino_6534,servicos,inbound,359,37065.2,0.362,263,0.2553
16548,Treino_6535,servicos,inbound,359,46385.07,0.723,353,0.4569
12698,Treino_6536,saude,inbound,359,81898.52,0.029,178,0.4311
12606,Treino_6537,varejo,inbound,359,57755.19,0.086,265,0.3866
18245,Treino_6538,servicos,inbound,359,13230.33,0.44,83,0.3986
14433,Treino_6539,saude,indicacao,359,37745.83,0.952,193,0.7422
10393,Treino_6540,industria,indicacao,359,79519.77,0.989,17,0.5228
16241,Treino_6541,saude,inbound,359,53018.15,0.204,165,0.1247
12214,Treino_6542,saude,indicacao,359,61030.84,0.98,355,0.9593
10318,Treino_6543,tecnologia,outbound,359,68143.98,0.286,205,0.2055
19145,Treino_6544,varejo,outbound,359,71010.83,0.323,323,0.7276
15037,Treino_6545,tecnologia,inbound,360,5000.0,0.729,319,0.2911
17779,Treino_6546,varejo,inbound,360,35624.49,0.538,379,0.1359
16033,Treino_6547,industria,outbound,360,44691.99,0.42,207,0.597
13345,Treino_6548,saude,inbound,360,50999.32,0.374,201,0.3436
14891,Treino_6549,servicos,inbound,360,54745.14,0.165,434,0.3998
10307,Treino_6550,varejo,inbound,360,69698.84,0.807,204,0.8275
15637,Treino_6551,varejo,inbound,360,75878.16,0.965,468,0.7832
10680,Treino_6552,tecnologia,inbound,360,30370.67,0.366,133,0.1497
13471,Treino_6553,industria,inbound,360,42050.36,0.842,79,0.579
18890,Treino_6554,servicos,inbound,360,23132.6,0.289,392,0.2009
13153,Treino_6555,industria,outbound,360,45414.05,0.902,285,0.4511
18809,Treino_6556,tecnologia,outbound,360,58676.07,0.901,423,0.5533
18437,Treino_6557,servicos,inbound,360,91113.07,0.044,220,0.4754
14744,Treino_6558,saude,inbound,360,67000.81,0.177,103,0.4373
12608,Treino_6559,varejo,inbound,360,82394.86,0.445,123,0.7132
12122,Treino_6560,tecnologia,inbound,360,44384.32,0.71,240,0.2509
16927,Treino_6561,industria,inbound,360,79606.87,0.642,127,0.6622
19845,Treino_6562,industria,outbound,361,35175.61,0.205,462,0.1274
12014,Treino_6563,industria,outbound,361,44267.9,0.422,154,0.3958
13963,Treino_6564,servicos,inbound,361,56463.61,0.23,71,0.2298
10546,Treino_6565,saude,inbound,361,64233.29,0.95,14,0.5524
18987,Treino_6566,varejo,outbound,361,68279.14,0.882,330,0.8736
17335,Treino_6567,industria,inbound,361,38567.94,0.262,490,0.4625
16210,Treino_6568,industria,indicacao,361,53095.3,0.357,366,0.5417
17263,Treino_6569,varejo,outbound,361,54559.99,0.499,269,0.7155
16624,Treino_6570,varejo,inbound,361,67203.63,0.612,311,0.5561
17277,Treino_6571,industria,outbound,361,32572.04,0.211,342,0.0526
12746,Treino_6572,varejo,inbound,361,74015.94,0.44,218,0.5407
12715,Treino_6573,servicos,inbound,361,57146.52,0.007,358,0.01
18355,Treino_6574,servicos,inbound,361,67227.69,0.726,401,0.6427
16525,Treino_6575,varejo,outbound,361,85576.53,0.517,288,0.452
11158,Treino_6576,varejo,outbound,361,77117.59,0.776,216,0.6386
14508,Treino_6577,varejo,inbound,361,31611.48,0.477,461,0.8059
18495,Treino_6578,tecnologia,inbound,361,33682.35,0.814,296,0.3678
13941,Treino_6579,varejo,indicacao,361,49177.9,0.281,483,0.0697
14501,Treino_6580,servicos,inbound,361,58869.97,0.183,476,0.3286
12044,Treino_6581,saude,outbound,361,63773.35,0.758,414,0.6497
13704,Treino_6582,saude,indicacao,361,65651.77,0.796,232,0.4631
16903,Treino_6583,servicos,inbound,361,41301.91,0.086,119,0.0849
17228,Treino_6584,servicos,outbound,361,79925.75,0.693,375,0.5086
13469,Treino_6585,tecnologia,indicacao,361,55472.7,0.128,457,0.4914
13448,Treino_6586,saude,inbound,362,55905.77,0.193,240,0.1737
13598,Treino_6587,varejo,inbound,362,54121.77,0.75,34,0.3146
19628,Treino_6588,tecnologia,inbound,362,37908.36,0.743,485,0.4643
12106,Treino_6589,servicos,inbound,362,33472.51,0.686,50,0.0581
15951,Treino_6590,varejo,inbound,362,31554.4,0.473,16,0.6204
17856,Treino_6591,varejo,outbound,362,23153.22,0.86,93,0.4889
11308,Treino_6592,saude,inbound,362,39886.92,0.727,48,0.6558
18142,Treino_6593,saude,inbound,362,38227.73,0.402,318,0.4197
19044,Treino_6594,saude,inbound,362,73254.03,0.878,141,0.6154
11717,Treino_6595,saude,indicacao,362,51161.9,0.956,399,0.5929
18648,Treino_6596,industria,indicacao,362,26083.63,0.556,95,0.2502
17940,Treino_6597,saude,outbound,362,31879.43,0.715,24,0.4309
18906,Treino_6598,varejo,indicacao,362,60270.98,0.553,12,0.2601
13464,Treino_6599,industria,indicacao,362,31622.94,0.378,268,0.0261
18501,Treino_6600,tecnologia,indicacao,362,16440.16,0.908,495,0.2993
16041,Treino_6601,tecnologia,outbound,363,58944.39,0.988,81,0.6613
18226,Treino_6602,saude,inbound,363,76659.89,0.612,414,0.6609
14064,Treino_6603,tecnologia,inbound,363,36882.28,0.758,113,0.99
13200,Treino_6604,tecnologia,inbound,363,9748.61,0.843,397,0.5345
14679,Treino_6605,tecnologia,inbound,363,73347.35,0.576,471,0.4502
17922,Treino_6606,servicos,inbound,363,36626.9,0.061,89,0.0552
14665,Treino_6607,tecnologia,outbound,363,18954.76,0.237,453,0.3247
17195,Treino_6608,saude,inbound,363,27697.78,0.387,410,0.4602
13673,Treino_6609,industria,outbound,363,17640.94,0.807,492,0.4124
16257,Treino_6610,industria,outbound,363,30976.97,0.711,395,0.584
12914,Treino_6611,servicos,outbound,363,67815.98,0.724,264,0.9184
11117,Treino_6612,varejo,outbound,363,42204.44,0.987,190,0.4272
19428,Treino_6613,tecnologia,indicacao,363,61258.6,0.599,393,0.3236
13432,Treino_6614,industria,indicacao,363,44439.79,0.327,71,0.1699
15905,Treino_6615,servicos,outbound,363,60653.93,0.504,458,0.5547
18680,Treino_6616,saude,outbound,363,52333.46,0.723,32,0.494
10770,Treino_6617,servicos,outbound,363,58838.59,0.134,95,0.3412
16684,Treino_6618,varejo,outbound,363,39056.18,0.71,117,0.01
12561,Treino_6619,saude,inbound,364,58455.45,0.235,260,0.3177
12194,Treino_6620,servicos,inbound,364,69074.61,0.753,25,0.8117
13739,Treino_6621,servicos,inbound,364,38525.01,0.057,314,0.4756
18753,Treino_6622,servicos,outbound,364,30239.59,0.457,416,0.6972
16817,Treino_6623,saude,outbound,364,20400.27,0.742,234,0.5622
10301,Treino_6624,varejo,inbound,364,54500.77,0.535,207,0.386
15016,Treino_6625,industria,inbound,364,97135.29,0.788,278,0.9389
10567,Treino_6626,varejo,inbound,364,66641.5,0.94,438,0.6324
11578,Treino_6627,saude,indicacao,364,76197.73,0.821,21,0.8823
19056,Treino_6628,industria,outbound,364,34104.9,0.694,21,0.3997
14341,Treino_6629,industria,inbound,364,90765.86,0.473,301,0.7957
15802,Treino_6630,saude,inbound,364,9253.31,0.55,432,0.688
10146,Treino_6631,servicos,inbound,364,43259.11,0.789,110,0.6332
19435,Treino_6632,tecnologia,inbound,364,63170.81,0.71,57,0.4479
17846,Treino_6633,varejo,inbound,364,59601.54,0.297,165,0.601
13800,Treino_6634,varejo,outbound,364,32379.92,0.516,448,0.4179
13806,Treino_6635,tecnologia,inbound,364,34995.52,0.143,485,0.6
13923,Treino_6636,saude,outbound,364,43266.02,0.36,264,0.7645
13052,Treino_6637,saude,inbound,364,35526.82,0.474,316,0.1578
11209,Treino_6638,industria,indicacao,364,33992.47,0.939,431,0.6596
19372,Treino_6639,industria,outbound,364,68604.88,0.479,387,0.5523
11919,Treino_6640,saude,outbound,365,54252.9,0.885,191,0.3115
14227,Treino_6641,servicos,outbound,365,47463.23,0.723,261,0.377
12059,Treino_6642,industria,outbound,365,78356.22,0.449,212,0.8654
13227,Treino_6643,servicos,outbound,365,62367.46,0.652,146,0.631
12327,Treino_6644,servicos,indicacao,365,86216.52,0.562,70,0.3829
17594,Treino_6645,tecnologia,inbound,365,23416.45,0.903,491,0.3335
17763,Treino_6646,servicos,inbound,365,69249.11,0.562,73,0.5232
12729,Treino_6647,tecnologia,outbound,365,22591.05,0.59,250,0.4341
15743,Treino_6648,varejo,inbound,365,46071.84,0.142,99,0.01
12121,Treino_6649,servicos,outbound,365,56632.41,0.488,396,0.5684
13217,Treino_6650,saude,outbound,365,39609.0,0.344,128,0.2553
16855,Treino_6651,servicos,inbound,365,36138.44,0.618,260,0.3394
18786,Treino_6652,saude,inbound,365,41332.45,0.709,266,0.6883
15981,Treino_6653,saude,indicacao,365,40239.31,0.083,449,0.6513
10652,Treino_6654,varejo,outbound,365,45890.5,0.176,366,0.5737
11108,Treino_6655,varejo,inbound,365,40523.51,0.223,374,0.4917
16075,Treino_6656,servicos,inbound,365,39174.71,0.988,100,0.6864
18417,Treino_6657,industria,inbound,365,34052.09,0.935,171,0.328
16469,Treino_6658,tecnologia,inbound,365,31773.25,0.281,437,0.457
16783,Treino_6659,servicos,outbound,365,61058.68,0.031,211,0.4739
16839,Treino_6660,varejo,outbound,365,23592.6,0.756,172,0.333
13160,Treino_6661,tecnologia,inbound,365,76447.08,0.163,22,0.2757
10237,Treino_6662,industria,inbound,365,89339.3,0.606,473,0.7134
15716,Treino_6663,industria,outbound,366,89200.56,0.744,219,0.8594
12868,Treino_6664,industria,inbound,366,54257.15,0.516,217,0.6427
14932,Treino_6665,saude,indicacao,366,67993.06,0.855,30,0.4268
10838,Treino_6666,industria,inbound,366,70991.46,0.415,374,0.8236
18732,Treino_6667,saude,inbound,366,61377.27,0.484,458,0.3779
13121,Treino_6668,industria,inbound,366,42254.54,0.091,187,0.2773
18341,Treino_6669,servicos,inbound,366,77433.58,0.352,128,0.179
19763,Treino_6670,saude,outbound,366,49739.01,0.707,183,0.5857
15840,Treino_6671,varejo,inbound,366,52260.91,0.743,301,0.5075
17286,Treino_6672,industria,indicacao,366,39515.26,0.846,38,0.6118
17027,Treino_6673,varejo,outbound,366,25473.7,0.549,452,0.3977
10422,Treino_6674,saude,indicacao,366,89592.59,0.746,225,0.6059
18897,Treino_6675,saude,indicacao,366,30208.41,0.938,364,0.4565
10001,Treino_6676,varejo,inbound,366,5096.04,0.507,118,0.3931
15348,Treino_6677,industria,inbound,366,39201.71,0.148,26,0.1209
19713,Treino_6678,varejo,inbound,366,21691.29,0.125,279,0.01
19668,Treino_6679,saude,inbound,366,49623.84,0.78,304,0.3079
11318,Treino_6680,tecnologia,outbound,366,41069.7,0.986,474,0.6747
13420,Treino_6681,servicos,inbound,366,52025.48,0.891,475,0.8512
17369,Treino_6682,saude,indicacao,366,57738.96,0.322,394,0.3685
15407,Treino_6683,servicos,indicacao,366,25047.78,0.316,179,0.3981
16613,Treino_6684,varejo,outbound,366,47748.39,0.149,123,0.01
15883,Treino_6685,servicos,inbound,366,29336.4,0.017,138,0.2695
18183,Treino_6686,saude,outbound,366,81437.28,0.822,474,0.8169
11915,Treino_6687,varejo,inbound,367,43850.14,0.363,291,0.5551
13791,Treino_6688,saude,inbound,367,70369.08,0.92,481,0.3829
11368,Treino_6689,industria,inbound,367,22950.87,0.387,15,0.5478
16238,Treino_6690,servicos,outbound,367,49997.16,0.761,86,0.7955
10785,Treino_6691,industria,outbound,367,13638.09,0.435,108,0.2987
18961,Treino_6692,industria,inbound,367,54700.16,0.458,197,0.5194
19255,Treino_6693,industria,outbound,367,26331.3,0.033,112,0.01
10528,Treino_6694,saude,outbound,367,86319.7,0.713,249,0.6931
16147,Treino_6695,varejo,outbound,367,56045.19,0.791,398,0.5137
14968,Treino_6696,tecnologia,outbound,367,58936.57,0.317,141,0.7122
15606,Treino_6697,tecnologia,inbound,367,22462.83,0.527,229,0.1214
12130,Treino_6698,industria,inbound,367,61258.47,0.316,178,0.3368
13122,Treino_6699,tecnologia,indicacao,367,75603.87,0.816,494,0.6458
10730,Treino_6700,servicos,outbound,367,72525.56,0.949,286,0.4052
16935,Treino_6701,saude,outbound,367,41916.01,0.632,225,0.2323
14463,Treino_6702,saude,outbound,367,47072.79,0.829,126,0.3412
11784,Treino_6703,varejo,inbound,367,68427.37,0.856,11,0.1695
11195,Treino_6704,saude,outbound,367,85591.25,0.835,135,0.3684
16204,Treino_6705,varejo,inbound,367,27029.04,0.083,431,0.3964
17193,Treino_6706,servicos,inbound,367,49030.54,0.158,100,0.4562
12637,Treino_6707,tecnologia,outbound,367,28213.24,0.935,269,0.6657
13424,Treino_6708,saude,inbound,367,43852.89,0.675,179,0.922
11790,Treino_6709,tecnologia,indicacao,368,41013.81,0.415,480,0.2797
17581,Treino_6710,varejo,inbound,368,76236.14,0.875,20,0.4296
13131,Treino_6711,servicos,inbound,368,48796.16,0.777,470,0.391
13354,Treino_6712,industria,outbound,368,48672.37,0.346,62,0.01
12673,Treino_6713,servicos,inbound,368,54859.49,0.958,245,0.8187
18915,Treino_6714,servicos,inbound,368,5000.0,0.035,247,0.01
14077,Treino_6715,varejo,inbound,368,78855.52,0.441,353,0.433
13117,Treino_6716,industria,inbound,368,9504.33,0.59,480,0.6497
18795,Treino_6717,industria,inbound,368,50810.79,0.232,184,0.1687
17341,Treino_6718,servicos,inbound,368,16193.55,0.817,466,0.5226
10232,Treino_6719,industria,indicacao,368,49006.77,0.971,464,0.9103
15239,Treino_6720,industria,inbound,368,5000.0,0.365,156,0.4843
17237,Treino_6721,varejo,inbound,368,38328.01,0.836,164,0.3346
19743,Treino_6722,varejo,inbound,368,46056.44,0.664,154,0.4882
11056,Treino_6723,tecnologia,inbound,368,29537.87,0.612,423,0.6578
16249,Treino_6724,servicos,outbound,368,31270.78,0.241,180,0.2153
11721,Treino_6725,industria,inbound,368,34325.92,0.478,295,0.5697
19946,Treino_6726,industria,inbound,368,80310.85,0.58,455,0.6751
14963,Treino_6727,varejo,inbound,368,5000.0,0.942,283,0.5958
14411,Treino_6728,servicos,inbound,369,64216.98,0.617,402,0.5994
14244,Treino_6729,saude,inbound,369,47676.13,0.565,427,0.3446
19082,Treino_6730,servicos,outbound,369,37647.41,0.138,387,0.3748
17004,Treino_6731,servicos,inbound,369,10106.26,0.945,207,0.5178
13271,Treino_6732,saude,inbound,369,41376.04,0.752,57,0.1576
18522,Treino_6733,industria,inbound,369,60639.29,0.654,423,0.928
10745,Treino_6734,industria,inbound,369,54222.89,0.535,74,0.3715
14657,Treino_6735,tecnologia,outbound,369,60824.87,0.327,426,0.6517
11832,Treino_6736,industria,outbound,369,67591.19,0.868,64,0.6165
11054,Treino_6737,industria,outbound,369,32997.02,0.836,201,0.7032
18484,Treino_6738,saude,inbound,369,38512.35,0.625,431,0.6221
15441,Treino_6739,servicos,inbound,369,61002.12,0.646,382,0.7501
13208,Treino_6740,varejo,indicacao,369,42322.02,0.78,112,0.3625
11111,Treino_6741,servicos,inbound,369,64705.86,0.565,238,0.7524
12995,Treino_6742,servicos,outbound,369,38702.97,0.361,136,0.4072
18177,Treino_6743,saude,inbound,369,21705.3,0.997,447,0.5154
13174,Treino_6744,industria,inbound,369,43432.8,0.742,143,0.6749
16917,Treino_6745,varejo,outbound,369,77895.28,0.285,353,0.3668
11422,Treino_6746,industria,outbound,370,70526.36,0.889,355,0.8656
13302,Treino_6747,servicos,inbound,370,67634.05,0.351,64,0.0363
14716,Treino_6748,servicos,inbound,370,66947.67,0.003,146,0.4568
16960,Treino_6749,saude,inbound,370,51977.02,0.378,246,0.4648
17925,Treino_6750,varejo,inbound,370,40964.45,0.575,477,0.7437
11123,Treino_6751,tecnologia,outbound,370,74278.46,0.08,179,0.3525
16484,Treino_6752,industria,outbound,370,89313.82,0.405,297,0.466
16499,Treino_6753,tecnologia,inbound,370,31958.93,0.779,479,0.3257
16466,Treino_6754,varejo,indicacao,370,19498.78,0.51,16,0.01
12428,Treino_6755,tecnologia,inbound,370,46790.97,0.5,249,0.4513
17623,Treino_6756,servicos,inbound,370,20883.36,0.914,144,0.3761
19546,Treino_6757,saude,outbound,370,45869.49,0.264,330,0.3415
11877,Treino_6758,tecnologia,indicacao,370,13596.16,0.939,481,0.5321
13148,Treino_6759,varejo,indicacao,370,5076.16,0.201,202,0.0802
11519,Treino_6760,varejo,indicacao,370,26326.6,0.505,258,0.4892
11051,Treino_6761,servicos,inbound,370,36289.08,0.14,189,0.4864
13446,Treino_6762,varejo,inbound,370,32584.54,0.953,459,0.5222
11606,Treino_6763,servicos,inbound,370,27327.65,0.212,157,0.01
13004,Treino_6764,tecnologia,indicacao,371,48147.79,0.082,192,0.4796
14901,Treino_6765,tecnologia,outbound,371,85940.96,0.613,48,0.5252
14841,Treino_6766,servicos,inbound,371,75375.72,0.518,308,0.5802
14399,Treino_6767,saude,outbound,371,42665.72,0.223,487,0.2004
10529,Treino_6768,industria,outbound,371,85532.3,0.411,199,0.3206
10033,Treino_6769,tecnologia,inbound,371,59559.88,0.725,472,0.5979
18853,Treino_6770,industria,outbound,371,65635.16,0.967,186,0.4544
12083,Treino_6771,varejo,inbound,371,33544.9,0.941,420,0.7973
18606,Treino_6772,tecnologia,inbound,371,34103.97,0.897,424,0.655
11361,Treino_6773,servicos,outbound,371,94868.89,0.181,200,0.5966
19096,Treino_6774,industria,inbound,371,14723.99,0.365,309,0.01
13642,Treino_6775,varejo,inbound,371,91049.42,0.127,490,0.4042
18265,Treino_6776,servicos,outbound,371,24856.13,0.25,449,0.3637
18338,Treino_6777,industria,inbound,371,24729.07,0.251,484,0.4516
11336,Treino_6778,varejo,indicacao,371,62951.17,0.09,463,0.01
10287,Treino_6779,varejo,outbound,372,56548.49,0.32,51,0.1333
12157,Treino_6780,tecnologia,indicacao,372,25806.75,0.285,354,0.6427
17624,Treino_6781,tecnologia,inbound,372,5141.26,0.861,184,0.3427
11446,Treino_6782,varejo,inbound,372,64107.74,0.513,369,0.8345
11595,Treino_6783,industria,outbound,372,41898.87,0.308,437,0.4508
15391,Treino_6784,saude,inbound,372,48467.28,0.016,165,0.0876
11024,Treino_6785,saude,inbound,372,74704.37,0.388,115,0.4733
16405,Treino_6786,tecnologia,inbound,372,51703.02,0.5,216,0.6417
15136,Treino_6787,industria,outbound,372,77860.62,0.861,345,0.99
15522,Treino_6788,varejo,inbound,372,68005.53,0.132,121,0.3988
11173,Treino_6789,servicos,outbound,372,80041.3,0.427,433,0.6972
17288,Treino_6790,servicos,outbound,372,36004.09,0.265,206,0.2825
12399,Treino_6791,varejo,indicacao,372,63312.48,0.856,364,0.2536
10824,Treino_6792,varejo,outbound,372,36775.44,0.7,339,0.5184
18812,Treino_6793,servicos,outbound,372,23355.74,0.349,49,0.2534
10753,Treino_6794,tecnologia,inbound,372,30837.64,0.88,147,0.5751
13909,Treino_6795,industria,inbound,372,52405.89,0.658,372,0.593
19901,Treino_6796,varejo,inbound,372,84611.57,0.226,333,0.4011
14322,Treino_6797,varejo,inbound,372,69707.2,0.603,68,0.4175
15996,Treino_6798,saude,outbound,372,47035.62,0.374,134,0.0708
10836,Treino_6799,saude,outbound,372,21523.6,0.39,315,0.231
12631,Treino_6800,saude,inbound,372,45922.35,0.013,304,0.7649
12887,Treino_6801,tecnologia,outbound,372,59322.02,0.899,436,0.5849
12974,Treino_6802,varejo,outbound,372,28292.43,0.257,248,0.4828
12539,Treino_6803,tecnologia,inbound,372,54916.76,0.594,375,0.8605
13849,Treino_6804,tecnologia,inbound,373,40103.0,0.363,249,0.264
15657,Treino_6805,servicos,inbound,373,52607.05,0.523,359,0.1774
11071,Treino_6806,servicos,indicacao,373,38448.14,0.412,213,0.3202
18138,Treino_6807,saude,inbound,373,52349.05,0.126,148,0.0929
11163,Treino_6808,saude,inbound,373,29955.57,0.045,439,0.4182
17139,Treino_6809,tecnologia,inbound,373,62442.52,0.53,460,0.7901
13146,Treino_6810,tecnologia,outbound,373,58631.01,0.7,162,0.1897
18141,Treino_6811,servicos,inbound,373,21796.25,0.11,457,0.5688
17372,Treino_6812,varejo,outbound,373,31126.55,0.658,149,0.2083
14264,Treino_6813,varejo,outbound,373,54311.66,0.843,281,0.6164
16656,Treino_6814,saude,outbound,373,73609.5,0.056,213,0.5158
13171,Treino_6815,tecnologia,outbound,373,68941.13,0.377,38,0.2001
19243,Treino_6816,varejo,inbound,373,41042.65,0.209,424,0.1615
12943,Treino_6817,varejo,inbound,373,47197.93,0.387,404,0.6525
18082,Treino_6818,saude,inbound,373,41750.72,0.081,113,0.3304
16810,Treino_6819,saude,inbound,373,37431.62,0.945,490,0.8375
12219,Treino_6820,servicos,inbound,373,33201.05,0.726,85,0.3787
12372,Treino_6821,industria,inbound,374,57195.32,0.849,361,0.7544
13089,Treino_6822,saude,inbound,374,38011.87,0.663,442,0.675
12954,Treino_6823,tecnologia,indicacao,374,25117.37,0.74,285,0.6812
13034,Treino_6824,saude,inbound,374,47404.81,0.499,239,0.1621
16431,Treino_6825,industria,indicacao,374,57536.12,0.92,134,0.6631
18751,Treino_6826,varejo,outbound,374,61143.21,0.644,450,0.5862
19169,Treino_6827,saude,indicacao,374,55607.87,0.395,52,0.3781
13696,Treino_6828,tecnologia,inbound,374,16774.59,0.022,434,0.3493
11356,Treino_6829,varejo,inbound,374,63519.26,0.762,312,0.4902
13547,Treino_6830,saude,outbound,374,84570.12,0.782,79,0.5052
10186,Treino_6831,industria,indicacao,374,51871.61,0.011,483,0.114
11426,Treino_6832,varejo,inbound,374,52238.3,0.965,146,0.5487
15193,Treino_6833,varejo,indicacao,374,8335.11,0.173,286,0.3856
16807,Treino_6834,saude,inbound,374,57086.4,0.488,452,0.5591
11581,Treino_6835,varejo,outbound,374,79153.6,0.273,414,0.4748
13310,Treino_6836,industria,inbound,374,81607.27,0.294,23,0.0975
11110,Treino_6837,servicos,outbound,375,59355.18,0.147,262,0.5493
14962,Treino_6838,saude,inbound,375,87790.95,0.789,436,0.99
15042,Treino_6839,tecnologia,inbound,375,58150.59,0.373,255,0.5643
12898,Treino_6840,varejo,outbound,375,78397.28,0.278,237,0.1475
16936,Treino_6841,varejo,indicacao,375,38246.98,0.445,170,0.5321
19020,Treino_6842,industria,inbound,375,84123.25,0.193,212,0.0265
10349,Treino_6843,saude,inbound,375,12891.32,0.232,129,0.01
13867,Treino_6844,industria,outbound,375,75196.79,0.352,446,0.6416
16897,Treino_6845,tecnologia,inbound,375,43885.05,0.847,246,0.5705
10877,Treino_6846,varejo,inbound,375,61393.04,0.236,125,0.4742
12243,Treino_6847,varejo,inbound,375,65224.66,0.597,304,0.6429
16436,Treino_6848,servicos,inbound,375,57715.96,0.606,87,0.5199
17802,Treino_6849,industria,outbound,375,56693.93,0.397,388,0.348
17652,Treino_6850,industria,outbound,375,38417.3,0.58,126,0.6375
19167,Treino_6851,varejo,inbound,375,61130.14,0.421,99,0.4086
12212,Treino_6852,tecnologia,inbound,375,50033.81,0.133,481,0.0781
10895,Treino_6853,industria,inbound,375,54756.16,0.648,60,0.8588
16695,Treino_6854,varejo,outbound,376,35452.49,0.162,449,0.3798
19992,Treino_6855,tecnologia,indicacao,376,30132.83,0.854,248,0.3613
10749,Treino_6856,tecnologia,outbound,376,54343.15,0.354,362,0.01
16891,Treino_6857,saude,outbound,376,13562.74,0.816,59,0.3235
16343,Treino_6858,industria,outbound,376,87127.78,0.057,207,0.411
10500,Treino_6859,servicos,inbound,376,30439.77,0.221,128,0.01
18748,Treino_6860,tecnologia,inbound,376,60672.03,0.717,41,0.3857
10308,Treino_6861,saude,inbound,376,50501.61,0.141,268,0.2386
14899,Treino_6862,saude,indicacao,376,54642.06,0.18,121,0.601
12702,Treino_6863,varejo,inbound,376,20914.8,0.635,333,0.1553
12149,Treino_6864,varejo,inbound,376,37662.32,0.838,159,0.4909
11025,Treino_6865,varejo,inbound,376,29229.08,0.65,330,0.4944
11535,Treino_6866,saude,inbound,376,50306.5,0.515,460,0.6015
19117,Treino_6867,servicos,outbound,376,48619.9,0.973,360,0.763
11254,Treino_6868,varejo,inbound,376,33977.45,0.655,348,0.3318
13009,Treino_6869,varejo,outbound,376,62701.05,0.364,417,0.5608
11563,Treino_6870,saude,indicacao,376,38802.71,0.587,30,0.5198
10972,Treino_6871,saude,outbound,376,47215.6,0.372,178,0.01
16715,Treino_6872,varejo,inbound,376,67053.05,0.297,354,0.4021
15076,Treino_6873,servicos,inbound,376,64960.55,0.634,90,0.3759
19805,Treino_6874,varejo,indicacao,376,50686.43,0.3,193,0.3309
16126,Treino_6875,saude,inbound,377,43064.74,0.917,23,0.1903
14553,Treino_6876,varejo,inbound,377,41756.32,0.246,87,0.2304
18438,Treino_6877,servicos,inbound,377,58001.93,0.621,263,0.655
18375,Treino_6878,servicos,inbound,377,15650.57,0.185,134,0.5095
18135,Treino_6879,varejo,inbound,377,48340.89,0.152,261,0.1873
15835,Treino_6880,servicos,outbound,377,58096.18,0.35,304,0.3157
18742,Treino_6881,tecnologia,inbound,377,26865.46,0.68,225,0.2671
15135,Treino_6882,saude,inbound,377,71485.63,0.503,132,0.6847
14485,Treino_6883,servicos,outbound,377,26456.98,0.203,147,0.2864
18206,Treino_6884,varejo,indicacao,377,58051.84,0.378,400,0.4401
16538,Treino_6885,saude,inbound,377,47618.48,0.336,374,0.2859
14467,Treino_6886,tecnologia,inbound,377,47586.09,0.183,279,0.1932
14789,Treino_6887,servicos,outbound,377,55923.62,0.157,269,0.248
19817,Treino_6888,servicos,inbound,377,40091.5,0.763,424,0.6553
11271,Treino_6889,saude,indicacao,377,61694.24,0.867,327,0.5823
12058,Treino_6890,servicos,outbound,377,62171.84,0.151,179,0.2178
13019,Treino_6891,servicos,inbound,377,66607.24,0.995,471,0.6244
10439,Treino_6892,industria,outbound,377,86265.02,0.125,40,0.3906
14093,Treino_6893,saude,inbound,377,63491.85,0.327,467,0.4355
15400,Treino_6894,tecnologia,inbound,377,46388.64,0.24,383,0.2518
19606,Treino_6895,industria,indicacao,377,27617.36,0.022,211,0.412
11934,Treino_6896,servicos,indicacao,377,53878.72,0.977,132,0.4758
13184,Treino_6897,varejo,inbound,377,76117.37,0.919,160,0.4689
11851,Treino_6898,varejo,inbound,378,31655.33,0.092,158,0.01
11062,Treino_6899,varejo,indicacao,378,40725.45,0.991,440,0.9391
15693,Treino_6900,tecnologia,outbound,378,22734.0,0.52,407,0.6858
16124,Treino_6901,varejo,indicacao,378,39477.2,0.301,248,0.1683
10277,Treino_6902,industria,inbound,378,66119.3,0.933,178,0.2649
18717,Treino_6903,saude,outbound,378,25923.18,0.96,59,0.235
17106,Treino_6904,tecnologia,outbound,378,43521.94,0.384,201,0.1165
18395,Treino_6905,tecnologia,outbound,378,40804.47,0.817,108,0.3875
19086,Treino_6906,varejo,inbound,378,44087.64,0.043,167,0.1125
12734,Treino_6907,saude,inbound,378,39851.87,0.332,430,0.3206
15177,Treino_6908,saude,outbound,378,51462.08,0.23,89,0.01
18769,Treino_6909,servicos,inbound,378,5000.0,0.758,321,0.2139
17361,Treino_6910,tecnologia,outbound,378,23173.33,0.801,344,0.601
19362,Treino_6911,tecnologia,indicacao,378,48741.42,0.762,82,0.3021
17904,Treino_6912,servicos,inbound,378,55077.5,0.466,100,0.6499
15417,Treino_6913,saude,indicacao,379,65099.77,0.938,140,0.6562
10891,Treino_6914,tecnologia,outbound,379,62261.58,0.831,397,0.7564
10145,Treino_6915,servicos,inbound,379,12775.38,0.574,178,0.3773
16587,Treino_6916,varejo,inbound,379,51272.36,0.946,255,0.6901
12844,Treino_6917,saude,inbound,379,40850.72,0.398,472,0.2857
18067,Treino_6918,servicos,inbound,379,67998.57,0.389,201,0.3867
14705,Treino_6919,tecnologia,inbound,379,68794.5,0.021,344,0.4453
10267,Treino_6920,servicos,inbound,379,5000.0,0.54,230,0.4097
13035,Treino_6921,tecnologia,inbound,379,5000.0,0.271,222,0.114
15945,Treino_6922,servicos,outbound,379,54958.37,0.738,289,0.5961
17317,Treino_6923,servicos,inbound,379,82567.38,0.012,368,0.4691
16637,Treino_6924,industria,outbound,379,36164.26,0.615,356,0.7236
19290,Treino_6925,tecnologia,inbound,379,92395.53,0.101,27,0.6124
19207,Treino_6926,varejo,indicacao,379,45877.02,0.924,263,0.7203
10957,Treino_6927,servicos,indicacao,380,8581.99,0.805,395,0.3904
11775,Treino_6928,varejo,inbound,380,37717.32,0.317,265,0.5598
12100,Treino_6929,saude,inbound,380,49591.63,0.17,397,0.3958
15871,Treino_6930,varejo,indicacao,380,16883.34,0.921,456,0.9104
17414,Treino_6931,industria,inbound,380,79796.74,0.625,197,0.8029
10672,Treino_6932,industria,inbound,380,105803.19,0.616,84,0.5684
13017,Treino_6933,varejo,inbound,380,83397.03,0.043,482,0.6834
16356,Treino_6934,saude,inbound,380,78150.76,0.038,192,0.3728
17328,Treino_6935,saude,outbound,380,50201.81,0.06,319,0.0136
11808,Treino_6936,servicos,inbound,380,39038.22,0.914,414,0.6941
11177,Treino_6937,varejo,inbound,380,53584.61,0.466,168,0.7234
12486,Treino_6938,tecnologia,inbound,380,60396.28,0.277,346,0.2802
17322,Treino_6939,servicos,inbound,380,54272.86,0.476,171,0.2066
19114,Treino_6940,tecnologia,inbound,380,26945.7,0.704,335,0.2528
11198,Treino_6941,saude,outbound,380,64353.52,0.573,354,0.99
17739,Treino_6942,servicos,outbound,381,72642.48,0.945,384,0.6933
10916,Treino_6943,servicos,outbound,381,40902.82,0.458,476,0.8525
10912,Treino_6944,tecnologia,inbound,381,54061.13,0.362,289,0.5933
11208,Treino_6945,saude,outbound,381,19181.64,0.713,446,0.2709
17186,Treino_6946,saude,indicacao,381,30493.5,0.963,217,0.0258
15465,Treino_6947,industria,inbound,381,58301.0,0.18,187,0.1536
14676,Treino_6948,tecnologia,inbound,381,21749.93,0.612,68,0.1806
17052,Treino_6949,saude,inbound,381,33781.13,0.641,492,0.3736
14499,Treino_6950,saude,outbound,381,34751.18,0.583,448,0.7363
14635,Treino_6951,saude,outbound,381,45052.03,0.175,70,0.1403
17951,Treino_6952,varejo,inbound,381,33684.2,0.292,112,0.3697
13169,Treino_6953,saude,indicacao,381,61408.79,0.674,415,0.7268
17382,Treino_6954,industria,outbound,381,49817.06,0.82,351,0.8837
14797,Treino_6955,industria,inbound,381,21739.08,0.79,56,0.2358
19678,Treino_6956,industria,outbound,381,68332.85,0.346,459,0.5219
14714,Treino_6957,industria,outbound,381,67387.51,0.959,178,0.8313
17798,Treino_6958,saude,inbound,381,61083.37,0.792,431,0.745
18749,Treino_6959,saude,inbound,381,39311.93,0.223,103,0.3161
16173,Treino_6960,tecnologia,inbound,381,55612.65,0.708,69,0.5153
16283,Treino_6961,varejo,inbound,381,59408.52,0.487,335,0.5115
14029,Treino_6962,servicos,outbound,381,57159.12,0.552,254,0.2038
11872,Treino_6963,industria,inbound,381,57535.96,0.367,250,0.4353
19221,Treino_6964,industria,inbound,381,42774.94,0.707,445,0.6146
10687,Treino_6965,industria,indicacao,381,54019.25,0.653,261,0.2979
19194,Treino_6966,tecnologia,outbound,381,26462.05,0.212,433,0.6042
12162,Treino_6967,tecnologia,outbound,381,37098.48,0.612,209,0.3517
11298,Treino_6968,servicos,indicacao,382,52084.54,0.174,320,0.01
19498,Treino_6969,servicos,outbound,382,36297.52,0.147,237,0.6335
18902,Treino_6970,varejo,outbound,382,39578.77,0.397,428,0.4211
13331,Treino_6971,tecnologia,indicacao,382,63056.67,0.35,21,0.3507
14958,Treino_6972,varejo,outbound,382,51257.42,0.808,392,0.5774
11789,Treino_6973,industria,outbound,382,59837.23,0.208,204,0.2564
15231,Treino_6974,industria,inbound,382,84878.21,0.076,252,0.3884
14440,Treino_6975,servicos,indicacao,382,45388.04,0.498,349,0.4216
11855,Treino_6976,servicos,indicacao,382,68382.15,0.662,437,0.4517
14324,Treino_6977,varejo,outbound,382,66666.42,0.489,17,0.6256
18586,Treino_6978,tecnologia,outbound,382,41584.8,0.116,87,0.1212
18091,Treino_6979,industria,outbound,382,45149.1,0.331,354,0.5437
13179,Treino_6980,servicos,inbound,382,105187.45,0.07,203,0.3276
17900,Treino_6981,tecnologia,inbound,382,48998.8,0.959,202,0.6414
16744,Treino_6982,servicos,indicacao,382,51852.65,0.166,481,0.6295
14661,Treino_6983,varejo,inbound,382,36663.24,0.275,58,0.1103
14935,Treino_6984,industria,outbound,382,69910.13,0.791,20,0.9882
18005,Treino_6985,varejo,indicacao,383,59807.0,0.266,53,0.2737
15238,Treino_6986,tecnologia,outbound,383,56887.42,0.428,153,0.6562
15122,Treino_6987,varejo,inbound,383,29773.51,0.042,435,0.0306
19089,Treino_6988,servicos,outbound,383,46203.35,0.591,434,0.6596
12024,Treino_6989,saude,inbound,383,56928.07,0.412,448,0.9491
11417,Treino_6990,saude,indicacao,383,44775.43,0.729,27,0.5489
14881,Treino_6991,varejo,inbound,383,80011.07,0.387,87,0.2407
12242,Treino_6992,saude,inbound,383,26047.19,0.291,413,0.4356
12150,Treino_6993,saude,inbound,383,53968.16,0.318,162,0.5268
17184,Treino_6994,industria,inbound,383,53188.71,0.66,330,0.6415
16445,Treino_6995,industria,indicacao,383,66879.45,0.127,286,0.6709
19421,Treino_6996,tecnologia,indicacao,383,85077.93,0.585,346,0.6761
17338,Treino_6997,tecnologia,indicacao,383,38086.38,0.435,160,0.1491
17151,Treino_6998,servicos,outbound,383,66676.06,0.379,111,0.5801
11912,Treino_6999,tecnologia,inbound,383,30567.14,0.112,98,0.1271
19644,Treino_7000,industria,inbound,383,50334.57,0.791,433,0.5203
17552,Treino_7001,servicos,inbound,383,48800.64,0.808,483,0.8927
16118,Treino_7002,varejo,outbound,383,70728.47,0.129,342,0.4021
16358,Treino_7003,tecnologia,outbound,383,66627.78,0.582,435,0.5325
18349,Treino_7004,servicos,outbound,383,5000.0,0.287,54,0.0198
19866,Treino_7005,varejo,outbound,383,36584.55,0.828,378,0.5267
19870,Treino_7006,saude,inbound,383,15430.82,0.475,306,0.4651
15800,Treino_7007,saude,outbound,384,53808.36,0.196,271,0.2812
12192,Treino_7008,tecnologia,outbound,384,54474.36,0.06,274,0.3261
12016,Treino_7009,servicos,inbound,384,67119.17,0.734,348,0.7365
14822,Treino_7010,saude,inbound,384,22418.21,0.694,451,0.6617
18787,Treino_7011,industria,outbound,384,78531.3,0.645,320,0.4368
16380,Treino_7012,tecnologia,inbound,384,92641.65,0.369,440,0.7232
11908,Treino_7013,servicos,outbound,384,98559.38,0.996,419,0.975
12743,Treino_7014,industria,indicacao,384,82960.86,0.877,426,0.5381
18024,Treino_7015,servicos,outbound,384,55245.31,0.051,182,0.0276
11883,Treino_7016,saude,indicacao,384,55193.26,0.033,286,0.3235
15220,Treino_7017,industria,inbound,384,44188.53,0.789,240,0.4231
15903,Treino_7018,servicos,indicacao,384,51253.58,0.201,368,0.4051
12525,Treino_7019,tecnologia,inbound,384,15722.65,0.694,122,0.3735
18676,Treino_7020,industria,inbound,384,34513.2,0.221,13,0.0225
16259,Treino_7021,tecnologia,inbound,384,58345.45,0.7,131,0.8423
19450,Treino_7022,varejo,inbound,384,27165.28,0.429,196,0.2846
13417,Treino_7023,servicos,outbound,384,54631.08,0.206,459,0.3681
16558,Treino_7024,varejo,outbound,385,66946.37,0.089,488,0.6243
13357,Treino_7025,tecnologia,inbound,385,68845.66,0.72,265,0.4683
13269,Treino_7026,varejo,inbound,385,50137.77,0.307,237,0.5103
13418,Treino_7027,tecnologia,inbound,385,37399.85,0.682,53,0.5061
12705,Treino_7028,saude,inbound,385,34364.55,0.441,115,0.3378
18213,Treino_7029,saude,inbound,385,21933.04,0.949,81,0.4848
14613,Treino_7030,servicos,outbound,385,7097.94,0.78,159,0.322
10862,Treino_7031,varejo,outbound,385,55552.63,0.898,170,0.6069
17971,Treino_7032,tecnologia,indicacao,385,25189.8,0.954,177,0.4645
14179,Treino_7033,industria,outbound,385,29136.64,0.218,434,0.2546
11528,Treino_7034,tecnologia,inbound,385,56624.96,0.192,127,0.4759
13074,Treino_7035,varejo,outbound,385,40975.22,0.321,442,0.6166
11299,Treino_7036,servicos,outbound,385,51625.33,0.197,45,0.0642
10492,Treino_7037,servicos,outbound,385,24971.66,0.687,242,0.2791
19493,Treino_7038,servicos,inbound,385,80516.07,0.248,307,0.6424
18215,Treino_7039,varejo,outbound,386,43507.46,0.106,268,0.3193
11567,Treino_7040,saude,outbound,386,18096.91,0.51,260,0.221
12253,Treino_7041,tecnologia,outbound,386,39776.2,0.725,375,0.5616
15978,Treino_7042,varejo,outbound,386,35112.33,0.199,330,0.3368
19242,Treino_7043,tecnologia,outbound,386,5000.0,0.716,111,0.1118
10857,Treino_7044,varejo,indicacao,386,55068.88,0.219,371,0.6828
15526,Treino_7045,industria,outbound,386,38995.45,0.776,431,0.6866
14321,Treino_7046,saude,inbound,386,40321.88,0.086,243,0.2935
18948,Treino_7047,saude,inbound,386,55603.46,0.674,208,0.2443
13737,Treino_7048,servicos,inbound,386,61926.64,0.307,245,0.281
14048,Treino_7049,industria,outbound,386,45976.46,0.656,351,0.4615
16720,Treino_7050,industria,outbound,386,48456.03,0.657,164,0.409
18000,Treino_7051,servicos,outbound,386,66191.23,0.273,80,0.3531
10656,Treino_7052,tecnologia,outbound,386,64789.25,0.275,276,0.6286
10418,Treino_7053,varejo,indicacao,386,105285.19,0.353,472,0.7936
17214,Treino_7054,servicos,inbound,386,44457.52,0.896,426,0.7991
16133,Treino_7055,servicos,inbound,386,65351.18,0.488,84,0.4806
12295,Treino_7056,servicos,inbound,386,12477.78,0.05,173,0.2266
14261,Treino_7057,varejo,inbound,386,70116.52,0.82,60,0.3665
19659,Treino_7058,servicos,inbound,387,71796.85,0.694,285,0.7732
13968,Treino_7059,servicos,outbound,387,54995.25,0.043,211,0.5147
15325,Treino_7060,industria,inbound,387,62469.99,0.704,192,0.6769
12393,Treino_7061,servicos,inbound,387,24165.8,0.585,491,0.4587
10965,Treino_7062,industria,indicacao,387,43476.93,0.308,101,0.2585
19040,Treino_7063,varejo,outbound,387,72271.35,0.218,150,0.7236
12656,Treino_7064,saude,inbound,387,61987.57,0.795,48,0.656
16649,Treino_7065,servicos,outbound,387,40825.91,0.556,154,0.3069
16218,Treino_7066,tecnologia,inbound,387,36603.84,0.488,369,0.4998
13346,Treino_7067,varejo,inbound,387,89280.77,0.953,245,0.8263
11151,Treino_7068,tecnologia,indicacao,387,57097.12,0.655,49,0.6923
17329,Treino_7069,saude,outbound,387,5000.0,0.731,269,0.0407
12989,Treino_7070,varejo,inbound,387,39557.4,0.255,376,0.2049
13858,Treino_7071,saude,outbound,387,5000.0,0.43,340,0.3418
19779,Treino_7072,servicos,outbound,387,52861.63,0.554,162,0.5853
17060,Treino_7073,varejo,outbound,387,41397.09,0.353,40,0.2274
19920,Treino_7074,servicos,inbound,387,20723.06,0.413,332,0.1083
12348,Treino_7075,saude,indicacao,387,41143.68,0.948,497,0.7303
14299,Treino_7076,servicos,inbound,387,34554.44,0.473,461,0.4753
14534,Treino_7077,servicos,indicacao,388,60802.53,0.923,465,0.9531
19286,Treino_7078,tecnologia,outbound,388,28308.75,0.731,290,0.4026
10043,Treino_7079,saude,inbound,388,68886.55,0.509,75,0.1141
10215,Treino_7080,varejo,inbound,388,5000.0,0.066,341,0.3782
18318,Treino_7081,saude,indicacao,388,70423.95,0.134,144,0.3727
17580,Treino_7082,servicos,outbound,388,34088.71,0.051,451,0.1674
17902,Treino_7083,industria,outbound,388,53657.12,0.911,130,0.5836
17810,Treino_7084,tecnologia,inbound,388,39077.21,0.978,229,0.5578
10070,Treino_7085,varejo,inbound,388,84966.09,0.253,262,0.7216
18400,Treino_7086,varejo,indicacao,388,76007.98,0.173,484,0.5468
13443,Treino_7087,saude,outbound,388,60657.27,0.226,18,0.2011
12818,Treino_7088,tecnologia,outbound,388,22154.31,0.409,203,0.3684
11746,Treino_7089,servicos,outbound,388,69872.31,0.45,149,0.787
15451,Treino_7090,industria,inbound,388,37683.39,0.223,52,0.2994
10565,Treino_7091,servicos,outbound,389,30255.77,0.55,268,0.4726
13659,Treino_7092,varejo,inbound,389,54650.39,0.186,68,0.2761
17381,Treino_7093,tecnologia,inbound,389,87499.7,0.667,252,0.263
18988,Treino_7094,industria,inbound,389,55975.7,0.917,234,0.5948
15605,Treino_7095,varejo,outbound,389,45820.69,0.978,312,0.5595
18837,Treino_7096,servicos,outbound,389,62825.74,0.535,90,0.2832
11857,Treino_7097,varejo,outbound,389,22577.38,0.779,111,0.5805
17617,Treino_7098,tecnologia,outbound,389,76229.04,0.623,58,0.5127
13225,Treino_7099,servicos,indicacao,389,82250.46,0.393,366,0.3954
12682,Treino_7100,industria,indicacao,389,38388.88,0.549,172,0.2521
16128,Treino_7101,servicos,inbound,389,43042.02,0.64,178,0.1968
18406,Treino_7102,industria,outbound,389,42577.62,0.724,364,0.4137
14731,Treino_7103,tecnologia,outbound,389,41759.65,0.331,196,0.6745
11413,Treino_7104,servicos,inbound,389,60286.43,0.01,88,0.1143
18845,Treino_7105,tecnologia,outbound,389,59740.57,0.101,253,0.4876
13036,Treino_7106,industria,indicacao,389,27888.53,0.168,79,0.2638
10823,Treino_7107,industria,indicacao,389,60093.58,0.572,390,0.6061
12026,Treino_7108,saude,inbound,389,49678.53,0.434,43,0.3305
10586,Treino_7109,servicos,indicacao,389,16453.61,0.444,76,0.2019
16076,Treino_7110,varejo,inbound,389,58806.48,0.06,255,0.585
17165,Treino_7111,varejo,inbound,389,50622.36,0.397,203,0.4945
12373,Treino_7112,tecnologia,indicacao,389,55172.85,0.173,438,0.743
16699,Treino_7113,saude,inbound,389,42918.29,0.247,142,0.3517
19352,Treino_7114,saude,indicacao,389,87806.98,0.432,125,0.6767
14249,Treino_7115,tecnologia,inbound,390,18607.9,0.429,252,0.5277
12160,Treino_7116,tecnologia,outbound,390,38912.21,0.803,443,0.5787
19801,Treino_7117,servicos,outbound,390,70917.56,0.885,302,0.5419
11845,Treino_7118,varejo,inbound,390,51813.98,0.669,163,0.7725
15035,Treino_7119,tecnologia,inbound,390,48961.76,0.519,195,0.4832
17486,Treino_7120,tecnologia,inbound,390,75535.79,0.165,348,0.5026
18309,Treino_7121,varejo,inbound,390,36006.94,0.364,233,0.2863
18422,Treino_7122,saude,inbound,390,65709.33,0.442,204,0.3964
12163,Treino_7123,servicos,inbound,390,26844.75,0.461,223,0.5075
15372,Treino_7124,industria,inbound,390,23652.83,0.654,125,0.2641
14260,Treino_7125,servicos,inbound,390,25225.56,0.164,66,0.1553
15991,Treino_7126,tecnologia,inbound,390,28125.05,0.447,81,0.3306
11135,Treino_7127,servicos,indicacao,390,47451.6,0.887,5,0.6385
18655,Treino_7128,saude,inbound,390,55023.89,0.225,37,0.6773
13819,Treino_7129,tecnologia,inbound,390,72503.38,0.589,361,0.3844
14518,Treino_7130,servicos,outbound,390,20465.15,0.959,254,0.6469
16396,Treino_7131,servicos,inbound,390,22015.93,0.132,426,0.0894
11156,Treino_7132,servicos,inbound,390,72467.44,0.059,448,0.5531
11057,Treino_7133,servicos,inbound,390,47793.61,0.691,20,0.4861
19246,Treino_7134,varejo,inbound,390,58106.12,0.669,335,0.8552
17669,Treino_7135,industria,inbound,390,48119.58,0.635,61,0.1645
13906,Treino_7136,saude,indicacao,391,35625.9,0.34,377,0.3009
14890,Treino_7137,saude,inbound,391,42161.68,0.558,183,0.629
18397,Treino_7138,varejo,indicacao,391,52481.75,0.986,410,0.6667
10775,Treino_7139,tecnologia,outbound,391,68123.8,0.651,459,0.6664
13798,Treino_7140,industria,inbound,391,62153.85,0.316,44,0.302
19329,Treino_7141,tecnologia,inbound,391,60447.23,0.118,371,0.347
17516,Treino_7142,saude,inbound,391,85786.79,0.239,466,0.7031
11547,Treino_7143,tecnologia,inbound,391,43957.39,0.847,60,0.5426
10827,Treino_7144,varejo,outbound,391,33040.95,0.047,69,0.145
10377,Treino_7145,industria,indicacao,391,36330.22,0.443,352,0.259
14286,Treino_7146,tecnologia,outbound,391,67917.27,0.07,466,0.2385
19118,Treino_7147,varejo,inbound,391,63199.79,0.798,51,0.8887
18043,Treino_7148,saude,indicacao,391,31217.18,0.733,400,0.4834
15658,Treino_7149,industria,indicacao,391,21848.75,0.026,22,0.159
12234,Treino_7150,servicos,outbound,391,58272.54,0.998,78,0.4707
11104,Treino_7151,servicos,outbound,391,54929.86,0.408,398,0.3288
19590,Treino_7152,varejo,outbound,391,16642.97,0.402,326,0.3555
18333,Treino_7153,servicos,indicacao,391,72409.79,0.415,28,0.3842
16438,Treino_7154,varejo,indicacao,391,62545.16,0.988,176,0.345
14560,Treino_7155,saude,inbound,391,63198.23,0.336,386,0.559
13422,Treino_7156,saude,inbound,391,65025.91,0.993,200,0.8222
14827,Treino_7157,saude,outbound,391,10587.5,0.483,133,0.206
17607,Treino_7158,varejo,inbound,391,79581.49,0.631,222,0.6757
14640,Treino_7159,saude,outbound,392,66371.94,0.606,30,0.4654
10208,Treino_7160,varejo,inbound,392,50288.52,0.456,274,0.1489
12430,Treino_7161,saude,inbound,392,63093.93,0.238,132,0.3101
11105,Treino_7162,servicos,inbound,392,33774.54,0.689,57,0.6903
15377,Treino_7163,servicos,outbound,392,62284.78,0.414,398,0.8146
17189,Treino_7164,varejo,outbound,392,40301.51,0.267,443,0.5286
18534,Treino_7165,industria,inbound,392,39138.31,0.276,377,0.2319
13485,Treino_7166,industria,outbound,392,62137.98,0.676,177,0.5769
18581,Treino_7167,industria,inbound,392,54468.46,0.378,456,0.3335
17051,Treino_7168,tecnologia,inbound,392,78781.67,0.332,153,0.5927
18119,Treino_7169,tecnologia,inbound,392,52940.21,0.194,486,0.7379
12099,Treino_7170,tecnologia,outbound,392,44340.07,0.766,237,0.8866
18710,Treino_7171,tecnologia,inbound,392,42906.18,0.781,250,0.8445
12255,Treino_7172,saude,inbound,392,27825.53,0.975,261,0.5429
11548,Treino_7173,servicos,inbound,392,17996.26,0.227,182,0.1997
14649,Treino_7174,varejo,outbound,392,63913.41,0.799,96,0.6453
14579,Treino_7175,servicos,outbound,392,59670.86,0.658,386,0.3689
19274,Treino_7176,varejo,outbound,392,57845.32,0.69,255,0.6436
14686,Treino_7177,saude,inbound,393,67431.0,0.883,296,0.7552
19091,Treino_7178,varejo,indicacao,393,27257.7,0.866,132,0.5434
10037,Treino_7179,saude,inbound,393,46495.98,0.408,435,0.5567
16334,Treino_7180,tecnologia,inbound,393,48822.64,0.94,433,0.8219
13461,Treino_7181,saude,inbound,393,62510.19,0.902,227,0.5347
18765,Treino_7182,tecnologia,inbound,393,69641.41,0.271,453,0.8316
12764,Treino_7183,industria,outbound,393,5000.0,0.28,106,0.0962
10508,Treino_7184,industria,outbound,393,66313.75,0.054,38,0.2706
19140,Treino_7185,saude,outbound,393,59831.53,0.94,177,0.5623
16251,Treino_7186,tecnologia,inbound,393,32416.64,0.648,100,0.1432
19604,Treino_7187,industria,inbound,393,54693.08,0.79,150,0.4354
18794,Treino_7188,servicos,outbound,393,66944.92,0.685,264,0.5654
15232,Treino_7189,saude,indicacao,393,16807.31,0.545,117,0.3466
18509,Treino_7190,saude,outbound,393,80927.36,0.824,210,0.579
17089,Treino_7191,varejo,outbound,393,29517.7,0.754,23,0.3259
14853,Treino_7192,saude,indicacao,393,29807.09,0.361,353,0.6187
17412,Treino_7193,servicos,outbound,393,64655.51,0.789,310,0.8326
11130,Treino_7194,varejo,inbound,393,48932.97,0.101,215,0.5034
16418,Treino_7195,servicos,outbound,393,10421.22,0.956,139,0.3919
11470,Treino_7196,saude,inbound,393,76897.31,0.33,215,0.6607
18114,Treino_7197,servicos,outbound,393,66897.53,0.842,157,0.5069
17377,Treino_7198,industria,outbound,393,40318.84,0.067,262,0.122
14388,Treino_7199,tecnologia,outbound,393,14179.44,0.878,99,0.2995
18365,Treino_7200,saude,inbound,393,37068.77,0.554,21,0.395
19158,Treino_7201,varejo,outbound,393,53271.87,0.594,363,0.284
16505,Treino_7202,saude,inbound,394,57274.6,0.464,147,0.6088
19517,Treino_7203,tecnologia,outbound,394,5000.0,0.096,350,0.1523
14581,Treino_7204,varejo,inbound,394,22993.82,0.04,283,0.3067
14839,Treino_7205,saude,outbound,394,53141.23,0.21,173,0.4081
18914,Treino_7206,industria,inbound,394,61253.51,0.466,311,0.4831
18750,Treino_7207,servicos,outbound,394,61783.57,0.781,218,0.3649
16890,Treino_7208,tecnologia,indicacao,394,79256.52,0.893,99,0.5784
11747,Treino_7209,servicos,outbound,394,67908.03,0.825,184,0.6969
10705,Treino_7210,industria,inbound,394,60973.72,0.721,136,0.2897
18950,Treino_7211,industria,indicacao,394,88905.6,0.409,490,0.3109
11696,Treino_7212,tecnologia,outbound,394,60026.74,0.206,355,0.2425
17656,Treino_7213,varejo,outbound,394,69298.7,0.073,291,0.1493
13543,Treino_7214,saude,outbound,394,36564.07,0.451,66,0.2689
19650,Treino_7215,industria,indicacao,394,48571.99,0.324,287,0.3567
12261,Treino_7216,varejo,outbound,395,39531.4,0.984,354,0.8714
10540,Treino_7217,industria,indicacao,395,61942.71,0.011,75,0.0255
15493,Treino_7218,tecnologia,outbound,395,39722.24,0.83,472,0.6134
14535,Treino_7219,industria,inbound,395,68153.05,0.077,493,0.5777
14265,Treino_7220,industria,inbound,395,79741.2,0.589,489,0.7431
10640,Treino_7221,tecnologia,outbound,395,49525.06,0.003,417,0.01
15645,Treino_7222,varejo,inbound,395,42217.64,0.139,376,0.3414
15179,Treino_7223,industria,inbound,395,55488.73,0.395,364,0.6252
19587,Treino_7224,industria,outbound,395,52571.68,0.926,292,0.99
18541,Treino_7225,tecnologia,outbound,395,42334.35,0.585,115,0.2302
13674,Treino_7226,tecnologia,inbound,395,35635.67,0.838,313,0.4049
12000,Treino_7227,tecnologia,outbound,395,33609.26,0.408,116,0.2795
16610,Treino_7228,varejo,inbound,395,15147.3,0.904,359,0.815
15028,Treino_7229,servicos,inbound,395,48000.32,0.73,272,0.416
18337,Treino_7230,varejo,outbound,395,63269.61,0.408,160,0.1181
19496,Treino_7231,servicos,inbound,395,52111.6,0.869,79,0.444
10793,Treino_7232,tecnologia,inbound,395,42655.14,0.421,476,0.6958
11963,Treino_7233,varejo,outbound,396,83391.39,0.694,132,0.5443
15875,Treino_7234,saude,outbound,396,53465.44,0.4,472,0.6502
12354,Treino_7235,industria,inbound,396,41036.77,0.409,425,0.5974
11366,Treino_7236,servicos,inbound,396,10470.09,0.207,421,0.3333
14398,Treino_7237,servicos,outbound,396,52745.45,0.089,301,0.2119
15432,Treino_7238,servicos,outbound,396,83997.26,0.656,249,0.7196
16630,Treino_7239,tecnologia,inbound,396,40621.77,0.311,359,0.1372
10007,Treino_7240,industria,outbound,396,51157.71,0.135,251,0.2132
18944,Treino_7241,saude,inbound,396,43017.86,0.141,212,0.3634
14552,Treino_7242,industria,indicacao,396,25435.95,0.005,382,0.3096
19276,Treino_7243,servicos,outbound,396,5000.0,0.093,198,0.01
12967,Treino_7244,saude,inbound,396,72123.92,0.578,448,0.8532
15242,Treino_7245,industria,inbound,396,60466.46,0.528,43,0.3102
18343,Treino_7246,industria,inbound,396,54336.32,0.922,263,0.5583
19807,Treino_7247,saude,inbound,396,8279.69,0.327,378,0.4922
10851,Treino_7248,varejo,inbound,396,60227.48,0.63,157,0.2918
10701,Treino_7249,saude,inbound,396,17490.76,0.921,167,0.4496
15950,Treino_7250,varejo,inbound,397,76556.08,0.566,344,0.6202
15861,Treino_7251,tecnologia,outbound,397,46556.58,0.538,88,0.2635
12832,Treino_7252,industria,inbound,397,53385.93,0.377,143,0.4122
17977,Treino_7253,saude,inbound,397,79478.51,0.626,202,0.6811
16803,Treino_7254,tecnologia,inbound,397,22564.14,0.601,324,0.5845
11050,Treino_7255,servicos,outbound,397,24792.19,0.259,461,0.3508
19652,Treino_7256,varejo,inbound,397,62915.27,0.17,427,0.3275
10264,Treino_7257,varejo,inbound,397,24737.91,0.373,115,0.258
10268,Treino_7258,tecnologia,inbound,397,79978.14,0.554,202,0.4668
10055,Treino_7259,varejo,outbound,397,40992.12,0.287,357,0.389
11047,Treino_7260,industria,inbound,397,73458.86,0.822,412,0.6178
11763,Treino_7261,tecnologia,inbound,397,53100.52,0.182,118,0.0666
15011,Treino_7262,tecnologia,outbound,397,45084.74,0.651,83,0.4902
13201,Treino_7263,tecnologia,inbound,397,66812.49,0.454,423,0.5696
14222,Treino_7264,servicos,inbound,397,56434.78,0.767,300,0.9694
10890,Treino_7265,servicos,inbound,398,30541.64,0.348,404,0.1137
13318,Treino_7266,saude,indicacao,398,58453.36,0.179,92,0.5347
12723,Treino_7267,servicos,inbound,398,5000.0,0.486,127,0.4235
11718,Treino_7268,varejo,outbound,398,67039.54,0.954,333,0.4965
19004,Treino_7269,tecnologia,inbound,398,27589.42,0.555,120,0.3374
19008,Treino_7270,varejo,inbound,398,67728.51,0.036,466,0.01
12784,Treino_7271,tecnologia,indicacao,398,43415.91,0.631,356,0.5579
19832,Treino_7272,servicos,outbound,398,8650.36,0.377,145,0.1602
16524,Treino_7273,servicos,inbound,398,48780.84,0.838,193,0.4326
10331,Treino_7274,tecnologia,inbound,398,66431.79,0.767,497,0.7188
19592,Treino_7275,varejo,outbound,398,55597.68,0.009,38,0.2114
19241,Treino_7276,varejo,outbound,398,68054.93,0.08,220,0.2714
13360,Treino_7277,tecnologia,inbound,398,75048.81,0.386,115,0.5533
13596,Treino_7278,industria,inbound,398,12702.24,0.822,201,0.2175
10796,Treino_7279,varejo,outbound,398,32592.86,0.761,245,0.5708
13453,Treino_7280,varejo,outbound,398,70910.43,0.292,126,0.5928
14060,Treino_7281,servicos,indicacao,398,38335.66,0.062,265,0.473
13457,Treino_7282,saude,indicacao,398,52954.6,0.374,170,0.267
17094,Treino_7283,industria,outbound,399,19685.31,0.268,428,0.4276
17188,Treino_7284,servicos,inbound,399,13200.94,0.382,307,0.5405
17300,Treino_7285,saude,outbound,399,5000.0,0.864,130,0.128
10239,Treino_7286,saude,inbound,399,62211.14,0.762,296,0.4667
13976,Treino_7287,industria,inbound,399,63348.99,0.568,249,0.5507
19695,Treino_7288,industria,inbound,399,81235.64,0.009,174,0.2797
19042,Treino_7289,varejo,indicacao,399,63941.81,0.889,208,0.4412
16186,Treino_7290,saude,inbound,399,64070.74,0.466,253,0.5942
13462,Treino_7291,varejo,outbound,399,11472.8,0.254,155,0.1754
13738,Treino_7292,saude,indicacao,399,47776.33,0.243,170,0.141
13268,Treino_7293,tecnologia,inbound,399,67552.5,0.793,459,0.9552
15166,Treino_7294,saude,inbound,399,39207.99,0.239,241,0.3371
17499,Treino_7295,varejo,inbound,399,60000.29,0.371,107,0.2613
15175,Treino_7296,industria,inbound,399,43178.08,0.995,64,0.2625
12577,Treino_7297,saude,outbound,399,34670.65,0.379,303,0.3635
11199,Treino_7298,servicos,inbound,399,40044.2,0.849,23,0.4617
12859,Treino_7299,servicos,outbound,399,60256.47,0.793,146,0.8332
19269,Treino_7300,varejo,inbound,399,47369.41,0.416,471,0.504
11641,Treino_7301,industria,inbound,399,24477.41,0.216,351,0.4089
18815,Treino_7302,varejo,indicacao,399,37724.79,0.422,398,0.363
11309,Treino_7303,industria,inbound,399,71959.45,0.724,51,0.6086
11890,Treino_7304,saude,outbound,399,49991.54,0.316,89,0.6508
12612,Treino_7305,saude,outbound,399,39461.42,0.015,400,0.146
11754,Treino_7306,varejo,inbound,399,41858.68,0.727,95,0.5775
14020,Treino_7307,varejo,inbound,400,35850.67,0.494,21,0.01
10645,Treino_7308,varejo,inbound,400,65512.72,0.572,174,0.2936
10804,Treino_7309,tecnologia,inbound,400,43884.39,0.965,186,0.4656
16262,Treino_7310,servicos,inbound,400,30384.86,0.668,83,0.4447
18685,Treino_7311,servicos,inbound,400,30207.66,0.89,9,0.3131
11266,Treino_7312,industria,inbound,400,88462.99,0.737,279,0.5874
19023,Treino_7313,industria,inbound,400,53000.51,0.57,494,0.8666
17320,Treino_7314,saude,inbound,400,75854.79,0.925,453,0.5653
14219,Treino_7315,saude,indicacao,400,84163.38,0.813,365,0.5683
10848,Treino_7316,servicos,outbound,400,65533.86,0.58,463,0.7111
13583,Treino_7317,industria,indicacao,400,51270.61,0.009,208,0.6614
18025,Treino_7318,industria,indicacao,400,51568.32,0.621,58,0.4623
16784,Treino_7319,industria,inbound,400,50261.77,0.299,126,0.1356
10183,Treino_7320,varejo,inbound,401,24847.77,0.474,415,0.5563
12047,Treino_7321,tecnologia,outbound,401,26754.69,0.766,8,0.4074
19819,Treino_7322,varejo,indicacao,401,66002.51,0.033,349,0.2155
18269,Treino_7323,industria,indicacao,401,65109.92,0.593,484,0.2825
17615,Treino_7324,saude,inbound,401,52386.92,0.153,46,0.3342
18357,Treino_7325,servicos,outbound,401,28507.82,0.258,253,0.5029
11582,Treino_7326,saude,indicacao,401,49824.75,0.328,26,0.1544
11191,Treino_7327,varejo,inbound,401,27729.04,0.984,294,0.8202
12834,Treino_7328,varejo,indicacao,401,30974.59,0.179,364,0.01
18285,Treino_7329,servicos,inbound,401,79035.24,0.412,47,0.1349
14404,Treino_7330,tecnologia,inbound,401,60394.57,0.514,401,0.8456
19553,Treino_7331,tecnologia,inbound,401,20175.52,0.831,99,0.6805
17133,Treino_7332,saude,outbound,401,54899.31,0.901,260,0.4127
15414,Treino_7333,tecnologia,indicacao,401,67212.37,0.833,274,0.99
19687,Treino_7334,saude,inbound,401,53010.94,0.217,147,0.01
18189,Treino_7335,saude,outbound,401,33386.79,0.362,163,0.01
10667,Treino_7336,industria,inbound,401,8928.49,0.768,246,0.7144
15660,Treino_7337,varejo,inbound,401,47234.38,0.853,188,0.7334
12363,Treino_7338,servicos,inbound,401,44528.45,0.546,382,0.8246
13792,Treino_7339,saude,inbound,401,44329.05,0.89,59,0.2102
18252,Treino_7340,varejo,inbound,401,50803.35,0.689,328,0.5844
11768,Treino_7341,varejo,inbound,401,63626.05,0.579,418,0.9081
15240,Treino_7342,varejo,outbound,401,36139.74,0.674,357,0.7648
12248,Treino_7343,servicos,outbound,401,61431.95,0.523,232,0.5427
12244,Treino_7344,saude,inbound,401,70519.32,0.431,96,0.0921
15519,Treino_7345,tecnologia,inbound,401,61136.15,0.621,294,0.6058
12923,Treino_7346,servicos,inbound,401,27182.73,0.149,308,0.01
10720,Treino_7347,tecnologia,inbound,401,43530.17,0.401,88,0.4636
11359,Treino_7348,servicos,outbound,402,68909.74,0.673,232,0.5915
11633,Treino_7349,varejo,inbound,402,30281.99,0.357,471,0.5229
14252,Treino_7350,varejo,inbound,402,41157.03,0.234,461,0.5044
14532,Treino_7351,tecnologia,outbound,402,70189.17,0.445,22,0.4877
15147,Treino_7352,industria,inbound,402,67165.11,0.959,291,0.5329
12013,Treino_7353,saude,outbound,402,12655.32,0.041,329,0.2036
16271,Treino_7354,varejo,inbound,402,81057.0,0.952,250,0.7178
14127,Treino_7355,servicos,inbound,402,16817.61,0.389,385,0.5388
16940,Treino_7356,tecnologia,outbound,402,50372.11,0.621,201,0.5765
14724,Treino_7357,varejo,inbound,402,47266.01,0.596,142,0.3974
11223,Treino_7358,saude,outbound,402,46560.95,0.797,180,0.6427
11371,Treino_7359,tecnologia,outbound,402,27629.9,0.911,223,0.7028
18200,Treino_7360,tecnologia,inbound,402,30353.87,0.127,81,0.284
13067,Treino_7361,varejo,indicacao,402,33845.28,0.318,491,0.5054
16420,Treino_7362,varejo,inbound,403,32295.47,0.538,197,0.2714
10369,Treino_7363,industria,outbound,403,43712.77,0.451,355,0.7169
16425,Treino_7364,varejo,outbound,403,80227.99,0.647,392,0.7725
13156,Treino_7365,saude,indicacao,403,35588.52,0.069,16,0.0962
10113,Treino_7366,tecnologia,inbound,403,5000.0,0.81,131,0.5413
16191,Treino_7367,varejo,indicacao,403,60610.04,0.027,191,0.0274
16156,Treino_7368,varejo,indicacao,403,45186.0,0.426,125,0.3005
12502,Treino_7369,saude,outbound,403,48493.8,0.571,42,0.6707
13133,Treino_7370,saude,outbound,403,44851.15,0.415,52,0.01
12349,Treino_7371,saude,outbound,403,23049.21,0.005,421,0.2292
15001,Treino_7372,saude,indicacao,403,5000.0,0.271,216,0.1619
13731,Treino_7373,tecnologia,inbound,403,29324.99,0.974,251,0.6407
16686,Treino_7374,tecnologia,indicacao,403,18335.22,0.957,262,0.0913
14078,Treino_7375,varejo,inbound,403,38606.89,0.063,334,0.3393
16998,Treino_7376,industria,inbound,403,28333.84,0.4,377,0.4728
17224,Treino_7377,saude,indicacao,403,52182.6,0.578,219,0.6349
11523,Treino_7378,servicos,outbound,403,27239.43,0.233,189,0.4151
18638,Treino_7379,tecnologia,outbound,403,39920.62,0.743,146,0.2076
17157,Treino_7380,servicos,inbound,403,68002.49,0.878,233,0.9133
14406,Treino_7381,industria,inbound,404,65740.72,0.276,431,0.5194
14082,Treino_7382,servicos,inbound,404,42792.77,0.898,341,0.6627
19076,Treino_7383,industria,outbound,404,56731.07,0.131,25,0.2506
15236,Treino_7384,servicos,outbound,404,39815.48,0.977,233,0.7098
16362,Treino_7385,saude,outbound,404,60873.66,0.084,69,0.0177
13364,Treino_7386,servicos,outbound,404,48486.54,0.665,468,0.2974
11998,Treino_7387,servicos,outbound,404,53948.35,0.015,339,0.3525
15739,Treino_7388,varejo,inbound,404,41523.83,0.347,5,0.3308
15525,Treino_7389,saude,inbound,404,38523.44,0.821,281,0.6396
14903,Treino_7390,tecnologia,indicacao,404,14149.63,0.437,109,0.3699
16831,Treino_7391,servicos,outbound,404,45052.21,0.703,127,0.3553
18570,Treino_7392,varejo,inbound,404,44314.39,0.189,362,0.071
18117,Treino_7393,servicos,inbound,404,40351.39,0.737,213,0.123
14786,Treino_7394,varejo,inbound,404,46925.31,0.001,226,0.3546
19571,Treino_7395,tecnologia,indicacao,404,41359.52,0.627,28,0.3874
15853,Treino_7396,servicos,inbound,404,36723.9,0.634,344,0.7678
13767,Treino_7397,tecnologia,inbound,404,85665.47,0.812,250,0.8819
19867,Treino_7398,varejo,inbound,404,17689.94,0.371,214,0.2592
12554,Treino_7399,saude,outbound,404,40689.78,0.528,134,0.3799
10270,Treino_7400,varejo,inbound,404,59883.69,0.69,234,0.4418
12825,Treino_7401,industria,outbound,404,36687.96,0.68,459,0.9188
15279,Treino_7402,tecnologia,outbound,404,31378.57,0.097,400,0.4076
18673,Treino_7403,saude,outbound,404,51877.81,0.44,212,0.0643
18691,Treino_7404,industria,indicacao,404,31646.81,0.623,457,0.3378
19583,Treino_7405,saude,inbound,404,43581.44,0.136,443,0.5702
14051,Treino_7406,varejo,inbound,404,42132.03,0.836,65,0.3514
16310,Treino_7407,servicos,inbound,404,56015.0,0.983,362,0.5606
10718,Treino_7408,varejo,inbound,405,34066.1,0.15,495,0.3506
15786,Treino_7409,varejo,inbound,405,46178.24,0.091,64,0.2764
14785,Treino_7410,saude,inbound,405,65690.85,0.812,138,0.6731
10408,Treino_7411,industria,inbound,405,77861.02,0.822,218,0.7683
14671,Treino_7412,saude,indicacao,405,39747.78,0.348,227,0.4575
10313,Treino_7413,varejo,outbound,405,52841.55,0.55,466,0.3961
19632,Treino_7414,varejo,inbound,405,46892.12,0.834,265,0.6296
10044,Treino_7415,saude,outbound,405,54378.06,0.278,11,0.01
14539,Treino_7416,varejo,outbound,405,43616.2,0.324,267,0.2865
15327,Treino_7417,tecnologia,inbound,405,60236.56,0.268,430,0.5527
19387,Treino_7418,industria,inbound,405,64423.73,0.996,159,0.2527
13409,Treino_7419,servicos,inbound,405,47705.06,0.407,474,0.4301
15181,Treino_7420,industria,indicacao,405,67898.23,0.336,107,0.3314
13937,Treino_7421,servicos,outbound,405,46705.3,0.625,388,0.4926
13045,Treino_7422,varejo,outbound,406,52667.48,0.877,478,0.2954
14637,Treino_7423,saude,indicacao,406,57276.43,0.132,20,0.01
16559,Treino_7424,varejo,inbound,406,69231.04,0.039,492,0.7209
16966,Treino_7425,saude,indicacao,406,92467.69,0.745,452,0.99
10502,Treino_7426,industria,indicacao,406,48579.65,0.716,354,0.8909
19332,Treino_7427,tecnologia,outbound,406,56446.13,0.471,161,0.2075
10338,Treino_7428,servicos,inbound,406,76449.94,0.434,475,0.5492
15213,Treino_7429,saude,outbound,406,34641.18,0.573,225,0.1193
16414,Treino_7430,industria,inbound,406,64840.89,0.831,407,0.7644
17507,Treino_7431,servicos,inbound,406,59319.27,0.887,394,0.5926
14837,Treino_7432,varejo,inbound,406,78314.76,0.934,488,0.5223
13815,Treino_7433,saude,indicacao,406,41743.65,0.857,421,0.7117
16929,Treino_7434,industria,inbound,406,61370.5,0.308,499,0.6808
12636,Treino_7435,varejo,inbound,406,25674.21,0.842,137,0.4731
15876,Treino_7436,varejo,inbound,406,62655.04,0.79,215,0.4202
11823,Treino_7437,industria,outbound,406,78574.17,0.107,494,0.7841
16032,Treino_7438,varejo,inbound,406,63309.67,0.42,462,0.5264
17722,Treino_7439,tecnologia,inbound,406,21549.56,0.638,32,0.4333
16400,Treino_7440,industria,indicacao,406,32111.26,0.621,476,0.5404
17840,Treino_7441,varejo,outbound,406,5000.0,0.934,376,0.3616
12928,Treino_7442,varejo,outbound,406,76367.06,0.678,277,0.313
18435,Treino_7443,varejo,outbound,407,67897.48,0.141,144,0.1771
10473,Treino_7444,servicos,inbound,407,71019.81,0.4,23,0.5557
14318,Treino_7445,saude,inbound,407,47259.18,0.369,444,0.3779
18469,Treino_7446,tecnologia,inbound,407,48183.93,0.586,260,0.3323
10195,Treino_7447,servicos,outbound,407,57839.77,0.571,373,0.1867
16475,Treino_7448,servicos,inbound,407,59529.63,0.281,72,0.4998
12238,Treino_7449,saude,outbound,407,60338.62,0.862,393,0.6136
10012,Treino_7450,servicos,outbound,407,33115.66,0.494,252,0.3163
10543,Treino_7451,saude,inbound,407,24465.17,0.124,272,0.3676
14470,Treino_7452,tecnologia,outbound,407,44400.74,0.107,245,0.3886
18010,Treino_7453,tecnologia,inbound,407,43134.96,0.307,34,0.1562
14799,Treino_7454,varejo,outbound,407,20059.19,0.396,353,0.2956
15399,Treino_7455,varejo,outbound,407,35831.94,0.654,351,0.6922
17350,Treino_7456,tecnologia,outbound,407,60093.27,0.935,104,0.5685
19694,Treino_7457,saude,indicacao,407,17974.31,0.5,383,0.3582
19202,Treino_7458,industria,inbound,407,67507.68,0.483,341,0.5794
15478,Treino_7459,servicos,inbound,407,82114.3,0.808,113,0.5735
16696,Treino_7460,industria,inbound,407,50119.99,0.551,317,0.5974
15501,Treino_7461,varejo,indicacao,407,77035.7,0.133,364,0.4579
11624,Treino_7462,industria,indicacao,408,40576.88,0.841,251,0.453
15957,Treino_7463,saude,inbound,408,44112.25,0.623,204,0.7406
15531,Treino_7464,servicos,outbound,408,63586.73,0.816,100,0.7049
18788,Treino_7465,tecnologia,inbound,408,39917.26,0.038,326,0.0567
18485,Treino_7466,industria,inbound,408,44187.99,0.796,365,0.6414
13447,Treino_7467,saude,inbound,408,49538.53,0.013,301,0.1312
19270,Treino_7468,tecnologia,inbound,408,52205.11,0.08,321,0.1058
15635,Treino_7469,saude,inbound,408,56871.71,0.095,215,0.5987
12395,Treino_7470,servicos,inbound,408,55848.06,0.614,431,0.6249
16976,Treino_7471,industria,outbound,408,28413.92,0.889,84,0.4549
16765,Treino_7472,saude,indicacao,408,43507.22,0.552,182,0.1264
15276,Treino_7473,saude,inbound,408,65332.4,0.137,408,0.2502
14251,Treino_7474,varejo,inbound,408,32299.86,0.444,38,0.3071
13664,Treino_7475,varejo,indicacao,408,59459.15,0.63,477,0.9038
12938,Treino_7476,saude,inbound,408,62977.73,0.846,194,0.4694
15154,Treino_7477,industria,inbound,409,76568.83,0.014,142,0.3105
14158,Treino_7478,tecnologia,indicacao,409,27215.49,0.426,111,0.01
13483,Treino_7479,industria,indicacao,409,69197.79,0.238,250,0.619
14110,Treino_7480,industria,inbound,409,68774.25,0.268,471,0.1995
13958,Treino_7481,servicos,inbound,409,83189.79,0.264,461,0.3743
14150,Treino_7482,industria,outbound,409,34696.51,0.055,403,0.01
10153,Treino_7483,servicos,outbound,409,55664.27,0.281,127,0.4878
15864,Treino_7484,tecnologia,inbound,409,102798.26,0.585,388,0.8779
12878,Treino_7485,servicos,outbound,409,106259.54,0.365,50,0.5672
17276,Treino_7486,saude,inbound,409,53297.09,0.01,296,0.2734
10750,Treino_7487,industria,inbound,409,44320.34,0.956,321,0.6341
15201,Treino_7488,varejo,outbound,409,41842.78,0.664,160,0.335
18887,Treino_7489,servicos,inbound,409,42371.57,0.564,129,0.3855
10892,Treino_7490,tecnologia,inbound,409,61457.56,0.596,470,0.6935
15162,Treino_7491,saude,outbound,409,51404.18,0.846,206,0.2905
11031,Treino_7492,servicos,outbound,409,62101.54,0.901,420,0.5686
14316,Treino_7493,industria,outbound,409,46297.12,0.298,164,0.5657
13787,Treino_7494,tecnologia,inbound,409,40997.17,0.231,271,0.5076
13335,Treino_7495,saude,inbound,409,93671.63,0.084,146,0.24
18413,Treino_7496,servicos,inbound,409,57234.68,0.686,58,0.0586
19256,Treino_7497,tecnologia,inbound,409,43516.86,0.443,177,0.1592
17136,Treino_7498,tecnologia,inbound,410,31239.75,0.116,122,0.2462
10248,Treino_7499,servicos,outbound,410,42368.53,0.619,153,0.292
15690,Treino_7500,industria,indicacao,410,67722.59,0.433,238,0.5091
16860,Treino_7501,varejo,inbound,410,28124.97,0.556,57,0.3979
15287,Treino_7502,servicos,outbound,410,34636.56,0.95,340,0.541
19176,Treino_7503,saude,inbound,410,66174.85,0.268,124,0.2295
13751,Treino_7504,tecnologia,inbound,410,58815.03,0.574,398,0.641
10924,Treino_7505,servicos,inbound,410,57596.66,0.632,495,0.5661
14816,Treino_7506,tecnologia,outbound,410,49243.57,0.91,108,0.3764
11634,Treino_7507,servicos,inbound,410,53806.86,0.47,382,0.6152
13537,Treino_7508,servicos,inbound,410,37634.67,0.729,148,0.2381
18656,Treino_7509,servicos,outbound,410,53363.66,0.855,13,0.01
18731,Treino_7510,varejo,inbound,410,49890.67,0.039,163,0.1643
15542,Treino_7511,saude,outbound,411,31360.87,0.488,255,0.2564
15013,Treino_7512,servicos,indicacao,411,34884.72,0.906,455,0.9522
10653,Treino_7513,saude,inbound,411,44787.49,0.922,109,0.4933
11307,Treino_7514,servicos,inbound,411,40203.37,0.508,304,0.599
10182,Treino_7515,industria,inbound,411,47008.96,0.801,234,0.7523
10329,Treino_7516,saude,inbound,411,37811.77,0.517,264,0.0893
17168,Treino_7517,saude,outbound,411,41365.48,0.867,414,0.6391
16093,Treino_7518,tecnologia,inbound,411,59559.59,0.197,241,0.3808
19477,Treino_7519,saude,inbound,411,22574.4,0.062,302,0.565
13947,Treino_7520,tecnologia,inbound,411,34355.66,0.114,255,0.01
10614,Treino_7521,industria,inbound,411,23402.78,0.876,321,0.5575
16953,Treino_7522,servicos,inbound,411,57110.83,0.377,424,0.4694
19613,Treino_7523,industria,inbound,411,62912.31,0.054,286,0.0438
10059,Treino_7524,saude,inbound,411,42103.56,0.003,311,0.1521
14240,Treino_7525,varejo,inbound,411,46119.98,0.075,80,0.2358
19806,Treino_7526,saude,inbound,411,59626.07,0.447,426,0.4722
11235,Treino_7527,servicos,inbound,411,28519.73,0.076,217,0.01
17748,Treino_7528,tecnologia,inbound,411,35903.95,0.741,344,0.7506
18993,Treino_7529,saude,inbound,411,69287.27,0.719,271,0.6737
15062,Treino_7530,industria,inbound,411,69806.51,0.045,379,0.7467
18647,Treino_7531,varejo,inbound,411,38081.68,0.648,196,0.2725
17393,Treino_7532,tecnologia,outbound,411,20463.76,0.087,455,0.3136
10063,Treino_7533,saude,inbound,411,53445.56,0.019,129,0.3338
15830,Treino_7534,varejo,outbound,412,42697.8,0.746,351,0.3401
11454,Treino_7535,tecnologia,outbound,412,54600.14,0.204,164,0.3363
12633,Treino_7536,varejo,inbound,412,78225.45,0.526,19,0.2772
11171,Treino_7537,industria,indicacao,412,34039.83,0.172,173,0.2315
17984,Treino_7538,saude,outbound,412,34161.55,0.405,267,0.5013
14563,Treino_7539,varejo,inbound,412,38422.31,0.467,143,0.2838
11930,Treino_7540,varejo,inbound,412,38710.83,0.094,349,0.3879
12129,Treino_7541,tecnologia,inbound,412,46278.07,0.128,493,0.1855
15288,Treino_7542,servicos,inbound,412,51520.31,0.904,14,0.6621
19386,Treino_7543,saude,outbound,412,46895.37,0.044,297,0.4066
13600,Treino_7544,varejo,inbound,412,59389.54,0.601,64,0.0739
10352,Treino_7545,saude,inbound,412,75720.57,0.649,385,0.6857
11558,Treino_7546,varejo,inbound,412,41999.21,0.456,106,0.4857
16444,Treino_7547,servicos,inbound,412,23838.13,0.787,457,0.4691
11874,Treino_7548,varejo,outbound,412,44241.67,0.545,88,0.8597
17491,Treino_7549,tecnologia,inbound,413,40884.57,0.612,351,0.3992
17246,Treino_7550,varejo,indicacao,413,72697.0,0.072,372,0.3114
18642,Treino_7551,tecnologia,inbound,413,14779.09,0.721,376,0.3149
17315,Treino_7552,tecnologia,inbound,413,64007.34,0.824,181,0.6042
19098,Treino_7553,saude,outbound,413,41386.63,0.399,375,0.3989
19476,Treino_7554,varejo,inbound,413,65262.51,0.138,238,0.4362
13475,Treino_7555,tecnologia,outbound,413,42631.88,0.949,376,0.2781
13534,Treino_7556,tecnologia,inbound,413,56753.63,0.568,231,0.2665
12148,Treino_7557,industria,outbound,413,52438.0,0.376,251,0.2308
10592,Treino_7558,industria,inbound,413,49072.62,0.677,99,0.2807
10327,Treino_7559,varejo,inbound,413,45408.46,0.371,343,0.3225
12641,Treino_7560,tecnologia,inbound,413,48175.3,0.443,485,0.619
19502,Treino_7561,varejo,indicacao,413,38877.57,0.191,167,0.2352
18516,Treino_7562,industria,outbound,413,46217.97,0.691,146,0.58
15425,Treino_7563,saude,inbound,413,84805.99,0.548,196,0.9572
14925,Treino_7564,tecnologia,indicacao,413,37270.68,0.985,431,0.901
12837,Treino_7565,tecnologia,inbound,413,27892.72,0.129,312,0.0743
12857,Treino_7566,saude,inbound,413,46698.55,0.374,371,0.3515
11770,Treino_7567,tecnologia,inbound,413,49329.89,0.006,495,0.2998
16924,Treino_7568,tecnologia,inbound,413,74370.57,0.185,259,0.5066
15549,Treino_7569,servicos,outbound,413,23274.46,0.513,484,0.2151
10072,Treino_7570,varejo,inbound,413,54887.48,0.678,17,0.3736
18736,Treino_7571,tecnologia,indicacao,413,53690.11,0.762,260,0.2981
17520,Treino_7572,saude,inbound,413,56414.88,0.233,154,0.3288
16734,Treino_7573,saude,inbound,414,63572.32,0.331,165,0.2461
14798,Treino_7574,saude,inbound,414,63118.21,0.059,137,0.057
15679,Treino_7575,servicos,outbound,414,77813.8,0.993,478,0.6528
10359,Treino_7576,servicos,indicacao,414,89159.2,0.26,274,0.6103
17588,Treino_7577,servicos,inbound,414,73307.87,0.567,236,0.2797
14621,Treino_7578,varejo,indicacao,414,61701.62,0.251,280,0.2168
17478,Treino_7579,tecnologia,outbound,414,50429.64,0.784,227,0.5074
16861,Treino_7580,servicos,indicacao,414,59055.89,0.991,325,0.5069
16284,Treino_7581,tecnologia,inbound,414,38426.06,0.956,471,0.7232
14139,Treino_7582,servicos,outbound,414,27601.01,0.767,108,0.3705
15295,Treino_7583,industria,inbound,414,56727.53,0.953,336,0.9098
13948,Treino_7584,industria,inbound,414,21395.54,0.795,361,0.7422
18548,Treino_7585,saude,indicacao,414,34443.91,0.176,480,0.6868
12489,Treino_7586,varejo,inbound,414,70409.48,0.405,247,0.6412
10013,Treino_7587,saude,inbound,414,58036.18,0.608,350,0.99
10127,Treino_7588,servicos,outbound,414,46853.61,0.67,9,0.4713
18216,Treino_7589,industria,outbound,414,63386.58,0.915,321,0.7931
13539,Treino_7590,industria,outbound,414,78499.65,0.062,88,0.336
13083,Treino_7591,servicos,indicacao,414,55634.91,0.837,135,0.2874
16557,Treino_7592,servicos,inbound,415,29946.21,0.053,90,0.3366
18366,Treino_7593,tecnologia,inbound,415,32525.96,0.244,438,0.3598
14817,Treino_7594,servicos,indicacao,415,72263.42,0.654,456,0.9168
13706,Treino_7595,industria,inbound,415,92559.85,0.677,364,0.5563
13413,Treino_7596,tecnologia,indicacao,415,17839.33,0.849,199,0.2802
13143,Treino_7597,industria,indicacao,415,66333.19,0.03,297,0.4715
11764,Treino_7598,industria,inbound,415,53266.61,0.25,104,0.264
15672,Treino_7599,industria,inbound,415,50770.43,0.72,409,0.4183
15351,Treino_7600,servicos,outbound,415,33875.91,0.683,26,0.2678
15313,Treino_7601,varejo,outbound,415,53740.19,0.451,477,0.5734
15134,Treino_7602,saude,inbound,415,73390.64,0.646,497,0.9704
13641,Treino_7603,varejo,outbound,415,22142.15,0.12,47,0.3698
18454,Treino_7604,industria,outbound,415,59084.53,0.607,34,0.4641
19299,Treino_7605,industria,indicacao,415,37210.28,0.811,315,0.7891
15575,Treino_7606,servicos,inbound,416,63119.89,0.365,78,0.0997
10106,Treino_7607,servicos,inbound,416,14624.73,0.639,406,0.778
18671,Treino_7608,saude,indicacao,416,66988.78,0.621,291,0.7109
11616,Treino_7609,tecnologia,indicacao,416,83945.24,0.173,139,0.5514
17481,Treino_7610,saude,inbound,416,49214.59,0.233,383,0.5657
14603,Treino_7611,servicos,outbound,416,33298.13,0.534,228,0.404
10872,Treino_7612,varejo,outbound,416,75301.38,0.687,498,0.8697
17525,Treino_7613,saude,inbound,416,55556.32,0.892,417,0.3893
13205,Treino_7614,industria,inbound,416,55698.05,0.296,324,0.4745
17857,Treino_7615,tecnologia,inbound,416,45112.5,0.214,156,0.1563
13026,Treino_7616,varejo,indicacao,416,45999.47,0.019,437,0.3885
19271,Treino_7617,industria,inbound,416,51643.89,0.062,344,0.1501
14681,Treino_7618,industria,inbound,416,69298.27,0.624,16,0.5098
16188,Treino_7619,saude,outbound,416,15446.3,0.866,148,0.4709
15941,Treino_7620,saude,inbound,416,54385.63,0.311,208,0.4374
10119,Treino_7621,servicos,indicacao,416,26486.05,0.051,256,0.4002
10959,Treino_7622,servicos,inbound,416,31813.71,0.998,143,0.6176
10650,Treino_7623,industria,inbound,417,32993.94,0.843,73,0.5178
11263,Treino_7624,varejo,inbound,417,82461.28,0.814,483,0.9114
15997,Treino_7625,tecnologia,inbound,417,79252.77,0.367,429,0.8651
14569,Treino_7626,servicos,inbound,417,41017.95,0.601,485,0.3368
17122,Treino_7627,varejo,inbound,417,23617.87,0.241,326,0.01
19232,Treino_7628,tecnologia,outbound,417,33962.27,0.963,181,0.7587
12239,Treino_7629,tecnologia,inbound,417,62360.14,0.317,168,0.6266
18030,Treino_7630,tecnologia,indicacao,417,67152.88,0.132,214,0.2358
12684,Treino_7631,varejo,indicacao,417,20092.2,0.969,217,0.4271
14905,Treino_7632,saude,indicacao,417,51195.98,0.941,424,0.6978
15191,Treino_7633,industria,outbound,417,34174.06,0.702,160,0.4242
19160,Treino_7634,servicos,indicacao,417,64708.93,0.001,175,0.6064
17901,Treino_7635,saude,outbound,417,40047.99,0.775,216,0.3762
16969,Treino_7636,industria,inbound,417,48815.03,0.36,212,0.5484
18686,Treino_7637,industria,inbound,417,70503.13,0.248,44,0.3893
11704,Treino_7638,industria,inbound,418,71951.62,0.569,455,0.5284
17601,Treino_7639,tecnologia,inbound,418,65463.53,0.55,302,0.5917
19522,Treino_7640,varejo,indicacao,418,49289.68,0.513,75,0.3515
15290,Treino_7641,industria,inbound,418,45279.11,0.117,281,0.2769
17073,Treino_7642,saude,indicacao,418,35963.73,0.887,347,0.3747
16297,Treino_7643,saude,inbound,418,61925.56,0.161,185,0.096
19322,Treino_7644,varejo,inbound,418,18611.78,0.342,280,0.01
10494,Treino_7645,varejo,indicacao,418,80308.49,0.195,394,0.7416
18136,Treino_7646,saude,inbound,418,33139.76,0.054,361,0.2338
15041,Treino_7647,servicos,inbound,418,54322.43,0.809,283,0.6518
18843,Treino_7648,saude,indicacao,418,30462.14,0.611,293,0.6219
18239,Treino_7649,saude,inbound,418,48590.1,0.21,160,0.01
11835,Treino_7650,tecnologia,outbound,418,42886.46,0.628,330,0.2796
19055,Treino_7651,servicos,outbound,418,49208.45,0.598,310,0.3703
13840,Treino_7652,industria,inbound,418,52853.08,0.083,260,0.2052
12932,Treino_7653,varejo,outbound,418,41618.67,0.938,360,0.9497
14874,Treino_7654,varejo,outbound,418,35608.95,0.518,409,0.5129
13821,Treino_7655,tecnologia,outbound,418,40762.31,0.794,356,0.551
14068,Treino_7656,tecnologia,indicacao,418,38643.83,0.461,476,0.3327
15655,Treino_7657,tecnologia,inbound,419,49038.02,0.009,279,0.1615
16309,Treino_7658,industria,inbound,419,35216.76,0.517,55,0.5417
18613,Treino_7659,industria,inbound,419,25838.4,0.952,379,0.6155
10123,Treino_7660,varejo,inbound,419,26480.67,0.281,229,0.3423
13375,Treino_7661,saude,inbound,419,57088.17,0.789,58,0.6096
15968,Treino_7662,industria,indicacao,419,47721.24,0.76,24,0.3059
12427,Treino_7663,saude,indicacao,419,39219.9,0.488,323,0.6347
11402,Treino_7664,industria,outbound,419,74251.4,0.781,108,0.8122
12200,Treino_7665,saude,outbound,419,54781.16,0.198,264,0.2637
11222,Treino_7666,saude,outbound,419,49590.98,0.127,221,0.2201
17265,Treino_7667,saude,outbound,419,65644.27,0.443,46,0.2133
13549,Treino_7668,saude,inbound,419,54398.81,0.339,169,0.1882
12869,Treino_7669,tecnologia,outbound,419,48564.83,0.566,168,0.4058
18202,Treino_7670,saude,inbound,419,70284.13,0.565,153,0.4533
19530,Treino_7671,servicos,inbound,419,58395.02,0.566,15,0.5599
17527,Treino_7672,tecnologia,inbound,419,24491.78,0.331,459,0.5865
19460,Treino_7673,saude,inbound,419,61831.79,0.601,263,0.405
19212,Treino_7674,saude,indicacao,420,62870.87,0.388,334,0.7299
13108,Treino_7675,tecnologia,inbound,420,48779.58,0.608,152,0.486
17575,Treino_7676,saude,inbound,420,39632.48,0.688,303,0.6406
19924,Treino_7677,varejo,inbound,420,25617.67,0.571,382,0.5542
17780,Treino_7678,industria,indicacao,420,95603.76,0.327,121,0.5394
18161,Treino_7679,tecnologia,inbound,420,6195.96,0.098,291,0.255
13942,Treino_7680,varejo,inbound,420,76358.37,0.87,76,0.6081
12164,Treino_7681,tecnologia,inbound,420,31037.57,0.162,53,0.1437
19782,Treino_7682,varejo,inbound,420,44524.98,0.991,5,0.2646
10458,Treino_7683,varejo,outbound,420,40979.72,0.801,468,0.6875
12697,Treino_7684,servicos,outbound,420,73925.44,0.18,477,0.3414
10306,Treino_7685,tecnologia,inbound,420,28601.35,0.906,188,0.7672
16894,Treino_7686,servicos,inbound,420,106509.5,0.984,333,0.99
10887,Treino_7687,saude,outbound,420,74701.54,0.218,174,0.2281
16511,Treino_7688,saude,indicacao,420,74947.73,0.822,432,0.6789
13808,Treino_7689,tecnologia,inbound,420,34537.82,0.333,95,0.2989
14759,Treino_7690,servicos,inbound,420,46999.49,0.5,356,0.4081
19287,Treino_7691,saude,inbound,420,67839.07,0.318,67,0.0622
13206,Treino_7692,saude,inbound,421,74393.25,0.941,271,0.7408
17003,Treino_7693,tecnologia,inbound,421,31941.63,0.945,136,0.544
11772,Treino_7694,tecnologia,outbound,421,45256.99,0.001,296,0.01
11846,Treino_7695,tecnologia,outbound,421,45961.89,0.187,370,0.5532
10714,Treino_7696,servicos,inbound,421,42903.68,0.942,152,0.7256
16344,Treino_7697,tecnologia,outbound,421,46035.33,0.447,144,0.3252
15583,Treino_7698,varejo,inbound,421,34095.43,0.484,334,0.5816
18649,Treino_7699,industria,inbound,421,58651.99,0.9,212,0.4753
10082,Treino_7700,saude,inbound,421,44604.27,0.226,496,0.6083
12003,Treino_7701,servicos,inbound,421,51557.47,0.972,156,0.2979
13546,Treino_7702,industria,inbound,421,38000.92,0.471,243,0.2478
17435,Treino_7703,varejo,inbound,421,27323.47,0.228,106,0.4236
14928,Treino_7704,saude,inbound,421,59181.51,0.828,147,0.376
18041,Treino_7705,saude,outbound,421,67892.01,0.473,222,0.9086
15253,Treino_7706,industria,outbound,421,92165.39,0.3,300,0.6113
12437,Treino_7707,servicos,outbound,421,58941.13,0.788,210,0.3246
19006,Treino_7708,tecnologia,inbound,421,57501.85,0.608,367,0.4525
17120,Treino_7709,industria,inbound,421,99509.78,0.236,317,0.3806
16682,Treino_7710,industria,outbound,422,36124.62,0.203,404,0.6036
13014,Treino_7711,varejo,inbound,422,49561.2,0.854,191,0.3426
10453,Treino_7712,tecnologia,indicacao,422,47863.36,0.326,20,0.082
17201,Treino_7713,varejo,inbound,422,30461.36,0.329,432,0.3426
16982,Treino_7714,saude,inbound,422,85759.84,0.908,449,0.99
14511,Treino_7715,varejo,inbound,422,33371.25,0.797,17,0.3067
10375,Treino_7716,saude,inbound,422,5000.0,0.418,104,0.2445
10669,Treino_7717,industria,inbound,422,48348.87,0.774,78,0.3884
17675,Treino_7718,varejo,inbound,422,48816.63,0.351,497,0.5471
11575,Treino_7719,tecnologia,outbound,422,22768.49,0.154,183,0.403
14740,Treino_7720,industria,outbound,422,65425.63,0.625,458,0.6731
11406,Treino_7721,industria,outbound,422,27759.46,0.402,368,0.4439
10800,Treino_7722,servicos,inbound,422,61231.21,0.047,146,0.3598
13043,Treino_7723,varejo,outbound,422,62672.35,0.759,85,0.7483
18457,Treino_7724,varejo,inbound,422,53563.1,0.745,18,0.212
16920,Treino_7725,industria,outbound,422,39509.16,0.206,13,0.263
19987,Treino_7726,tecnologia,inbound,422,64407.95,0.393,433,0.5939
13960,Treino_7727,saude,inbound,422,56483.93,0.516,421,0.3802
19840,Treino_7728,tecnologia,indicacao,422,66214.33,0.155,43,0.4727
17695,Treino_7729,industria,indicacao,422,63371.79,0.389,345,0.7099
17000,Treino_7730,servicos,indicacao,422,30185.61,0.781,262,0.4161
14044,Treino_7731,tecnologia,outbound,423,34601.02,0.743,96,0.4114
19219,Treino_7732,varejo,inbound,423,35311.56,0.608,49,0.2695
17560,Treino_7733,industria,inbound,423,52349.52,0.704,161,0.5363
10252,Treino_7734,varejo,outbound,423,75620.5,0.764,7,0.3075
12988,Treino_7735,industria,inbound,423,62863.13,0.266,244,0.6177
17180,Treino_7736,industria,outbound,423,36633.92,0.249,84,0.3312
17072,Treino_7737,saude,inbound,423,78829.76,0.763,205,0.8157
18242,Treino_7738,saude,outbound,423,52898.5,0.193,156,0.1654
16015,Treino_7739,tecnologia,inbound,423,54612.55,0.402,467,0.5008
18002,Treino_7740,tecnologia,inbound,423,8448.01,0.615,266,0.1543
11997,Treino_7741,varejo,inbound,423,106648.64,0.034,191,0.2523
13337,Treino_7742,varejo,inbound,423,38777.68,0.211,209,0.2624
15543,Treino_7743,industria,outbound,423,44449.92,0.151,190,0.5759
17174,Treino_7744,saude,inbound,423,78200.56,0.93,238,0.4859
14393,Treino_7745,industria,inbound,423,76112.93,0.108,11,0.01
12763,Treino_7746,servicos,inbound,423,35020.3,0.388,243,0.415
16383,Treino_7747,tecnologia,inbound,423,57293.81,0.983,217,0.5766
14514,Treino_7748,varejo,inbound,423,66532.13,0.991,352,0.8881
14760,Treino_7749,saude,outbound,423,50470.63,0.831,481,0.8548
16800,Treino_7750,saude,indicacao,424,71715.83,0.761,473,0.8351
11726,Treino_7751,servicos,indicacao,424,34502.04,0.912,329,0.4932
15604,Treino_7752,tecnologia,inbound,424,52323.16,0.351,353,0.5138
10568,Treino_7753,servicos,indicacao,424,83962.42,0.479,301,0.5832
16896,Treino_7754,saude,inbound,424,5291.72,0.755,94,0.2416
16321,Treino_7755,servicos,inbound,424,42267.64,0.904,426,0.5638
16003,Treino_7756,saude,outbound,424,54172.94,0.874,467,0.4186
17313,Treino_7757,industria,inbound,424,61743.87,0.441,235,0.3774
19234,Treino_7758,servicos,inbound,424,60217.13,0.014,385,0.5402
15755,Treino_7759,varejo,outbound,424,9439.36,0.16,222,0.1505
11585,Treino_7760,saude,inbound,424,94079.52,0.743,383,0.7722
16828,Treino_7761,saude,inbound,424,43441.14,0.176,31,0.1778
17905,Treino_7762,tecnologia,outbound,424,28218.58,0.744,379,0.3872
13899,Treino_7763,servicos,inbound,425,42145.07,0.89,357,0.3809
11461,Treino_7764,servicos,outbound,425,44892.17,0.999,421,0.7001
10616,Treino_7765,varejo,outbound,425,37272.67,0.936,265,0.5173
17044,Treino_7766,tecnologia,inbound,425,43281.2,0.599,292,0.3311
13825,Treino_7767,varejo,indicacao,425,48313.19,0.011,9,0.3525
19555,Treino_7768,saude,inbound,425,78248.37,0.526,441,0.4421
12289,Treino_7769,saude,outbound,425,79605.89,0.589,179,0.2044
11046,Treino_7770,saude,inbound,425,53462.57,0.608,142,0.6592
14200,Treino_7771,servicos,outbound,425,14938.5,0.361,332,0.4421
16809,Treino_7772,varejo,inbound,425,76622.29,0.702,39,0.3313
17302,Treino_7773,saude,outbound,425,44127.19,0.937,103,0.5495
18106,Treino_7774,saude,inbound,426,47333.46,0.951,127,0.7324
11852,Treino_7775,industria,inbound,426,62507.62,0.815,461,0.815
12564,Treino_7776,saude,indicacao,426,30673.59,0.554,307,0.3429
16279,Treino_7777,servicos,inbound,426,29013.76,0.636,186,0.5089
14767,Treino_7778,varejo,inbound,426,41539.26,0.2,125,0.6311
17696,Treino_7779,tecnologia,inbound,426,32174.85,0.784,465,0.5958
11063,Treino_7780,saude,inbound,426,79421.2,0.185,331,0.4045
17146,Treino_7781,tecnologia,inbound,426,39062.78,0.478,463,0.7519
19003,Treino_7782,servicos,indicacao,426,46056.81,0.921,19,0.4526
13266,Treino_7783,tecnologia,inbound,426,54667.67,0.457,116,0.5676
16975,Treino_7784,saude,outbound,426,43570.89,0.843,102,0.4366
13468,Treino_7785,saude,inbound,426,14175.41,0.507,296,0.2592
16451,Treino_7786,saude,inbound,426,45670.07,0.717,168,0.4865
10727,Treino_7787,saude,indicacao,426,37141.23,0.268,43,0.1076
19656,Treino_7788,industria,inbound,426,38026.41,0.454,458,0.3505
16235,Treino_7789,industria,outbound,426,61730.27,0.032,208,0.3422
15360,Treino_7790,saude,outbound,426,35936.85,0.386,352,0.3898
16502,Treino_7791,saude,outbound,426,89801.46,0.24,312,0.3828
12783,Treino_7792,tecnologia,outbound,426,66434.5,0.986,349,0.99
15600,Treino_7793,servicos,indicacao,426,19861.18,0.019,421,0.2222
16296,Treino_7794,tecnologia,inbound,427,61908.92,0.155,177,0.4162
15810,Treino_7795,servicos,outbound,427,71769.01,0.134,481,0.686
12580,Treino_7796,industria,inbound,427,57399.7,0.633,270,0.3242
18942,Treino_7797,tecnologia,outbound,427,48748.02,0.698,488,0.6599
10679,Treino_7798,saude,indicacao,427,25282.38,0.887,30,0.0544
18746,Treino_7799,varejo,inbound,427,61457.68,0.059,199,0.1023
11594,Treino_7800,tecnologia,inbound,427,34437.04,0.279,416,0.4014
19378,Treino_7801,saude,indicacao,427,5000.0,0.42,359,0.2736
14098,Treino_7802,saude,outbound,427,65928.07,0.271,418,0.366
12881,Treino_7803,varejo,outbound,427,76358.89,0.366,416,0.5021
11381,Treino_7804,varejo,inbound,427,52945.32,0.289,170,0.4513
15398,Treino_7805,industria,outbound,427,31024.9,0.62,494,0.3614
14831,Treino_7806,servicos,inbound,427,18979.35,0.853,344,0.1995
11918,Treino_7807,varejo,inbound,427,83802.19,0.781,20,0.4358
10548,Treino_7808,industria,inbound,427,8344.71,0.272,131,0.2574
19104,Treino_7809,servicos,inbound,427,57966.96,0.029,371,0.1595
10566,Treino_7810,industria,inbound,427,30217.95,0.075,210,0.1537
16905,Treino_7811,varejo,outbound,427,37964.45,0.353,33,0.0937
12264,Treino_7812,saude,inbound,427,45186.34,0.866,472,0.4736
10175,Treino_7813,servicos,outbound,427,51666.28,0.24,463,0.4974
19572,Treino_7814,tecnologia,inbound,427,51238.43,0.844,295,0.8469
17578,Treino_7815,industria,inbound,427,36843.04,0.127,406,0.4345
13404,Treino_7816,servicos,inbound,427,40604.45,0.821,67,0.6132
11475,Treino_7817,industria,inbound,427,30534.2,0.792,26,0.6666
18197,Treino_7818,industria,inbound,427,78846.25,0.874,252,0.5114
15273,Treino_7819,servicos,outbound,428,92596.04,0.951,458,0.9567
12037,Treino_7820,industria,inbound,428,44865.57,0.926,393,0.5314
14982,Treino_7821,servicos,inbound,428,63034.67,0.399,314,0.1737
19657,Treino_7822,varejo,indicacao,428,10907.71,0.055,298,0.2157
16642,Treino_7823,saude,inbound,428,50774.65,0.109,448,0.391
14590,Treino_7824,varejo,inbound,428,37036.89,0.537,482,0.4431
13670,Treino_7825,servicos,outbound,428,36791.06,0.48,57,0.1725
16432,Treino_7826,servicos,inbound,428,38084.86,0.638,213,0.2969
11580,Treino_7827,varejo,outbound,428,70658.15,0.235,430,0.3282
10643,Treino_7828,varejo,inbound,428,25464.77,0.518,130,0.1521
16060,Treino_7829,saude,inbound,428,38749.96,0.979,24,0.4299
13010,Treino_7830,saude,inbound,428,56168.08,0.553,354,0.8851
16381,Treino_7831,industria,inbound,428,45065.93,0.306,280,0.243
14434,Treino_7832,varejo,outbound,428,53737.22,0.723,182,0.5933
17595,Treino_7833,tecnologia,outbound,428,63167.23,0.301,259,0.4559
18423,Treino_7834,saude,inbound,428,48082.19,0.919,283,0.6131
11745,Treino_7835,industria,outbound,428,65909.69,0.807,56,0.533
12443,Treino_7836,saude,inbound,428,44310.59,0.904,108,0.33
13924,Treino_7837,industria,inbound,428,64603.86,0.501,470,0.3867
18599,Treino_7838,tecnologia,indicacao,428,14757.08,0.746,122,0.4001
15939,Treino_7839,varejo,outbound,428,45913.74,0.675,164,0.4145
16841,Treino_7840,tecnologia,inbound,428,23613.78,0.822,457,0.4017
19280,Treino_7841,servicos,inbound,429,41716.05,0.708,225,0.0691
16835,Treino_7842,saude,inbound,429,51296.48,0.424,22,0.3169
11589,Treino_7843,saude,outbound,429,31021.4,0.827,142,0.4285
11424,Treino_7844,servicos,inbound,429,54441.37,0.9,44,0.1725
10190,Treino_7845,industria,outbound,429,45985.04,0.137,175,0.4038
14250,Treino_7846,industria,inbound,429,59821.77,0.144,439,0.1114
10996,Treino_7847,servicos,indicacao,429,43507.86,0.228,309,0.366
13999,Treino_7848,saude,inbound,429,52247.97,0.556,366,0.2958
16811,Treino_7849,servicos,inbound,429,75747.55,0.552,173,0.5397
18195,Treino_7850,industria,outbound,429,41372.42,0.274,62,0.2663
12057,Treino_7851,saude,inbound,429,64873.73,0.257,146,0.5428
11694,Treino_7852,saude,inbound,429,44074.41,0.86,285,0.4383
15299,Treino_7853,servicos,outbound,429,52303.45,0.283,127,0.4315
17474,Treino_7854,servicos,inbound,429,86558.06,0.601,167,0.4308
18014,Treino_7855,tecnologia,indicacao,429,34640.25,0.059,266,0.2115
15320,Treino_7856,saude,inbound,429,82483.01,0.29,158,0.5231
12207,Treino_7857,saude,indicacao,429,67596.19,0.508,313,0.5367
16306,Treino_7858,varejo,indicacao,429,68934.57,0.984,294,0.52
13700,Treino_7859,industria,inbound,429,49578.27,0.092,178,0.0687
10735,Treino_7860,servicos,inbound,429,63483.79,0.337,304,0.3733
12833,Treino_7861,industria,outbound,429,59004.53,0.129,384,0.5669
17464,Treino_7862,saude,inbound,429,25190.73,0.672,222,0.4882
14292,Treino_7863,servicos,inbound,429,21456.17,0.557,475,0.3411
17503,Treino_7864,varejo,indicacao,430,45407.78,0.388,419,0.4694
12332,Treino_7865,tecnologia,outbound,430,61957.64,0.236,332,0.5546
11396,Treino_7866,saude,indicacao,430,58761.84,0.799,100,0.3174
14689,Treino_7867,servicos,outbound,430,90490.2,0.784,45,0.4142
18376,Treino_7868,servicos,inbound,430,10711.63,0.277,268,0.3131
14706,Treino_7869,tecnologia,outbound,430,47317.08,0.464,486,0.5445
13138,Treino_7870,saude,outbound,430,48036.29,0.753,50,0.6706
11831,Treino_7871,tecnologia,inbound,430,36331.05,0.676,136,0.3992
16542,Treino_7872,saude,outbound,430,25331.46,0.503,457,0.4678
15922,Treino_7873,varejo,inbound,430,76411.73,0.49,192,0.3095
17908,Treino_7874,tecnologia,inbound,430,57478.12,0.025,156,0.3156
12858,Treino_7875,varejo,outbound,430,54265.02,0.533,318,0.1757
16365,Treino_7876,varejo,inbound,430,72863.0,0.234,416,0.2952
11531,Treino_7877,saude,inbound,430,19594.94,0.745,272,0.4534
11015,Treino_7878,saude,inbound,430,48103.28,0.604,5,0.5848
19484,Treino_7879,industria,indicacao,430,26724.85,0.637,365,0.3843
12628,Treino_7880,industria,outbound,430,41637.14,0.227,356,0.2135
10258,Treino_7881,servicos,outbound,431,68179.45,0.256,14,0.1365
19238,Treino_7882,saude,inbound,431,45389.26,0.043,377,0.5296
18208,Treino_7883,varejo,inbound,431,41196.9,0.201,460,0.3621
10911,Treino_7884,saude,inbound,431,30605.29,0.936,388,0.6992
14180,Treino_7885,industria,inbound,431,54662.21,0.966,327,0.7693
13965,Treino_7886,tecnologia,outbound,431,55767.06,0.729,462,0.99
18022,Treino_7887,varejo,inbound,431,36043.69,0.293,80,0.01
10861,Treino_7888,varejo,outbound,431,35465.79,0.287,443,0.3975
19671,Treino_7889,saude,outbound,431,39241.67,0.564,26,0.5389
14403,Treino_7890,servicos,inbound,431,67751.98,0.12,267,0.3764
19183,Treino_7891,saude,inbound,431,27702.71,0.082,387,0.0178
13274,Treino_7892,servicos,inbound,431,33879.33,0.285,56,0.0202
19361,Treino_7893,varejo,inbound,431,41744.66,0.919,126,0.4693
19854,Treino_7894,servicos,inbound,431,38015.4,0.015,497,0.4032
13551,Treino_7895,servicos,inbound,431,78036.11,0.681,312,0.7396
16772,Treino_7896,saude,inbound,431,22800.75,0.422,366,0.1601
16046,Treino_7897,industria,inbound,431,15786.49,0.529,459,0.6384
15385,Treino_7898,servicos,inbound,431,9916.86,0.204,456,0.4458
11955,Treino_7899,servicos,outbound,431,62207.65,0.891,474,0.7124
11524,Treino_7900,varejo,inbound,431,21432.2,0.967,138,0.3029
11692,Treino_7901,servicos,outbound,431,58816.03,0.547,412,0.9211
17634,Treino_7902,industria,inbound,431,68955.68,0.755,448,0.6589
11564,Treino_7903,saude,inbound,431,45120.21,0.088,134,0.01
14867,Treino_7904,saude,inbound,431,61913.74,0.797,429,0.6164
15766,Treino_7905,tecnologia,outbound,431,38356.85,0.92,43,0.2534
15974,Treino_7906,saude,outbound,431,61009.7,0.506,75,0.6084
17851,Treino_7907,varejo,inbound,431,53982.53,0.661,14,0.0754
16729,Treino_7908,tecnologia,outbound,431,49205.85,0.327,77,0.227
15112,Treino_7909,varejo,outbound,431,18341.14,0.048,134,0.01
15579,Treino_7910,servicos,inbound,431,33521.56,0.069,37,0.422
10026,Treino_7911,tecnologia,inbound,432,68453.77,0.761,298,0.7367
15829,Treino_7912,industria,inbound,432,65847.9,0.567,418,0.4106
11423,Treino_7913,varejo,outbound,432,76611.32,0.728,82,0.4107
15502,Treino_7914,varejo,indicacao,432,54627.61,0.507,163,0.3423
16303,Treino_7915,saude,outbound,432,93759.16,0.315,145,0.4818
17653,Treino_7916,varejo,inbound,432,54172.22,0.282,222,0.3956
16980,Treino_7917,varejo,outbound,432,41997.46,0.639,54,0.5341
14225,Treino_7918,tecnologia,outbound,432,72560.86,0.227,408,0.6513
18949,Treino_7919,varejo,indicacao,432,48685.23,0.252,318,0.3718
14492,Treino_7920,tecnologia,outbound,432,68962.83,0.295,307,0.2596
14567,Treino_7921,tecnologia,inbound,432,57068.66,0.712,91,0.406
11065,Treino_7922,saude,indicacao,432,29028.66,0.346,198,0.0403
11781,Treino_7923,varejo,inbound,432,63649.68,0.549,455,0.5985
12406,Treino_7924,industria,outbound,432,60490.3,0.445,202,0.4442
19390,Treino_7925,tecnologia,inbound,432,78484.09,0.213,71,0.255
15940,Treino_7926,varejo,inbound,432,64153.21,0.747,21,0.2829
13008,Treino_7927,tecnologia,inbound,432,32921.75,0.054,245,0.1804
15305,Treino_7928,servicos,inbound,432,70805.59,0.472,465,0.8499
14405,Treino_7929,varejo,inbound,432,60015.34,0.96,124,0.3747
13264,Treino_7930,saude,inbound,432,39061.3,0.831,332,0.5486
12839,Treino_7931,varejo,inbound,432,69496.52,0.58,498,0.5225
17942,Treino_7932,varejo,outbound,432,52456.41,0.374,482,0.6163
16201,Treino_7933,saude,inbound,432,93305.26,0.373,27,0.4992
16028,Treino_7934,varejo,indicacao,433,67455.59,0.514,263,0.7888
16068,Treino_7935,varejo,inbound,433,47193.78,0.268,417,0.2783
16801,Treino_7936,saude,inbound,433,68970.21,0.531,244,0.6728
11500,Treino_7937,varejo,indicacao,433,62372.03,0.97,479,0.5742
16104,Treino_7938,varejo,indicacao,433,49956.67,0.6,164,0.179
11060,Treino_7939,servicos,inbound,433,45923.5,0.671,156,0.3394
13294,Treino_7940,tecnologia,inbound,433,38957.2,0.462,111,0.6422
13996,Treino_7941,saude,outbound,433,50510.0,0.53,468,0.6394
17321,Treino_7942,servicos,inbound,433,61613.5,0.07,274,0.4316
16806,Treino_7943,tecnologia,inbound,433,36456.39,0.902,100,0.1879
17587,Treino_7944,industria,inbound,433,79763.43,0.202,371,0.3779
13219,Treino_7945,saude,inbound,433,48917.12,0.223,53,0.3159
18543,Treino_7946,saude,inbound,433,48879.0,0.696,439,0.6811
10427,Treino_7947,industria,inbound,433,24593.95,0.852,346,0.5725
17867,Treino_7948,tecnologia,outbound,433,37883.94,0.046,476,0.3105
19426,Treino_7949,varejo,inbound,433,59959.24,0.685,89,0.5302
11427,Treino_7950,saude,indicacao,433,48728.46,0.842,476,0.7367
19944,Treino_7951,saude,inbound,433,23176.94,0.547,424,0.5016
12810,Treino_7952,varejo,indicacao,433,41383.17,0.832,157,0.5518
15007,Treino_7953,saude,outbound,433,65262.32,0.405,319,0.3729
13974,Treino_7954,industria,inbound,433,32687.71,0.727,419,0.7185
19985,Treino_7955,varejo,indicacao,433,16686.88,0.783,67,0.4164
16207,Treino_7956,tecnologia,inbound,433,20891.32,0.134,350,0.1327
12469,Treino_7957,varejo,indicacao,433,53635.63,0.704,399,0.4668
10579,Treino_7958,varejo,inbound,433,64357.06,0.895,482,0.8559
17876,Treino_7959,servicos,inbound,433,79029.19,0.568,374,0.5668
11268,Treino_7960,servicos,outbound,434,10427.87,0.515,13,0.1106
14395,Treino_7961,saude,inbound,434,54306.47,0.031,418,0.5104
15437,Treino_7962,servicos,indicacao,434,25038.31,0.72,255,0.5835
13660,Treino_7963,tecnologia,outbound,434,35144.76,0.857,70,0.418
11777,Treino_7964,saude,indicacao,434,39229.47,0.748,95,0.01
11916,Treino_7965,tecnologia,inbound,434,43471.22,0.12,16,0.2625
13556,Treino_7966,tecnologia,inbound,434,65372.2,0.249,449,0.6153
19885,Treino_7967,tecnologia,inbound,434,81659.82,0.144,183,0.162
18407,Treino_7968,tecnologia,inbound,434,15629.76,0.411,227,0.4332
14431,Treino_7969,servicos,indicacao,434,43771.03,0.663,198,0.2394
15733,Treino_7970,saude,indicacao,434,42062.55,0.107,233,0.7359
18157,Treino_7971,saude,inbound,434,30770.55,0.857,136,0.5144
13203,Treino_7972,industria,outbound,434,46019.98,0.135,266,0.4358
16697,Treino_7973,saude,inbound,434,75448.58,0.802,222,0.4956
11355,Treino_7974,saude,inbound,434,78489.34,0.807,71,0.818
12516,Treino_7975,servicos,outbound,434,74071.47,0.589,250,0.6207
14115,Treino_7976,servicos,inbound,434,70761.02,0.103,179,0.3693
13291,Treino_7977,saude,inbound,434,57781.6,0.275,431,0.5996
17115,Treino_7978,varejo,inbound,434,59731.87,0.449,72,0.6972
14556,Treino_7979,servicos,inbound,434,31862.07,0.874,212,0.6234
16079,Treino_7980,industria,inbound,434,87205.4,0.672,374,0.99
10097,Treino_7981,industria,inbound,434,38358.11,0.454,295,0.1783
11757,Treino_7982,industria,inbound,434,61023.51,0.825,189,0.6028
11680,Treino_7983,varejo,inbound,434,75221.5,0.624,384,0.4607
19750,Treino_7984,tecnologia,inbound,434,85121.82,0.328,136,0.5589
14855,Treino_7985,tecnologia,inbound,434,88920.44,0.154,29,0.3669
18904,Treino_7986,servicos,inbound,434,53546.18,0.634,129,0.1533
19753,Treino_7987,saude,outbound,435,20298.37,0.37,290,0.2454
17376,Treino_7988,varejo,inbound,435,75678.51,0.867,176,0.7892
11932,Treino_7989,tecnologia,inbound,435,79710.94,0.202,90,0.5127
10478,Treino_7990,saude,indicacao,435,81169.6,0.465,107,0.3094
11021,Treino_7991,industria,inbound,435,84407.64,0.984,269,0.8909
14142,Treino_7992,saude,outbound,435,46376.89,0.855,6,0.5712
13378,Treino_7993,varejo,inbound,435,36001.26,0.637,127,0.2995
14050,Treino_7994,industria,inbound,435,45686.75,0.394,122,0.5811
15490,Treino_7995,tecnologia,outbound,435,74002.09,0.459,298,0.5725
19891,Treino_7996,industria,outbound,435,37729.0,0.464,45,0.2871
11666,Treino_7997,varejo,inbound,435,57105.51,0.692,296,0.2963
16787,Treino_7998,saude,outbound,435,40897.94,0.462,457,0.2575
16200,Treino_7999,saude,inbound,435,29804.78,0.813,284,0.6196
18255,Treino_8000,tecnologia,inbound,435,74352.6,0.619,8,0.4082
12235,Treino_8001,tecnologia,inbound,435,44595.96,0.372,420,0.3273
11433,Treino_8002,varejo,indicacao,435,35424.47,0.772,333,0.3492
10925,Treino_8003,tecnologia,inbound,435,31549.32,0.822,380,0.5453
13773,Treino_8004,servicos,outbound,435,67007.71,0.756,493,0.6718
12228,Treino_8005,varejo,inbound,435,58246.31,0.924,490,0.8962
13370,Treino_8006,saude,indicacao,436,49815.05,0.464,208,0.4282
18504,Treino_8007,saude,inbound,436,60432.93,0.026,268,0.5261
12930,Treino_8008,varejo,inbound,436,73708.41,0.854,222,0.7494
15507,Treino_8009,servicos,inbound,436,33914.5,0.454,20,0.5129
13768,Treino_8010,industria,inbound,436,5000.0,0.411,166,0.4234
19116,Treino_8011,servicos,outbound,436,76249.34,0.19,490,0.3898
15639,Treino_8012,tecnologia,inbound,436,44600.28,0.797,135,0.2509
10475,Treino_8013,varejo,outbound,436,20172.7,0.333,128,0.0541
19799,Treino_8014,servicos,outbound,436,32867.06,0.37,305,0.1015
10262,Treino_8015,tecnologia,inbound,436,88910.01,0.79,313,0.8615
14862,Treino_8016,tecnologia,inbound,436,73364.61,0.917,75,0.7603
16681,Treino_8017,industria,inbound,436,71699.58,0.575,239,0.5801
19281,Treino_8018,tecnologia,inbound,436,65815.79,0.208,485,0.4696
18985,Treino_8019,tecnologia,inbound,436,67091.86,0.436,455,0.8305
12449,Treino_8020,servicos,outbound,436,55038.8,0.441,50,0.3589
15427,Treino_8021,industria,inbound,436,51610.34,0.562,56,0.5911
14709,Treino_8022,saude,inbound,436,69329.46,0.271,174,0.2085
13188,Treino_8023,tecnologia,inbound,436,50288.75,0.913,368,0.49
14157,Treino_8024,varejo,indicacao,436,55888.16,0.996,85,0.7355
12383,Treino_8025,tecnologia,inbound,436,50498.68,0.413,115,0.491
15444,Treino_8026,tecnologia,outbound,437,34651.7,0.67,237,0.354
10636,Treino_8027,servicos,inbound,437,81016.88,0.844,149,0.6051
13728,Treino_8028,varejo,inbound,437,61261.77,0.046,86,0.0497
14889,Treino_8029,saude,outbound,437,65451.29,0.4,441,0.7837
13769,Treino_8030,servicos,outbound,437,95092.29,0.474,402,0.7782
10295,Treino_8031,varejo,inbound,437,60239.87,0.101,15,0.364
14435,Treino_8032,varejo,outbound,437,90405.96,0.156,371,0.6231
18526,Treino_8033,tecnologia,inbound,437,41052.95,0.954,429,0.99
18408,Treino_8034,varejo,inbound,437,31827.77,0.106,17,0.01
13477,Treino_8035,industria,outbound,437,42025.91,0.707,325,0.7139
12904,Treino_8036,tecnologia,outbound,437,12951.61,0.175,199,0.1383
11314,Treino_8037,tecnologia,indicacao,437,40270.0,0.103,42,0.1669
12730,Treino_8038,servicos,indicacao,437,57454.5,0.166,252,0.1999
11810,Treino_8039,servicos,outbound,437,16794.33,0.051,461,0.3978
14390,Treino_8040,varejo,outbound,437,38135.91,0.088,230,0.422
11837,Treino_8041,industria,outbound,437,64640.24,0.314,5,0.5652
12479,Treino_8042,tecnologia,inbound,437,34348.64,0.622,232,0.4738
12048,Treino_8043,servicos,outbound,437,58262.81,0.512,58,0.2449
14904,Treino_8044,varejo,inbound,437,33523.69,0.117,238,0.2022
14372,Treino_8045,tecnologia,outbound,437,48343.31,0.619,330,0.5636
15908,Treino_8046,saude,inbound,437,64841.68,0.859,175,0.5712
10066,Treino_8047,saude,outbound,437,5000.0,0.16,333,0.171
11211,Treino_8048,saude,inbound,438,37301.18,0.764,263,0.3744
14824,Treino_8049,servicos,outbound,438,54579.14,0.751,107,0.3429
10821,Treino_8050,varejo,inbound,438,11438.13,0.226,427,0.2479
15061,Treino_8051,tecnologia,inbound,438,39920.41,0.269,59,0.01
12385,Treino_8052,saude,inbound,438,52896.03,0.792,226,0.63
14185,Treino_8053,varejo,outbound,438,10128.29,0.025,369,0.2306
15912,Treino_8054,saude,outbound,438,54115.74,0.689,92,0.401
12883,Treino_8055,tecnologia,indicacao,438,55305.48,0.879,335,0.7882
19846,Treino_8056,varejo,outbound,438,43564.01,0.583,383,0.4327
13697,Treino_8057,saude,inbound,438,28975.33,0.704,114,0.3
14080,Treino_8058,tecnologia,outbound,438,74411.6,0.972,43,0.5773
18137,Treino_8059,servicos,indicacao,438,34501.94,0.218,87,0.2761
12544,Treino_8060,tecnologia,outbound,438,64764.24,0.378,426,0.4081
13482,Treino_8061,industria,indicacao,438,36212.8,0.772,360,0.5234
16578,Treino_8062,varejo,outbound,438,32473.61,0.593,476,0.446
13029,Treino_8063,servicos,inbound,438,54274.78,0.35,260,0.4691
15449,Treino_8064,saude,inbound,438,43771.75,0.65,395,0.2328
11888,Treino_8065,servicos,inbound,438,51369.89,0.216,371,0.3003
15652,Treino_8066,industria,outbound,438,44205.76,0.158,125,0.3503
13754,Treino_8067,varejo,inbound,438,44068.74,0.63,99,0.3369
18013,Treino_8068,servicos,inbound,439,86779.28,0.532,389,0.6976
15828,Treino_8069,tecnologia,inbound,439,8905.07,0.333,498,0.3125
15020,Treino_8070,industria,inbound,439,30874.59,0.862,471,0.5397
11255,Treino_8071,saude,inbound,439,54831.97,0.883,495,0.5925
11291,Treino_8072,servicos,outbound,439,47021.33,0.021,208,0.622
10510,Treino_8073,saude,inbound,439,41589.34,0.544,106,0.0298
13760,Treino_8074,industria,outbound,439,64670.78,0.735,380,0.7513
17048,Treino_8075,tecnologia,inbound,439,57165.67,0.078,185,0.4295
14981,Treino_8076,varejo,inbound,439,96840.84,0.892,357,0.99
13315,Treino_8077,industria,outbound,439,35540.71,0.989,359,0.6159
17127,Treino_8078,industria,inbound,439,33666.17,0.201,195,0.6209
12838,Treino_8079,industria,outbound,439,42661.51,0.598,188,0.8373
13301,Treino_8080,tecnologia,inbound,439,46812.64,0.443,486,0.6912
15859,Treino_8081,tecnologia,inbound,440,80687.6,0.62,289,0.6314
12618,Treino_8082,servicos,inbound,440,26773.97,0.873,53,0.6782
12599,Treino_8083,saude,inbound,440,18345.16,0.587,350,0.5802
10734,Treino_8084,varejo,outbound,440,54541.06,0.947,314,0.6185
18952,Treino_8085,servicos,indicacao,440,57542.92,0.56,29,0.4231
11001,Treino_8086,varejo,outbound,440,43993.68,0.294,361,0.4841
10496,Treino_8087,servicos,inbound,440,91460.03,0.106,9,0.2913
12609,Treino_8088,industria,inbound,440,32244.74,0.475,13,0.1492
10736,Treino_8089,varejo,inbound,440,62852.85,0.763,132,0.3518
19525,Treino_8090,tecnologia,outbound,440,46800.96,0.824,278,0.5997
15308,Treino_8091,tecnologia,outbound,440,12824.69,0.029,169,0.2892
13380,Treino_8092,varejo,inbound,440,52069.31,0.642,312,0.5798
18173,Treino_8093,servicos,inbound,440,58372.53,0.536,452,0.2349
14576,Treino_8094,saude,indicacao,440,61981.13,0.257,410,0.5316
13563,Treino_8095,saude,outbound,440,58284.08,0.363,372,0.3589
19745,Treino_8096,servicos,outbound,440,54234.55,0.921,342,0.6781
16476,Treino_8097,varejo,outbound,440,73188.72,0.362,237,0.7485
16978,Treino_8098,industria,outbound,440,48391.47,0.719,84,0.3784
14843,Treino_8099,tecnologia,indicacao,440,33134.85,0.212,132,0.2792
12899,Treino_8100,tecnologia,inbound,440,48989.74,0.473,17,0.2178
16452,Treino_8101,industria,inbound,440,22580.5,0.487,376,0.7398
13891,Treino_8102,varejo,inbound,440,32045.92,0.772,455,0.6896
17820,Treino_8103,industria,outbound,441,56995.49,0.199,44,0.2461
10852,Treino_8104,industria,outbound,441,35850.84,0.394,263,0.2416
16461,Treino_8105,industria,inbound,441,74423.38,0.739,192,0.4866
15942,Treino_8106,servicos,inbound,441,25201.92,0.373,280,0.3691
13374,Treino_8107,tecnologia,outbound,441,57243.17,0.599,176,0.3435
17564,Treino_8108,industria,inbound,441,76118.41,0.951,469,0.8736
15461,Treino_8109,tecnologia,inbound,441,92721.23,0.816,105,0.9456
17983,Treino_8110,industria,inbound,441,54347.05,0.967,77,0.5582
11036,Treino_8111,servicos,inbound,441,64465.68,0.512,391,0.7198
10537,Treino_8112,tecnologia,inbound,441,86000.06,0.567,268,0.5319
18886,Treino_8113,industria,inbound,441,54247.33,0.568,366,0.5036
10533,Treino_8114,tecnologia,inbound,441,53637.08,0.815,470,0.5559
14026,Treino_8115,industria,outbound,441,22013.27,0.917,464,0.5344
10090,Treino_8116,servicos,outbound,441,64418.45,0.895,421,0.4447
14607,Treino_8117,industria,inbound,441,90879.43,0.684,133,0.6006
19720,Treino_8118,tecnologia,inbound,441,86553.71,0.994,101,0.7032
15052,Treino_8119,servicos,outbound,441,40270.26,0.672,333,0.5862
12604,Treino_8120,industria,outbound,441,41089.13,0.721,302,0.5503
10025,Treino_8121,tecnologia,inbound,441,56843.32,0.333,273,0.121
14429,Treino_8122,servicos,outbound,441,49864.78,0.744,396,0.99
12642,Treino_8123,saude,outbound,441,65582.49,0.148,298,0.2533
14140,Treino_8124,tecnologia,inbound,441,5000.0,0.496,370,0.4877
19964,Treino_8125,saude,inbound,441,31198.26,0.651,483,0.5525
15792,Treino_8126,servicos,inbound,441,74773.63,0.771,458,0.7671
14016,Treino_8127,tecnologia,indicacao,442,47806.72,0.703,50,0.4626
14653,Treino_8128,saude,indicacao,442,89506.3,0.819,96,0.5224
13237,Treino_8129,industria,inbound,442,63315.33,0.98,333,0.8765
13657,Treino_8130,varejo,inbound,442,45269.82,0.127,143,0.1828
11989,Treino_8131,saude,inbound,442,48757.18,0.756,42,0.562
17974,Treino_8132,varejo,outbound,442,54136.49,0.627,369,0.5113
11841,Treino_8133,industria,inbound,442,43784.09,0.387,126,0.4728
19913,Treino_8134,tecnologia,outbound,442,28937.21,0.338,375,0.628
12794,Treino_8135,varejo,outbound,442,58883.75,0.365,229,0.4275
10784,Treino_8136,industria,indicacao,442,34113.92,0.859,60,0.6054
10435,Treino_8137,varejo,outbound,442,40570.72,0.554,92,0.2777
14996,Treino_8138,servicos,inbound,442,37745.09,0.508,102,0.3721
14218,Treino_8139,tecnologia,outbound,442,67086.6,0.696,281,0.7866
18388,Treino_8140,saude,outbound,442,36624.09,0.457,478,0.0821
11827,Treino_8141,saude,outbound,442,51405.08,0.837,275,0.5814
19133,Treino_8142,tecnologia,outbound,442,72476.09,0.268,140,0.8555
16719,Treino_8143,servicos,indicacao,442,60962.96,0.982,390,0.99
11887,Treino_8144,saude,outbound,443,64826.42,0.062,11,0.227
12690,Treino_8145,tecnologia,indicacao,443,54406.69,0.305,15,0.1274
17778,Treino_8146,servicos,inbound,443,5000.0,0.654,272,0.3025
19578,Treino_8147,saude,inbound,443,78909.73,0.558,309,0.2011
13579,Treino_8148,industria,inbound,443,67867.63,0.911,301,0.6115
19816,Treino_8149,tecnologia,inbound,443,23674.24,0.155,58,0.2421
10389,Treino_8150,varejo,inbound,443,40796.26,0.143,46,0.1017
17605,Treino_8151,varejo,indicacao,443,36518.59,0.826,361,0.3377
18354,Treino_8152,industria,inbound,443,67598.67,0.187,63,0.2282
17806,Treino_8153,tecnologia,inbound,443,24398.64,0.024,146,0.0238
15241,Treino_8154,tecnologia,inbound,443,15649.63,0.919,336,0.3964
17708,Treino_8155,servicos,indicacao,443,15535.69,0.768,383,0.6311
12461,Treino_8156,tecnologia,indicacao,443,73852.93,0.52,151,0.3724
10648,Treino_8157,servicos,inbound,443,60461.22,0.488,63,0.2119
15667,Treino_8158,saude,inbound,443,36806.73,0.331,343,0.2418
13818,Treino_8159,saude,inbound,443,50685.88,0.978,35,0.431
13634,Treino_8160,tecnologia,inbound,444,66629.21,0.739,379,0.7473
15250,Treino_8161,varejo,outbound,444,31498.41,0.875,20,0.5441
15909,Treino_8162,industria,outbound,444,97471.08,0.843,383,0.3745
14178,Treino_8163,tecnologia,inbound,444,49881.86,0.818,139,0.6269
17758,Treino_8164,tecnologia,inbound,444,75084.16,0.092,475,0.6301
12142,Treino_8165,servicos,inbound,444,21016.21,0.19,111,0.1762
10518,Treino_8166,tecnologia,inbound,444,63767.75,0.262,274,0.3042
17906,Treino_8167,varejo,inbound,444,32142.46,0.024,306,0.1233
15944,Treino_8168,tecnologia,outbound,445,57416.56,0.189,47,0.134
10530,Treino_8169,industria,inbound,445,52130.77,0.417,364,0.7459
14351,Treino_8170,saude,outbound,445,73378.88,0.794,232,0.7114
15928,Treino_8171,servicos,inbound,445,35422.2,0.699,51,0.1579
12941,Treino_8172,servicos,outbound,445,42517.69,0.477,364,0.425
18595,Treino_8173,tecnologia,outbound,445,18071.48,0.219,452,0.4512
16759,Treino_8174,servicos,outbound,445,70293.59,0.898,126,0.5683
16753,Treino_8175,industria,outbound,445,54945.31,0.349,491,0.7473
13756,Treino_8176,tecnologia,outbound,445,45572.03,0.676,473,0.7868
17254,Treino_8177,saude,inbound,445,52317.85,0.875,286,0.6083
16796,Treino_8178,servicos,outbound,445,73325.97,0.214,261,0.4972
12689,Treino_8179,servicos,outbound,445,71045.93,0.548,83,0.4234
16983,Treino_8180,servicos,inbound,445,19028.23,0.183,134,0.0546
19795,Treino_8181,servicos,indicacao,445,69604.34,0.205,269,0.3486
15884,Treino_8182,saude,inbound,445,42773.01,0.945,346,0.4941
19789,Treino_8183,tecnologia,inbound,445,47309.32,0.116,480,0.2813
16829,Treino_8184,servicos,inbound,445,67171.78,0.658,227,0.6074
19115,Treino_8185,tecnologia,inbound,445,35948.84,0.41,297,0.3613
13975,Treino_8186,saude,inbound,445,65614.72,0.806,273,0.52
17368,Treino_8187,industria,inbound,446,38037.13,0.805,10,0.1044
10973,Treino_8188,saude,indicacao,446,73585.94,0.486,224,0.6191
13524,Treino_8189,saude,inbound,446,29017.43,0.156,289,0.4782
10813,Treino_8190,tecnologia,outbound,446,77128.9,0.19,27,0.4417
19333,Treino_8191,industria,indicacao,446,56205.39,0.185,474,0.7445
13653,Treino_8192,industria,inbound,446,58807.93,0.09,170,0.51
15223,Treino_8193,tecnologia,inbound,446,41121.61,0.755,167,0.6941
17717,Treino_8194,industria,inbound,446,80213.44,0.992,439,0.5805
13197,Treino_8195,varejo,inbound,446,68920.16,0.294,296,0.4793
11458,Treino_8196,industria,indicacao,446,43318.21,0.658,364,0.561
17586,Treino_8197,tecnologia,outbound,446,43844.83,0.274,90,0.4045
14742,Treino_8198,industria,inbound,446,45223.37,0.702,74,0.3667
11267,Treino_8199,tecnologia,indicacao,446,69712.21,0.829,453,0.7419
18632,Treino_8200,industria,inbound,446,83782.22,0.562,49,0.5594
12806,Treino_8201,tecnologia,outbound,446,57987.22,0.289,330,0.0478
18539,Treino_8202,saude,outbound,446,62458.58,0.452,164,0.4831
17619,Treino_8203,tecnologia,outbound,446,61522.9,0.962,216,0.4643
16716,Treino_8204,servicos,outbound,446,81881.45,0.522,345,0.9599
16588,Treino_8205,servicos,inbound,446,51102.79,0.185,474,0.6276
10347,Treino_8206,saude,inbound,446,62208.37,0.462,149,0.318
19291,Treino_8207,tecnologia,inbound,446,40786.67,0.962,472,0.5425
19369,Treino_8208,varejo,indicacao,446,47603.41,0.552,383,0.943
17660,Treino_8209,varejo,inbound,446,40440.2,0.464,245,0.5598
13473,Treino_8210,saude,inbound,446,43034.44,0.776,398,0.7395
18350,Treino_8211,servicos,inbound,446,71945.53,0.127,18,0.1466
10746,Treino_8212,tecnologia,outbound,446,40159.05,0.21,405,0.3981
18873,Treino_8213,tecnologia,outbound,446,61562.16,0.666,22,0.2703
16574,Treino_8214,tecnologia,inbound,447,37710.07,0.672,279,0.8476
11168,Treino_8215,industria,inbound,447,37246.18,0.762,270,0.6853
13058,Treino_8216,industria,outbound,447,37174.88,0.899,449,0.9888
18822,Treino_8217,saude,inbound,447,45138.44,0.615,240,0.0945
11022,Treino_8218,tecnologia,inbound,447,33602.76,0.446,499,0.6654
15022,Treino_8219,industria,inbound,447,24501.52,0.104,116,0.1546
12665,Treino_8220,servicos,inbound,447,43827.59,0.249,207,0.3446
11101,Treino_8221,industria,inbound,447,60092.78,0.495,232,0.49
18665,Treino_8222,saude,outbound,447,60986.47,0.582,191,0.7084
13356,Treino_8223,servicos,inbound,447,54781.41,0.482,43,0.301
13949,Treino_8224,varejo,inbound,447,84169.63,0.736,496,0.6577
11895,Treino_8225,servicos,inbound,447,54246.27,0.352,305,0.4343
18963,Treino_8226,tecnologia,outbound,447,51558.74,0.623,93,0.3765
11330,Treino_8227,servicos,indicacao,447,88556.29,0.903,369,0.564
19001,Treino_8228,tecnologia,inbound,447,5000.0,0.43,61,0.0103
11037,Treino_8229,industria,inbound,447,39781.39,0.828,200,0.4658
17079,Treino_8230,tecnologia,indicacao,447,42269.52,0.265,488,0.3079
18580,Treino_8231,industria,inbound,447,76235.85,0.878,282,0.99
17342,Treino_8232,tecnologia,inbound,447,29883.85,0.496,146,0.249
12041,Treino_8233,varejo,inbound,447,109008.45,0.421,395,0.7865
12547,Treino_8234,industria,inbound,447,25953.26,0.148,30,0.01
18974,Treino_8235,industria,outbound,447,84934.94,0.189,104,0.4123
17622,Treino_8236,tecnologia,outbound,447,37787.88,0.707,490,0.7209
17769,Treino_8237,tecnologia,inbound,447,31789.98,0.566,83,0.2404
15965,Treino_8238,tecnologia,outbound,448,25573.8,0.839,323,0.6667
10649,Treino_8239,tecnologia,inbound,448,35043.93,0.348,26,0.391
13835,Treino_8240,varejo,indicacao,448,50869.99,0.889,413,0.8111
17473,Treino_8241,servicos,outbound,448,53080.25,0.558,96,0.4643
17683,Treino_8242,industria,inbound,448,57895.04,0.035,242,0.4401
12667,Treino_8243,tecnologia,outbound,448,32543.91,0.173,283,0.3596
17145,Treino_8244,saude,inbound,448,72601.71,0.515,430,0.7052
14829,Treino_8245,saude,inbound,448,26582.72,0.806,349,0.6675
15127,Treino_8246,industria,outbound,448,52012.78,0.204,207,0.4148
12342,Treino_8247,servicos,outbound,448,50501.97,0.334,37,0.0828
11739,Treino_8248,varejo,inbound,448,70896.4,0.529,236,0.5389
14327,Treino_8249,servicos,outbound,448,32799.26,0.726,135,0.2769
19684,Treino_8250,varejo,inbound,448,40806.27,0.429,178,0.2955
14529,Treino_8251,saude,indicacao,448,56766.92,0.041,289,0.2478
19341,Treino_8252,industria,outbound,448,46194.38,0.335,253,0.3647
16261,Treino_8253,tecnologia,inbound,448,73768.36,0.724,219,0.8048
17298,Treino_8254,industria,indicacao,448,55699.7,0.137,477,0.4524
14177,Treino_8255,servicos,inbound,448,59656.72,0.562,60,0.3005
13263,Treino_8256,saude,outbound,448,44023.59,0.284,314,0.3495
10635,Treino_8257,industria,indicacao,448,32071.28,0.763,390,0.5363
16110,Treino_8258,servicos,inbound,448,80487.57,0.165,419,0.6374
16225,Treino_8259,saude,inbound,449,61232.62,0.664,353,0.5973
14040,Treino_8260,saude,outbound,449,67171.2,0.449,385,0.4692
14491,Treino_8261,tecnologia,outbound,449,40945.25,0.996,183,0.7785
13348,Treino_8262,industria,inbound,449,86618.36,0.576,257,0.2748
16933,Treino_8263,tecnologia,inbound,449,80891.42,0.218,457,0.7743
14271,Treino_8264,servicos,inbound,449,50414.32,0.015,114,0.1219
12719,Treino_8265,servicos,outbound,449,52107.65,0.496,293,0.479
19952,Treino_8266,tecnologia,outbound,449,57683.72,0.098,310,0.0711
11041,Treino_8267,varejo,indicacao,449,65484.33,0.574,370,0.6151
18770,Treino_8268,industria,inbound,449,32586.27,0.85,214,0.3956
15341,Treino_8269,tecnologia,outbound,449,49784.97,0.496,29,0.5341
14690,Treino_8270,saude,inbound,449,58442.7,0.773,444,0.4586
13873,Treino_8271,saude,inbound,449,5000.0,0.826,262,0.5587
13609,Treino_8272,servicos,inbound,449,85501.15,0.966,475,0.6339
15836,Treino_8273,servicos,indicacao,450,56152.38,0.758,358,0.5018
14001,Treino_8274,saude,inbound,450,31210.48,0.51,57,0.4329
15550,Treino_8275,industria,outbound,450,40833.52,0.993,68,0.8498
16388,Treino_8276,servicos,outbound,450,55386.13,0.902,94,0.7985
11526,Treino_8277,saude,inbound,450,51848.02,0.309,346,0.2357
18344,Treino_8278,servicos,outbound,450,44465.58,0.517,91,0.2545
15316,Treino_8279,industria,outbound,450,76931.36,0.725,138,0.6725
18105,Treino_8280,varejo,indicacao,450,5000.0,0.489,278,0.2197
11003,Treino_8281,industria,inbound,450,74183.19,0.055,117,0.01
14509,Treino_8282,servicos,outbound,450,34830.52,0.91,478,0.7007
12155,Treino_8283,tecnologia,inbound,450,53823.08,0.202,303,0.2404
19760,Treino_8284,varejo,inbound,450,43556.21,0.28,95,0.4591
18662,Treino_8285,saude,outbound,451,25696.47,0.613,111,0.4145
19778,Treino_8286,tecnologia,inbound,451,64109.82,0.364,434,0.6156
16327,Treino_8287,industria,inbound,451,8480.41,0.177,202,0.188
18037,Treino_8288,saude,inbound,451,75216.84,0.943,336,0.4647
11287,Treino_8289,varejo,outbound,451,5000.0,0.518,198,0.3673
17805,Treino_8290,servicos,inbound,451,45441.42,0.208,168,0.4913
15460,Treino_8291,servicos,inbound,451,84067.21,0.574,270,0.8271
17401,Treino_8292,saude,outbound,451,36974.24,0.871,487,0.4069
15123,Treino_8293,industria,outbound,451,46229.83,0.818,66,0.4344
17088,Treino_8294,industria,inbound,451,74620.45,0.292,433,0.6706
15701,Treino_8295,saude,inbound,451,22978.8,0.437,168,0.2483
18820,Treino_8296,tecnologia,inbound,451,52978.19,0.452,56,0.3165
18405,Treino_8297,servicos,inbound,451,58274.1,0.838,461,0.5343
14186,Treino_8298,tecnologia,inbound,451,46193.8,0.045,359,0.3086
15987,Treino_8299,varejo,inbound,451,21016.08,0.31,123,0.3605
12115,Treino_8300,varejo,indicacao,451,68933.97,0.067,191,0.415
14188,Treino_8301,servicos,inbound,451,47196.39,0.758,244,0.5809
13149,Treino_8302,saude,indicacao,451,50532.05,0.139,73,0.4404
15297,Treino_8303,industria,indicacao,452,53438.89,0.737,386,0.4001
13326,Treino_8304,tecnologia,outbound,452,59497.17,0.813,83,0.4096
16503,Treino_8305,servicos,outbound,452,104511.58,0.07,34,0.5284
13352,Treino_8306,servicos,indicacao,452,65194.35,0.403,28,0.4024
10854,Treino_8307,servicos,inbound,452,24760.4,0.513,331,0.5279
18773,Treino_8308,saude,outbound,452,64475.06,0.784,389,0.7609
15149,Treino_8309,varejo,inbound,452,56790.6,0.586,155,0.711
14992,Treino_8310,varejo,outbound,452,39034.68,0.582,385,0.5592
14088,Treino_8311,servicos,inbound,452,55065.43,0.418,157,0.2742
16838,Treino_8312,varejo,inbound,452,47118.1,0.19,91,0.1432
17966,Treino_8313,tecnologia,inbound,452,28431.63,0.016,256,0.0153
17990,Treino_8314,servicos,inbound,452,39832.97,0.332,32,0.2553
13509,Treino_8315,servicos,inbound,452,38480.03,0.212,314,0.2558
16728,Treino_8316,industria,inbound,452,66787.6,0.184,205,0.427
11234,Treino_8317,saude,inbound,452,46297.42,0.22,228,0.2464
11014,Treino_8318,tecnologia,outbound,452,70975.69,0.351,148,0.2418
14376,Treino_8319,servicos,inbound,452,50683.15,0.961,29,0.3561
16020,Treino_8320,tecnologia,outbound,452,42843.86,0.997,30,0.6642
19483,Treino_8321,tecnologia,inbound,452,70114.65,0.794,495,0.8401
17270,Treino_8322,tecnologia,inbound,452,81956.4,0.696,260,0.7733
15146,Treino_8323,varejo,inbound,452,49435.04,0.735,210,0.5636
14208,Treino_8324,servicos,inbound,453,69095.4,0.798,135,0.4939
16305,Treino_8325,servicos,indicacao,453,60908.63,0.743,453,0.6815
17684,Treino_8326,varejo,inbound,453,53136.98,0.36,116,0.3912
13935,Treino_8327,servicos,inbound,453,8241.57,0.074,69,0.2935
10729,Treino_8328,tecnologia,inbound,453,64386.03,0.601,249,0.6374
16711,Treino_8329,servicos,indicacao,453,74975.1,0.397,285,0.6209
18491,Treino_8330,tecnologia,indicacao,453,20384.95,0.146,459,0.6686
15767,Treino_8331,servicos,inbound,453,19856.03,0.888,318,0.5327
18916,Treino_8332,varejo,outbound,453,57651.67,0.827,466,0.5634
17235,Treino_8333,tecnologia,indicacao,453,52855.98,0.032,94,0.01
17788,Treino_8334,saude,inbound,453,52348.62,0.809,265,0.22
11990,Treino_8335,industria,indicacao,453,41742.55,0.817,454,0.7692
14782,Treino_8336,industria,outbound,453,69544.97,0.83,177,0.7592
16399,Treino_8337,tecnologia,inbound,453,42120.59,0.448,397,0.2937
10047,Treino_8338,saude,indicacao,453,11254.61,0.18,19,0.1594
10685,Treino_8339,varejo,inbound,453,69564.45,0.154,380,0.1573
18462,Treino_8340,tecnologia,outbound,453,43555.66,0.865,41,0.5975
15636,Treino_8341,saude,outbound,453,66412.05,0.797,98,0.8274
16833,Treino_8342,varejo,inbound,453,39395.74,0.285,436,0.01
18310,Treino_8343,saude,outbound,453,52177.44,0.276,53,0.1842
10662,Treino_8344,industria,outbound,453,29654.02,0.567,335,0.3978
16889,Treino_8345,industria,outbound,453,64572.94,0.944,288,0.6797
12782,Treino_8346,saude,inbound,453,64385.85,0.177,183,0.1313
10367,Treino_8347,varejo,inbound,453,14265.16,0.627,192,0.4915
18147,Treino_8348,saude,inbound,453,55906.77,0.252,476,0.5262
14034,Treino_8349,saude,inbound,453,30292.2,0.833,183,0.5958
18340,Treino_8350,tecnologia,outbound,453,55062.33,0.343,357,0.8343
13416,Treino_8351,servicos,inbound,453,78735.02,0.575,484,0.604
13982,Treino_8352,industria,inbound,453,57465.2,0.654,171,0.7755
14669,Treino_8353,servicos,outbound,453,75711.05,0.126,119,0.1505
13832,Treino_8354,industria,inbound,453,57479.92,0.488,256,0.6708
18707,Treino_8355,servicos,inbound,454,48269.04,0.052,71,0.4103
15301,Treino_8356,saude,inbound,454,45577.26,0.573,350,0.2759
14196,Treino_8357,industria,outbound,454,74421.01,0.684,358,0.7276
11867,Treino_8358,varejo,inbound,454,79799.95,0.078,133,0.3138
14609,Treino_8359,tecnologia,inbound,454,81525.94,0.035,30,0.3709
18088,Treino_8360,servicos,inbound,454,71276.29,0.278,264,0.6365
13890,Treino_8361,saude,outbound,454,42784.4,0.732,240,0.5888
19702,Treino_8362,tecnologia,outbound,454,12044.24,0.588,45,0.2306
18919,Treino_8363,tecnologia,inbound,454,35401.25,0.398,166,0.2052
14166,Treino_8364,varejo,indicacao,454,63619.72,0.479,365,0.4714
14298,Treino_8365,saude,inbound,454,71743.99,0.732,496,0.9089
18445,Treino_8366,tecnologia,inbound,454,48938.98,0.317,401,0.2095
19692,Treino_8367,varejo,outbound,454,39588.2,0.25,266,0.1874
10433,Treino_8368,varejo,inbound,454,42951.6,0.439,174,0.3445
19849,Treino_8369,saude,inbound,455,55486.58,0.146,467,0.2453
15324,Treino_8370,tecnologia,inbound,455,42425.59,0.668,116,0.7349
16644,Treino_8371,servicos,inbound,455,55688.88,0.648,302,0.5148
18381,Treino_8372,industria,inbound,455,62213.53,0.228,5,0.5957
10963,Treino_8373,servicos,inbound,455,43013.21,0.1,332,0.0624
15077,Treino_8374,industria,inbound,455,82747.9,0.663,471,0.7879
12534,Treino_8375,tecnologia,indicacao,455,76241.09,0.364,370,0.4895
10065,Treino_8376,tecnologia,indicacao,455,67104.92,0.27,259,0.3379
17457,Treino_8377,industria,inbound,455,32699.89,0.679,273,0.2589
13636,Treino_8378,servicos,inbound,455,58173.9,0.347,498,0.68
12572,Treino_8379,industria,outbound,455,102277.02,0.348,59,0.3012
17017,Treino_8380,tecnologia,outbound,455,66571.94,0.366,152,0.272
11859,Treino_8381,saude,inbound,455,5000.0,0.496,409,0.3727
13687,Treino_8382,servicos,indicacao,455,36299.26,0.353,219,0.2878
16808,Treino_8383,servicos,inbound,455,56140.64,0.583,46,0.4584
10332,Treino_8384,tecnologia,outbound,455,32906.29,0.178,196,0.0987
10371,Treino_8385,industria,inbound,455,58946.37,0.316,326,0.4815
14707,Treino_8386,saude,inbound,455,48664.12,0.026,170,0.0838
12466,Treino_8387,industria,inbound,456,80683.29,0.957,423,0.9893
12483,Treino_8388,servicos,indicacao,456,61290.03,0.983,499,0.7885
13128,Treino_8389,tecnologia,outbound,456,56070.97,0.195,453,0.3834
15571,Treino_8390,tecnologia,indicacao,456,54523.68,0.099,236,0.229
13251,Treino_8391,tecnologia,outbound,456,53493.88,0.001,407,0.3629
10940,Treino_8392,saude,inbound,456,56520.14,0.338,473,0.5919
18764,Treino_8393,industria,indicacao,456,42509.81,0.484,325,0.3426
14715,Treino_8394,industria,indicacao,456,24970.08,0.643,46,0.1274
10086,Treino_8395,tecnologia,inbound,456,59517.09,0.292,204,0.6392
11615,Treino_8396,tecnologia,outbound,456,30706.52,0.496,467,0.5835
17642,Treino_8397,varejo,outbound,456,42068.59,0.077,392,0.4847
10114,Treino_8398,varejo,indicacao,456,27498.12,0.453,83,0.0947
19077,Treino_8399,varejo,outbound,456,64760.11,0.725,481,0.99
12701,Treino_8400,servicos,indicacao,456,5000.0,0.375,235,0.1143
13705,Treino_8401,saude,outbound,456,18561.58,0.997,56,0.3454
10585,Treino_8402,industria,indicacao,456,46788.59,0.578,250,0.6327
10806,Treino_8403,varejo,inbound,456,93438.18,0.934,88,0.6113
10970,Treino_8404,saude,inbound,457,53239.88,0.769,93,0.502
12027,Treino_8405,saude,inbound,457,63748.89,0.952,175,0.3335
17111,Treino_8406,saude,indicacao,457,56303.23,0.143,356,0.332
18329,Treino_8407,tecnologia,inbound,457,73627.68,0.914,82,0.4546
16704,Treino_8408,tecnologia,inbound,457,71568.24,0.986,43,0.7061
19929,Treino_8409,tecnologia,inbound,457,98694.71,0.194,225,0.4947
17117,Treino_8410,varejo,indicacao,457,71294.3,0.349,345,0.8102
17531,Treino_8411,varejo,inbound,457,29581.5,0.679,486,0.2563
11451,Treino_8412,tecnologia,indicacao,457,65084.23,0.325,226,0.2534
12471,Treino_8413,saude,inbound,457,74715.34,0.451,350,0.5303
12658,Treino_8414,varejo,inbound,457,45482.31,0.108,6,0.3554
15025,Treino_8415,varejo,outbound,457,61876.9,0.861,265,0.5235
17864,Treino_8416,industria,inbound,457,55329.67,0.054,160,0.3111
10707,Treino_8417,varejo,outbound,457,48082.83,0.423,251,0.3708
12674,Treino_8418,tecnologia,inbound,457,28916.08,0.256,180,0.3688
14290,Treino_8419,industria,indicacao,457,78057.32,0.148,11,0.0316
14836,Treino_8420,industria,indicacao,457,7702.86,0.576,194,0.2795
19418,Treino_8421,industria,inbound,457,76994.24,0.7,81,0.6694
13021,Treino_8422,varejo,inbound,457,61791.83,0.029,80,0.4025
16044,Treino_8423,servicos,outbound,457,41181.16,0.931,373,0.432
19389,Treino_8424,tecnologia,inbound,457,55916.1,0.92,144,0.9858
11965,Treino_8425,saude,inbound,458,39201.3,0.137,253,0.3828
15632,Treino_8426,servicos,inbound,458,37554.22,0.762,369,0.6281
12731,Treino_8427,saude,inbound,458,37614.78,0.364,159,0.1381
10421,Treino_8428,servicos,indicacao,458,34357.11,0.072,34,0.3772
19612,Treino_8429,tecnologia,inbound,458,41279.36,0.741,312,0.2267
13490,Treino_8430,industria,inbound,458,12821.9,0.293,414,0.373
10899,Treino_8431,tecnologia,inbound,458,31752.21,0.184,474,0.7387
13522,Treino_8432,industria,inbound,458,54585.37,0.073,358,0.4574
10251,Treino_8433,tecnologia,outbound,458,17954.0,0.845,315,0.4245
18038,Treino_8434,industria,outbound,458,47817.76,0.471,434,0.6824
19841,Treino_8435,varejo,outbound,458,28100.28,0.884,154,0.0417
19842,Treino_8436,tecnologia,inbound,458,117818.82,0.895,94,0.99
15246,Treino_8437,servicos,indicacao,458,25775.23,0.089,152,0.0915
14262,Treino_8438,varejo,inbound,458,37616.49,0.805,336,0.4898
10438,Treino_8439,industria,indicacao,458,70534.61,0.859,285,0.713
12522,Treino_8440,saude,inbound,458,37729.75,0.956,485,0.8031
17987,Treino_8441,varejo,outbound,458,5000.0,0.795,39,0.5813
11184,Treino_8442,varejo,indicacao,458,61865.12,0.036,323,0.1626
16063,Treino_8443,tecnologia,outbound,458,82901.55,0.738,228,0.6404
14577,Treino_8444,industria,outbound,458,65380.55,0.866,443,0.8489
11230,Treino_8445,industria,inbound,458,20449.87,0.267,356,0.1353
13498,Treino_8446,servicos,outbound,458,53128.78,0.226,325,0.3376
10802,Treino_8447,industria,indicacao,459,61265.05,0.742,28,0.6145
11767,Treino_8448,industria,inbound,459,40657.21,0.922,499,0.4819
16474,Treino_8449,servicos,outbound,459,78646.17,0.621,130,0.2342
13207,Treino_8450,varejo,outbound,459,34702.46,0.094,364,0.01
12757,Treino_8451,saude,outbound,459,61331.36,0.003,466,0.6197
15595,Treino_8452,saude,inbound,459,56778.2,0.654,304,0.8053
19823,Treino_8453,industria,outbound,459,44921.47,0.019,7,0.5945
10429,Treino_8454,saude,outbound,459,55272.31,0.448,190,0.1674
18336,Treino_8455,industria,outbound,459,39268.86,0.839,136,0.2234
17899,Treino_8456,varejo,inbound,459,40609.32,0.707,274,0.2995
16193,Treino_8457,saude,inbound,459,53214.51,0.739,250,0.629
15687,Treino_8458,varejo,indicacao,459,23553.81,0.143,389,0.2163
11288,Treino_8459,industria,outbound,459,75371.18,0.442,37,0.3752
13571,Treino_8460,servicos,inbound,459,61217.59,0.351,136,0.01
12012,Treino_8461,saude,inbound,459,45897.73,0.101,142,0.01
17449,Treino_8462,industria,outbound,459,47326.33,0.582,26,0.01
11486,Treino_8463,tecnologia,inbound,459,16476.61,0.535,22,0.3998
13755,Treino_8464,varejo,inbound,460,68824.58,0.436,213,0.3864
17194,Treino_8465,servicos,inbound,460,48284.7,0.215,389,0.2921
16564,Treino_8466,saude,indicacao,460,56652.25,0.606,93,0.4974
14172,Treino_8467,industria,indicacao,460,19829.12,0.114,248,0.2277
16747,Treino_8468,varejo,inbound,460,27178.72,0.905,234,0.4912
10588,Treino_8469,industria,inbound,460,86928.85,0.8,297,0.9576
18936,Treino_8470,saude,outbound,460,40958.32,0.638,452,0.5332
19499,Treino_8471,industria,inbound,460,42428.94,0.657,490,0.3896
10883,Treino_8472,saude,outbound,460,100829.54,0.226,407,0.6626
18839,Treino_8473,tecnologia,indicacao,460,64732.88,0.698,435,0.682
15258,Treino_8474,servicos,inbound,460,66721.89,0.868,127,0.5832
19664,Treino_8475,tecnologia,inbound,460,70661.51,0.111,448,0.4791
19228,Treino_8476,servicos,inbound,460,71437.37,0.074,15,0.1881
11892,Treino_8477,tecnologia,outbound,460,33387.11,0.462,294,0.3647
14918,Treino_8478,servicos,inbound,460,50289.84,0.905,187,0.6576
12273,Treino_8479,servicos,outbound,460,41785.3,0.857,136,0.2897
13765,Treino_8480,servicos,inbound,460,49706.56,0.089,171,0.3269
16560,Treino_8481,tecnologia,indicacao,460,55832.22,0.636,203,0.4013
15954,Treino_8482,servicos,inbound,461,52877.05,0.134,256,0.4617
10341,Treino_8483,tecnologia,inbound,461,47840.14,0.721,383,0.5924
10130,Treino_8484,tecnologia,outbound,461,43378.97,0.757,472,0.9313
17422,Treino_8485,varejo,inbound,461,79039.56,0.985,98,0.7568
10991,Treino_8486,industria,indicacao,461,63378.04,0.306,424,0.2871
12050,Treino_8487,servicos,outbound,461,31786.18,0.479,457,0.4638
19337,Treino_8488,tecnologia,outbound,461,51250.05,0.536,233,0.6099
19237,Treino_8489,servicos,indicacao,461,47794.02,0.917,258,0.3009
17828,Treino_8490,industria,inbound,461,66752.39,0.898,280,0.463
19019,Treino_8491,varejo,inbound,461,67508.82,0.932,56,0.5692
11960,Treino_8492,saude,indicacao,461,67871.2,0.917,14,0.5823
15173,Treino_8493,varejo,outbound,461,104858.7,0.257,172,0.1152
19388,Treino_8494,servicos,indicacao,461,30130.9,0.125,203,0.01
17345,Treino_8495,tecnologia,indicacao,461,65728.55,0.393,311,0.4728
13989,Treino_8496,servicos,inbound,461,86960.28,0.544,245,0.4582
16234,Treino_8497,industria,inbound,462,66420.2,0.14,393,0.4688
13388,Treino_8498,industria,indicacao,462,5000.0,0.098,71,0.102
12767,Treino_8499,saude,inbound,462,35689.35,0.743,472,0.6941
19408,Treino_8500,varejo,outbound,462,59820.27,0.059,470,0.4643
12594,Treino_8501,servicos,inbound,462,52296.17,0.934,206,0.4463
12551,Treino_8502,saude,indicacao,462,45070.92,0.339,245,0.2295
12666,Treino_8503,tecnologia,inbound,462,30078.89,0.614,162,0.5026
15923,Treino_8504,servicos,indicacao,462,26240.41,0.814,169,0.4818
17943,Treino_8505,tecnologia,outbound,462,43317.73,0.29,60,0.3131
13766,Treino_8506,saude,outbound,462,33881.24,0.053,194,0.424
10956,Treino_8507,servicos,outbound,462,15088.95,0.887,335,0.6414
17686,Treino_8508,saude,inbound,462,40943.22,0.591,143,0.2919
14486,Treino_8509,industria,indicacao,462,38471.75,0.005,367,0.5492
13099,Treino_8510,varejo,inbound,462,65740.73,0.164,446,0.5233
19884,Treino_8511,varejo,outbound,462,22044.61,0.497,240,0.562
18669,Treino_8512,saude,indicacao,462,26035.87,0.767,117,0.3848
18927,Treino_8513,industria,outbound,462,73927.4,0.615,135,0.5853
12206,Treino_8514,industria,outbound,462,30337.27,0.618,236,0.3632
10795,Treino_8515,varejo,inbound,462,46126.5,0.057,98,0.2448
15524,Treino_8516,tecnologia,inbound,462,85600.89,0.072,83,0.3953
11804,Treino_8517,servicos,inbound,462,47173.82,0.002,5,0.5214
13503,Treino_8518,industria,outbound,462,70670.87,0.12,319,0.2698
11904,Treino_8519,industria,outbound,463,51287.76,0.939,61,0.1011
14126,Treino_8520,servicos,inbound,463,53913.4,0.488,481,0.5467
11016,Treino_8521,tecnologia,inbound,463,64231.9,0.627,441,0.5978
16875,Treino_8522,varejo,outbound,463,73241.7,0.527,428,0.5737
19463,Treino_8523,saude,inbound,463,23996.12,0.942,374,0.3946
12438,Treino_8524,servicos,outbound,463,16480.82,0.008,199,0.0538
17367,Treino_8525,saude,inbound,463,55237.62,0.579,54,0.3891
14119,Treino_8526,tecnologia,indicacao,463,60649.45,0.589,120,0.4999
11183,Treino_8527,saude,inbound,463,67828.81,0.871,213,0.5674
16798,Treino_8528,industria,inbound,463,78319.46,0.72,478,0.99
13242,Treino_8529,servicos,inbound,463,59940.27,0.294,347,0.5581
12780,Treino_8530,varejo,inbound,464,45716.27,0.476,272,0.3882
12793,Treino_8531,varejo,outbound,464,63022.52,0.64,66,0.4054
19912,Treino_8532,servicos,inbound,464,60636.41,0.077,199,0.5816
19902,Treino_8533,varejo,indicacao,464,56273.5,0.838,138,0.3504
12429,Treino_8534,varejo,inbound,464,27156.35,0.119,426,0.2869
17036,Treino_8535,industria,inbound,464,73965.9,0.789,267,0.7397
11185,Treino_8536,industria,outbound,464,69973.49,0.325,416,0.3298
19654,Treino_8537,saude,inbound,464,69857.38,0.344,19,0.4678
16027,Treino_8538,tecnologia,inbound,464,33368.48,0.541,405,0.4265
16773,Treino_8539,tecnologia,outbound,464,34554.78,0.265,261,0.4891
13234,Treino_8540,tecnologia,outbound,464,73248.37,0.846,196,0.8509
13097,Treino_8541,industria,inbound,464,54179.98,0.971,306,0.8714
15497,Treino_8542,saude,inbound,464,68453.29,0.703,172,0.4405
15832,Treino_8543,varejo,inbound,464,94760.21,0.108,141,0.4149
10982,Treino_8544,servicos,outbound,464,48564.99,0.046,168,0.1375
10748,Treino_8545,industria,inbound,464,26474.55,0.022,194,0.1306
11346,Treino_8546,tecnologia,inbound,464,63352.42,0.837,460,0.4644
17515,Treino_8547,servicos,indicacao,464,85415.16,0.153,255,0.3934
17597,Treino_8548,varejo,inbound,464,67853.89,0.316,114,0.5036
13163,Treino_8549,industria,inbound,464,27759.68,0.135,264,0.2849
10373,Treino_8550,tecnologia,outbound,464,70864.08,0.728,307,0.7089
19208,Treino_8551,tecnologia,inbound,464,53998.39,0.254,116,0.3179
16539,Treino_8552,varejo,inbound,464,58803.34,0.5,372,0.5196
18314,Treino_8553,servicos,inbound,464,76682.87,0.619,103,0.2425
11938,Treino_8554,industria,inbound,464,73419.18,0.05,129,0.4634
19163,Treino_8555,industria,inbound,465,13208.38,0.686,394,0.5769
11927,Treino_8556,varejo,inbound,465,55381.88,0.592,262,0.3508
19876,Treino_8557,industria,outbound,465,59784.16,0.171,315,0.5198
18704,Treino_8558,saude,inbound,465,33972.56,0.642,217,0.1993
18703,Treino_8559,servicos,inbound,465,65387.46,0.54,198,0.7413
18222,Treino_8560,saude,inbound,465,49453.89,0.908,418,0.99
10908,Treino_8561,servicos,inbound,465,17423.09,0.437,135,0.3849
17392,Treino_8562,servicos,indicacao,465,72994.55,0.23,47,0.01
14054,Treino_8563,varejo,outbound,465,51799.49,0.3,323,0.1761
12802,Treino_8564,tecnologia,inbound,465,85870.86,0.933,457,0.8854
16017,Treino_8565,tecnologia,outbound,465,98150.68,0.349,290,0.5099
18076,Treino_8566,varejo,outbound,465,32652.76,0.051,254,0.1599
12873,Treino_8567,servicos,outbound,465,52208.93,0.695,346,0.5882
19110,Treino_8568,saude,indicacao,465,65442.51,0.365,359,0.5512
11815,Treino_8569,industria,inbound,465,66390.79,0.677,239,0.7159
10574,Treino_8570,industria,outbound,465,81142.82,0.885,359,0.7641
14015,Treino_8571,industria,outbound,465,54938.82,0.671,485,0.8308
11340,Treino_8572,varejo,inbound,465,57800.01,0.176,25,0.1822
10424,Treino_8573,tecnologia,inbound,465,32356.91,0.746,143,0.5869
13876,Treino_8574,saude,inbound,465,49667.12,0.886,214,0.6314
14329,Treino_8575,varejo,inbound,465,82549.79,0.371,439,0.6739
15577,Treino_8576,saude,indicacao,465,85036.19,0.837,123,0.3427
18784,Treino_8577,varejo,inbound,465,65166.49,0.87,167,0.5743
19457,Treino_8578,tecnologia,outbound,465,66631.57,0.51,130,0.438
16909,Treino_8579,varejo,indicacao,465,64507.56,0.351,83,0.3666
14105,Treino_8580,industria,indicacao,465,72071.17,0.47,339,0.6493
16357,Treino_8581,tecnologia,outbound,466,61299.84,0.584,421,0.3504
13243,Treino_8582,saude,inbound,466,60096.14,0.024,124,0.3662
14021,Treino_8583,industria,inbound,466,30762.11,0.648,225,0.4391
13702,Treino_8584,industria,outbound,466,46882.78,0.28,455,0.6238
15428,Treino_8585,varejo,inbound,466,85238.0,0.278,472,0.8003
10238,Treino_8586,servicos,outbound,466,45170.07,0.893,295,0.4998
12123,Treino_8587,servicos,inbound,466,42297.6,0.057,285,0.3686
11325,Treino_8588,saude,inbound,466,27969.15,0.454,432,0.6245
10479,Treino_8589,servicos,indicacao,466,80075.04,0.92,449,0.981
14593,Treino_8590,tecnologia,outbound,466,22920.21,0.183,105,0.2895
18198,Treino_8591,varejo,inbound,466,60094.6,0.18,343,0.4654
14226,Treino_8592,tecnologia,inbound,466,79185.97,0.814,231,0.7339
17532,Treino_8593,servicos,inbound,466,49426.55,0.777,186,0.6608
11459,Treino_8594,industria,inbound,466,38919.38,0.893,233,0.6591
19916,Treino_8595,saude,inbound,466,71203.21,0.21,125,0.4575
10022,Treino_8596,servicos,inbound,466,67207.62,0.717,280,0.6099
14195,Treino_8597,servicos,inbound,466,51731.88,0.97,111,0.4852
11853,Treino_8598,saude,inbound,466,41831.07,0.575,431,0.3554
13494,Treino_8599,servicos,inbound,466,39863.27,0.366,9,0.3809
19923,Treino_8600,varejo,inbound,466,52976.33,0.637,11,0.3549
10250,Treino_8601,tecnologia,inbound,466,47473.96,0.315,175,0.1679
11324,Treino_8602,servicos,outbound,467,52812.39,0.555,290,0.3752
13829,Treino_8603,servicos,inbound,467,38854.66,0.357,65,0.0794
13577,Treino_8604,industria,inbound,467,48279.62,0.085,57,0.4046
17657,Treino_8605,industria,inbound,467,54560.11,0.515,227,0.1039
18048,Treino_8606,saude,inbound,467,59492.16,0.561,235,0.3723
16844,Treino_8607,saude,outbound,467,68715.41,0.903,318,0.7056
19943,Treino_8608,saude,outbound,467,66184.27,0.608,168,0.514
17679,Treino_8609,varejo,outbound,467,49949.32,0.095,394,0.5922
14624,Treino_8610,varejo,outbound,467,45496.42,0.104,344,0.1723
12345,Treino_8611,tecnologia,outbound,467,100206.17,0.737,45,0.9186
15539,Treino_8612,tecnologia,inbound,467,54258.19,0.636,388,0.4555
16727,Treino_8613,saude,indicacao,467,27039.98,0.592,64,0.1868
19758,Treino_8614,servicos,outbound,467,45603.04,0.351,462,0.7364
19766,Treino_8615,tecnologia,inbound,467,43389.49,0.918,366,0.6061
11099,Treino_8616,servicos,inbound,467,51106.44,0.626,240,0.5477
17874,Treino_8617,servicos,inbound,467,40231.04,0.521,70,0.4726
13411,Treino_8618,servicos,outbound,467,56243.31,0.944,489,0.9307
13952,Treino_8619,saude,inbound,467,67026.88,0.647,164,0.644
15109,Treino_8620,servicos,indicacao,467,21512.99,0.026,191,0.01
18609,Treino_8621,industria,inbound,467,91821.77,0.047,449,0.5637
19058,Treino_8622,varejo,outbound,467,69901.01,0.065,160,0.4404
13377,Treino_8623,industria,inbound,468,60354.23,0.178,462,0.5282
18194,Treino_8624,saude,inbound,468,49143.9,0.914,132,0.4206
19292,Treino_8625,servicos,indicacao,468,69520.29,0.473,27,0.248
14145,Treino_8626,tecnologia,inbound,468,77119.32,0.264,324,0.5377
18474,Treino_8627,varejo,inbound,468,78913.8,0.058,345,0.2697
12355,Treino_8628,industria,indicacao,468,32200.91,0.46,312,0.3807
13864,Treino_8629,servicos,outbound,468,26512.3,0.11,135,0.0964
10003,Treino_8630,varejo,inbound,468,67737.28,0.525,114,0.4312
18152,Treino_8631,varejo,indicacao,468,56657.23,0.36,66,0.7042
14917,Treino_8632,servicos,indicacao,468,28142.1,0.806,15,0.2259
10781,Treino_8633,industria,inbound,468,57353.05,0.541,98,0.4692
10316,Treino_8634,industria,inbound,468,5000.0,0.302,189,0.0598
12781,Treino_8635,industria,inbound,469,74560.14,0.002,132,0.4595
14869,Treino_8636,varejo,inbound,469,57347.1,0.431,228,0.3951
12735,Treino_8637,servicos,inbound,469,54572.15,0.892,414,0.5972
14259,Treino_8638,servicos,inbound,469,35147.95,0.441,372,0.2062
15165,Treino_8639,varejo,inbound,469,58880.04,0.173,348,0.4154
12411,Treino_8640,tecnologia,inbound,469,74482.04,0.029,63,0.5002
12880,Treino_8641,varejo,inbound,469,61947.6,0.873,278,0.4715
13796,Treino_8642,saude,inbound,469,61742.93,0.478,332,0.6509
13884,Treino_8643,tecnologia,inbound,469,30701.25,0.234,294,0.1135
19049,Treino_8644,varejo,inbound,469,57674.45,0.022,498,0.2583
12241,Treino_8645,saude,inbound,469,68829.03,0.511,100,0.5255
17069,Treino_8646,tecnologia,inbound,469,73649.06,0.07,398,0.5663
10573,Treino_8647,industria,outbound,469,56116.73,0.598,154,0.5792
19705,Treino_8648,industria,inbound,469,61874.68,0.86,136,0.5078
10188,Treino_8649,varejo,inbound,469,82442.94,0.606,263,0.5163
19921,Treino_8650,tecnologia,outbound,470,41915.04,0.659,324,0.856
11723,Treino_8651,servicos,inbound,470,66069.23,0.834,12,0.7172
11367,Treino_8652,varejo,inbound,470,52780.3,0.19,36,0.0708
15759,Treino_8653,tecnologia,inbound,470,74086.36,0.699,227,0.6396
12484,Treino_8654,industria,indicacao,470,27261.69,0.994,427,0.5737
15650,Treino_8655,varejo,inbound,470,26553.01,0.776,279,0.7667
11817,Treino_8656,varejo,outbound,470,47728.87,0.774,338,0.746
12404,Treino_8657,industria,inbound,470,55399.19,0.442,302,0.7659
12685,Treino_8658,servicos,inbound,470,57064.39,0.704,240,0.8062
18130,Treino_8659,servicos,indicacao,470,62035.23,0.932,41,0.6811
10814,Treino_8660,tecnologia,outbound,470,30525.19,0.713,432,0.489
15339,Treino_8661,servicos,inbound,470,30175.18,0.23,481,0.5377
10531,Treino_8662,saude,outbound,470,42149.18,0.834,292,0.1931
15416,Treino_8663,saude,inbound,470,45510.32,0.41,41,0.01
14255,Treino_8664,varejo,inbound,470,72944.49,0.33,371,0.6398
11434,Treino_8665,tecnologia,inbound,471,48388.71,0.837,94,0.3946
16926,Treino_8666,servicos,indicacao,471,45382.29,0.567,297,0.4527
16881,Treino_8667,saude,inbound,471,64915.61,0.489,103,0.4623
16657,Treino_8668,tecnologia,outbound,471,22152.93,0.387,347,0.1837
14850,Treino_8669,saude,outbound,471,80761.15,0.549,175,0.7422
10708,Treino_8670,servicos,inbound,471,39592.51,0.893,404,0.7208
13489,Treino_8671,tecnologia,outbound,471,69806.64,0.283,371,0.5983
10104,Treino_8672,saude,outbound,471,40644.78,0.891,84,0.5539
17496,Treino_8673,tecnologia,outbound,471,35687.73,0.942,416,0.5428
10223,Treino_8674,tecnologia,outbound,471,37509.64,0.263,245,0.0593
16892,Treino_8675,tecnologia,inbound,471,49319.25,0.365,174,0.0388
13220,Treino_8676,saude,inbound,471,73428.48,0.135,498,0.4579
19000,Treino_8677,tecnologia,inbound,471,42168.14,0.285,456,0.3356
16680,Treino_8678,varejo,outbound,471,66856.69,0.227,36,0.4805
13407,Treino_8679,saude,indicacao,471,68501.37,0.347,136,0.3339
17872,Treino_8680,varejo,inbound,471,47956.32,0.208,209,0.4372
19895,Treino_8681,tecnologia,inbound,471,45953.11,0.283,219,0.2983
10030,Treino_8682,varejo,outbound,471,100961.95,0.944,276,0.8837
19432,Treino_8683,servicos,outbound,471,50350.45,0.753,462,0.6416
10822,Treino_8684,varejo,inbound,471,56318.1,0.412,377,0.4
11468,Treino_8685,tecnologia,inbound,471,29222.7,0.375,388,0.4756
10401,Treino_8686,varejo,indicacao,471,43515.36,0.39,315,0.4133
14444,Treino_8687,varejo,indicacao,471,47887.33,0.957,343,0.8079
16180,Treino_8688,varejo,inbound,471,33196.75,0.878,123,0.2367
14076,Treino_8689,tecnologia,inbound,472,47006.29,0.055,294,0.3788
18563,Treino_8690,varejo,outbound,472,66304.22,0.667,481,0.9489
10577,Treino_8691,varejo,inbound,472,68850.41,0.685,435,0.7404
18972,Treino_8692,varejo,outbound,472,41354.37,0.793,190,0.4923
18393,Treino_8693,varejo,inbound,472,46900.97,0.695,422,0.8137
10932,Treino_8694,industria,outbound,472,67828.91,0.221,69,0.2516
17077,Treino_8695,tecnologia,inbound,472,43062.03,0.685,171,0.28
19278,Treino_8696,industria,inbound,472,15722.59,0.171,7,0.0458
19529,Treino_8697,tecnologia,inbound,472,74438.5,0.314,263,0.3753
19288,Treino_8698,industria,inbound,472,61638.14,0.594,241,0.2087
12600,Treino_8699,servicos,inbound,472,40187.69,0.506,251,0.3447
13107,Treino_8700,industria,inbound,472,51396.8,0.645,419,0.6927
12330,Treino_8701,saude,inbound,472,25642.88,0.601,178,0.2735
17360,Treino_8702,tecnologia,outbound,472,13770.65,0.747,360,0.6463
10551,Treino_8703,servicos,inbound,472,7132.07,0.362,175,0.2401
17912,Treino_8704,industria,indicacao,472,51748.31,0.499,31,0.2587
10603,Treino_8705,saude,inbound,472,62960.34,0.543,228,0.8949
16561,Treino_8706,tecnologia,inbound,472,33288.16,0.447,412,0.2959
15827,Treino_8707,servicos,outbound,473,48711.71,0.854,478,0.2918
13895,Treino_8708,industria,inbound,473,78003.04,0.8,225,0.7152
10431,Treino_8709,servicos,outbound,473,95376.49,0.643,280,0.5202
19915,Treino_8710,tecnologia,outbound,473,47604.11,0.256,284,0.3512
15476,Treino_8711,servicos,outbound,473,38581.36,0.224,93,0.01
19603,Treino_8712,varejo,inbound,473,64981.36,0.836,322,0.3041
12055,Treino_8713,varejo,outbound,473,48420.42,0.019,38,0.2046
18256,Treino_8714,industria,inbound,473,85999.16,0.533,152,0.6393
17233,Treino_8715,saude,inbound,473,5000.0,0.498,181,0.3885
11866,Treino_8716,industria,inbound,473,62350.63,0.304,189,0.19
17526,Treino_8717,industria,inbound,473,12901.32,0.665,156,0.3319
19731,Treino_8718,industria,inbound,473,35549.7,0.695,483,0.8348
10987,Treino_8719,varejo,indicacao,473,72119.73,0.299,343,0.4148
12523,Treino_8720,industria,outbound,473,89694.34,0.879,15,0.6403
14468,Treino_8721,saude,indicacao,473,23494.84,0.803,39,0.3762
14570,Treino_8722,varejo,inbound,473,32372.83,0.325,435,0.5995
11828,Treino_8723,servicos,inbound,473,50155.15,0.89,244,0.871
14732,Treino_8724,servicos,inbound,473,35832.22,0.327,437,0.7349
11155,Treino_8725,saude,inbound,473,75388.01,0.752,272,0.6322
11703,Treino_8726,servicos,indicacao,473,36380.67,0.303,291,0.2701
16416,Treino_8727,tecnologia,outbound,473,70829.55,0.786,334,0.6368
13564,Treino_8728,tecnologia,inbound,473,57415.63,0.222,320,0.133
18955,Treino_8729,tecnologia,outbound,473,89482.53,0.644,451,0.5695
14596,Treino_8730,industria,indicacao,473,67653.41,0.715,326,0.5495
18055,Treino_8731,industria,indicacao,473,46550.58,0.042,288,0.1286
14289,Treino_8732,tecnologia,indicacao,473,58098.14,0.048,372,0.233
17583,Treino_8733,saude,outbound,473,56894.03,0.31,61,0.2303
11315,Treino_8734,varejo,inbound,473,95366.98,0.287,104,0.5307
14025,Treino_8735,varejo,inbound,473,58325.31,0.667,105,0.4458
19982,Treino_8736,industria,outbound,474,52944.5,0.985,282,0.5036
15585,Treino_8737,varejo,inbound,474,27192.02,0.276,139,0.4967
15447,Treino_8738,industria,outbound,474,29211.58,0.165,7,0.0939
18832,Treino_8739,tecnologia,outbound,474,63291.59,0.273,428,0.7801
17673,Treino_8740,industria,inbound,474,52239.9,0.422,376,0.3013
11285,Treino_8741,servicos,inbound,474,58321.55,0.776,21,0.2552
12560,Treino_8742,industria,outbound,474,53902.9,0.005,430,0.1539
18999,Treino_8743,tecnologia,inbound,474,37025.43,0.803,104,0.5705
17373,Treino_8744,varejo,inbound,474,19588.64,0.654,50,0.2472
14845,Treino_8745,varejo,outbound,474,30609.31,0.914,399,0.8897
12020,Treino_8746,saude,inbound,474,57041.83,1.0,165,0.8945
14171,Treino_8747,industria,inbound,474,72415.46,0.098,62,0.2635
19815,Treino_8748,saude,outbound,474,54921.42,0.225,226,0.4219
12441,Treino_8749,servicos,outbound,474,35643.48,0.974,401,0.6338
11418,Treino_8750,servicos,inbound,474,24044.22,0.905,440,0.7608
17358,Treino_8751,tecnologia,inbound,474,47697.3,0.554,143,0.3291
13764,Treino_8752,saude,inbound,474,68527.23,0.811,234,0.6794
11705,Treino_8753,industria,inbound,474,35915.23,0.56,34,0.448
15713,Treino_8754,varejo,inbound,474,61750.1,0.694,186,0.3507
19855,Treino_8755,varejo,inbound,474,25204.01,0.444,173,0.4336
17456,Treino_8756,varejo,outbound,474,32185.75,0.351,356,0.3314
12017,Treino_8757,varejo,outbound,474,85686.05,0.659,402,0.7743
16600,Treino_8758,industria,inbound,475,19516.91,0.565,476,0.4154
15243,Treino_8759,industria,inbound,475,42955.4,0.892,443,0.7601
16582,Treino_8760,saude,indicacao,475,40848.85,0.041,128,0.2234
19109,Treino_8761,saude,inbound,475,48252.82,0.326,368,0.3296
13405,Treino_8762,industria,indicacao,475,95714.52,0.426,66,0.6527
10364,Treino_8763,varejo,outbound,475,49740.25,0.144,468,0.5044
10610,Treino_8764,tecnologia,outbound,475,51156.97,0.878,168,0.5531
15163,Treino_8765,tecnologia,inbound,475,66838.6,0.063,476,0.3941
13533,Treino_8766,industria,outbound,475,42559.63,0.786,490,0.72
10599,Treino_8767,saude,inbound,475,50264.56,0.439,328,0.4078
15553,Treino_8768,industria,inbound,475,26809.94,0.87,324,0.6386
15621,Treino_8769,industria,indicacao,475,43768.43,0.118,28,0.4586
11971,Treino_8770,varejo,inbound,475,98899.08,0.21,44,0.452
13501,Treino_8771,saude,indicacao,475,39479.6,0.455,357,0.5456
11733,Treino_8772,saude,inbound,475,27770.69,0.455,46,0.4223
10074,Treino_8773,industria,outbound,475,49565.71,0.638,363,0.4269
16709,Treino_8774,varejo,indicacao,475,29945.42,0.118,427,0.4257
17359,Treino_8775,saude,outbound,475,40271.8,0.785,250,0.6944
17378,Treino_8776,varejo,inbound,475,37693.41,0.174,444,0.4734
18766,Treino_8777,tecnologia,inbound,475,51373.49,0.398,255,0.1651
17771,Treino_8778,varejo,inbound,475,33938.18,0.482,270,0.5668
14712,Treino_8779,saude,outbound,475,54796.47,0.456,288,0.4677
10582,Treino_8780,saude,indicacao,476,31394.31,0.488,355,0.3734
19138,Treino_8781,saude,inbound,476,58940.47,0.109,207,0.2708
15224,Treino_8782,servicos,inbound,476,13330.73,0.068,110,0.1767
12695,Treino_8783,industria,outbound,476,94767.59,0.156,450,0.5574
15763,Treino_8784,varejo,inbound,476,54971.31,0.376,433,0.6344
15666,Treino_8785,industria,inbound,476,31043.71,0.835,244,0.6903
15168,Treino_8786,tecnologia,outbound,476,46058.69,0.641,468,0.7045
15648,Treino_8787,servicos,outbound,476,67923.85,0.125,493,0.5969
11262,Treino_8788,saude,inbound,476,67725.7,0.311,271,0.7563
14383,Treino_8789,tecnologia,inbound,476,41437.97,0.637,146,0.5247
15332,Treino_8790,servicos,inbound,476,28304.89,0.236,464,0.6351
17498,Treino_8791,saude,outbound,476,32013.82,0.75,496,0.8803
10220,Treino_8792,industria,inbound,476,14977.6,0.079,488,0.3554
17747,Treino_8793,saude,inbound,476,41085.3,0.976,84,0.4993
12337,Treino_8794,saude,outbound,476,66999.26,0.828,285,0.432
11084,Treino_8795,varejo,inbound,476,51106.86,0.319,380,0.1247
10058,Treino_8796,industria,inbound,477,70073.09,0.805,301,0.4803
14549,Treino_8797,varejo,indicacao,477,79200.8,0.711,61,0.8088
14710,Treino_8798,servicos,inbound,477,54259.54,0.35,428,0.6735
18858,Treino_8799,servicos,outbound,477,38057.08,0.414,134,0.17
14662,Treino_8800,tecnologia,outbound,477,40448.17,0.368,68,0.1382
19962,Treino_8801,varejo,inbound,477,53064.17,0.363,444,0.5352
19467,Treino_8802,varejo,inbound,477,22649.92,0.772,98,0.0139
19048,Treino_8803,industria,outbound,477,41156.42,0.414,342,0.7166
19051,Treino_8804,servicos,inbound,477,80262.34,0.552,35,0.5885
18276,Treino_8805,tecnologia,indicacao,477,38376.01,0.921,315,0.8911
10689,Treino_8806,servicos,inbound,477,74818.93,0.82,204,0.4956
12322,Treino_8807,saude,inbound,477,23639.79,0.079,181,0.4545
17829,Treino_8808,industria,inbound,477,83783.88,0.327,19,0.2859
14974,Treino_8809,servicos,inbound,477,81849.09,0.534,325,0.561
16870,Treino_8810,varejo,indicacao,477,47729.26,0.344,26,0.2775
17565,Treino_8811,industria,inbound,477,25875.31,0.321,468,0.736
14032,Treino_8812,servicos,indicacao,478,61874.8,0.898,413,0.856
11964,Treino_8813,servicos,inbound,478,57921.36,0.409,416,0.7608
18093,Treino_8814,tecnologia,inbound,478,51118.65,0.558,286,0.4219
10235,Treino_8815,saude,outbound,478,29191.24,0.834,76,0.5433
18442,Treino_8816,servicos,inbound,478,23768.16,0.788,437,0.6068
15393,Treino_8817,saude,inbound,478,51620.73,0.255,84,0.2837
13720,Treino_8818,varejo,indicacao,478,49790.74,0.933,183,0.7184
17553,Treino_8819,servicos,inbound,478,47632.33,0.074,105,0.12
11681,Treino_8820,tecnologia,inbound,478,65704.64,0.243,130,0.5384
16387,Treino_8821,servicos,inbound,478,5000.0,0.869,84,0.4171
14083,Treino_8822,tecnologia,outbound,478,8577.43,0.82,88,0.4722
12482,Treino_8823,servicos,outbound,478,41498.15,0.562,302,0.3922
14385,Treino_8824,industria,indicacao,478,50055.28,0.121,345,0.418
14466,Treino_8825,tecnologia,outbound,478,90156.81,0.035,49,0.3221
17148,Treino_8826,servicos,outbound,478,29621.45,0.368,123,0.01
13561,Treino_8827,varejo,inbound,478,63086.62,0.561,429,0.5576
12575,Treino_8828,varejo,inbound,478,43494.11,0.805,222,0.614
11165,Treino_8829,servicos,outbound,478,39491.43,0.992,490,0.8581
15977,Treino_8830,varejo,outbound,478,91926.81,0.829,266,0.7142
19715,Treino_8831,servicos,indicacao,478,39360.29,0.845,37,0.5391
10576,Treino_8832,varejo,inbound,478,81916.64,0.465,435,0.5389
17731,Treino_8833,varejo,inbound,478,16017.56,0.123,266,0.1969
15926,Treino_8834,industria,indicacao,478,88886.13,0.987,269,0.7797
14865,Treino_8835,servicos,indicacao,479,32019.21,0.311,288,0.4094
11512,Treino_8836,servicos,outbound,479,40429.87,0.911,197,0.2561
12436,Treino_8837,servicos,inbound,479,58368.88,0.989,217,0.7667
12368,Treino_8838,varejo,indicacao,479,70952.45,0.33,19,0.4393
10790,Treino_8839,servicos,inbound,479,36573.08,0.461,236,0.4123
16176,Treino_8840,servicos,outbound,479,22449.28,0.867,433,0.6789
14203,Treino_8841,servicos,inbound,479,52508.89,0.758,14,0.3222
12331,Treino_8842,tecnologia,inbound,479,75204.86,0.48,486,0.6208
14730,Treino_8843,saude,inbound,479,44672.1,0.311,323,0.3022
14099,Treino_8844,servicos,inbound,479,40298.36,0.969,38,0.218
10660,Treino_8845,saude,outbound,479,67599.05,0.156,489,0.1693
17340,Treino_8846,saude,inbound,479,62238.46,0.782,141,0.3673
13678,Treino_8847,saude,inbound,479,24088.87,0.816,155,0.4327
12221,Treino_8848,industria,outbound,479,51314.52,0.6,380,0.5761
15569,Treino_8849,saude,inbound,479,71254.42,0.111,68,0.1389
16217,Treino_8850,industria,indicacao,479,48707.7,0.284,394,0.6552
16391,Treino_8851,tecnologia,inbound,479,48698.74,0.095,449,0.4959
18004,Treino_8852,varejo,inbound,479,26910.55,0.461,209,0.1872
16585,Treino_8853,saude,inbound,479,44539.58,0.886,490,0.74
14471,Treino_8854,saude,outbound,479,19723.43,0.497,403,0.3819
11380,Treino_8855,varejo,outbound,480,38837.44,0.199,482,0.1443
10794,Treino_8856,servicos,outbound,480,49541.53,0.993,223,0.6786
12964,Treino_8857,tecnologia,inbound,480,35883.96,0.716,369,0.6112
16780,Treino_8858,tecnologia,inbound,480,10953.49,0.36,377,0.3633
12895,Treino_8859,varejo,outbound,480,40905.87,0.688,135,0.3954
11332,Treino_8860,saude,outbound,480,43890.7,0.977,440,0.9096
19486,Treino_8861,tecnologia,outbound,480,39190.7,0.473,428,0.1915
16521,Treino_8862,servicos,indicacao,480,55524.47,0.141,495,0.384
18990,Treino_8863,servicos,inbound,480,47185.65,0.888,324,0.6825
16911,Treino_8864,industria,outbound,480,23587.55,0.044,27,0.01
15475,Treino_8865,varejo,inbound,480,53959.52,0.949,483,0.6985
16293,Treino_8866,industria,inbound,480,24333.04,0.312,23,0.2459
14572,Treino_8867,saude,outbound,480,75400.07,0.525,433,0.7566
19179,Treino_8868,industria,inbound,480,51584.31,0.962,327,0.537
13708,Treino_8869,servicos,indicacao,480,76198.44,0.545,81,0.5123
16067,Treino_8870,varejo,indicacao,480,42548.97,0.324,334,0.49
12036,Treino_8871,saude,inbound,480,21715.93,0.492,265,0.4193
15592,Treino_8872,varejo,inbound,480,68095.32,0.822,189,0.8405
13722,Treino_8873,varejo,inbound,480,48334.6,0.271,233,0.3428
19411,Treino_8874,saude,inbound,480,60600.44,0.477,429,0.6329
15677,Treino_8875,tecnologia,inbound,481,53468.54,0.849,55,0.3686
14746,Treino_8876,tecnologia,inbound,481,56207.67,0.719,367,0.5707
12902,Treino_8877,industria,inbound,481,37967.92,0.095,360,0.2286
15878,Treino_8878,industria,inbound,481,76935.55,0.992,204,0.5192
19868,Treino_8879,saude,inbound,481,45337.53,0.317,262,0.4053
14949,Treino_8880,tecnologia,indicacao,481,32909.79,0.7,415,0.8948
13627,Treino_8881,servicos,inbound,481,16671.47,0.113,192,0.01
19927,Treino_8882,industria,outbound,481,5000.0,0.198,325,0.3221
14847,Treino_8883,servicos,inbound,481,43667.87,0.937,97,0.3747
13478,Treino_8884,tecnologia,inbound,481,63774.73,0.659,280,0.7924
19935,Treino_8885,industria,outbound,481,41372.18,0.775,458,0.99
15151,Treino_8886,varejo,indicacao,481,48739.55,0.697,51,0.2881
14454,Treino_8887,saude,outbound,481,66248.68,0.057,326,0.4106
17582,Treino_8888,saude,outbound,481,60232.18,0.157,423,0.3677
15017,Treino_8889,saude,inbound,481,28831.77,0.031,125,0.3422
19977,Treino_8890,servicos,inbound,481,57831.03,0.845,407,0.6719
12713,Treino_8891,industria,inbound,482,51867.29,0.78,271,0.6054
19770,Treino_8892,tecnologia,indicacao,482,61249.06,0.386,217,0.1698
19305,Treino_8893,servicos,inbound,482,39567.59,0.319,54,0.1267
13507,Treino_8894,industria,inbound,482,44630.25,0.785,193,0.5987
18901,Treino_8895,saude,inbound,482,23275.51,0.029,466,0.1576
18667,Treino_8896,varejo,outbound,482,87129.87,0.597,436,0.3781
19990,Treino_8897,varejo,inbound,482,59243.53,0.592,247,0.7068
18513,Treino_8898,saude,inbound,482,62374.18,0.889,267,0.7155
15661,Treino_8899,saude,inbound,482,58821.05,0.926,141,0.6256
12226,Treino_8900,varejo,outbound,482,48425.19,0.835,313,0.5006
12765,Treino_8901,servicos,outbound,482,7791.44,0.874,109,0.1221
11219,Treino_8902,tecnologia,indicacao,482,32702.48,0.168,117,0.3241
18305,Treino_8903,servicos,outbound,482,68975.99,0.009,248,0.2727
18771,Treino_8904,servicos,outbound,483,85284.75,0.771,320,0.7915
12376,Treino_8905,tecnologia,outbound,483,73705.52,0.477,351,0.7378
18668,Treino_8906,industria,outbound,483,5000.0,0.22,33,0.0595
19561,Treino_8907,servicos,outbound,483,50045.15,0.401,495,0.5897
11186,Treino_8908,varejo,indicacao,483,65691.26,0.885,77,0.4069
13745,Treino_8909,varejo,outbound,483,72698.49,0.839,55,0.5553
17447,Treino_8910,saude,inbound,483,46882.52,0.454,353,0.3097
16231,Treino_8911,tecnologia,inbound,483,91883.98,0.34,58,0.2037
13127,Treino_8912,saude,indicacao,483,65588.41,0.809,129,0.6871
12414,Treino_8913,tecnologia,inbound,483,43321.22,0.368,273,0.5293
18585,Treino_8914,varejo,inbound,483,57892.31,0.758,37,0.406
11170,Treino_8915,varejo,inbound,483,36876.77,0.222,52,0.2278
13463,Treino_8916,tecnologia,inbound,483,29479.63,0.102,330,0.3978
16011,Treino_8917,saude,outbound,484,94585.23,0.189,117,0.264
13635,Treino_8918,saude,inbound,484,30078.06,0.401,299,0.1867
16479,Treino_8919,saude,inbound,484,70181.37,0.1,22,0.1636
19283,Treino_8920,saude,indicacao,484,59419.86,0.682,271,0.5451
13165,Treino_8921,industria,indicacao,484,26750.07,0.459,457,0.5764
14989,Treino_8922,servicos,inbound,484,60138.95,0.194,174,0.3758
10194,Treino_8923,varejo,inbound,484,58917.25,0.94,368,0.7037
11321,Treino_8924,industria,inbound,484,90129.39,0.418,124,0.4085
19518,Treino_8925,saude,inbound,484,68599.33,0.481,314,0.451
17424,Treino_8926,tecnologia,indicacao,484,48304.39,0.721,471,0.7159
17544,Treino_8927,saude,outbound,484,5000.0,0.87,272,0.5917
18687,Treino_8928,tecnologia,inbound,484,53897.96,0.998,349,0.4771
11541,Treino_8929,varejo,inbound,484,55147.13,0.164,276,0.2497
15382,Treino_8930,industria,inbound,484,17538.11,0.997,310,0.7341
17470,Treino_8931,varejo,indicacao,484,62743.75,0.923,24,0.5525
16187,Treino_8932,tecnologia,outbound,484,62146.98,0.439,449,0.6287
19123,Treino_8933,servicos,indicacao,484,27296.98,0.037,164,0.01
10754,Treino_8934,saude,inbound,484,87042.74,0.78,60,0.5327
18782,Treino_8935,industria,inbound,484,71594.36,0.913,286,0.7711
14236,Treino_8936,industria,outbound,485,45412.87,0.63,239,0.01
15896,Treino_8937,industria,indicacao,485,79842.86,0.974,458,0.7733
12922,Treino_8938,varejo,indicacao,485,23265.93,0.122,451,0.4474
10858,Treino_8939,servicos,inbound,485,82285.08,0.706,253,0.7844
10762,Treino_8940,saude,indicacao,485,27846.01,0.843,132,0.8207
14275,Treino_8941,servicos,inbound,485,61218.42,0.745,247,0.3991
10668,Treino_8942,saude,inbound,485,33114.22,0.951,376,0.5008
13298,Treino_8943,industria,outbound,485,64114.37,0.17,103,0.0945
15887,Treino_8944,industria,inbound,485,42721.19,0.755,188,0.5526
14448,Treino_8945,servicos,outbound,485,62609.7,0.864,180,0.7707
19649,Treino_8946,saude,inbound,485,50734.48,0.392,334,0.5817
15167,Treino_8947,saude,inbound,485,40187.41,0.243,299,0.2856
14326,Treino_8948,saude,inbound,485,36943.14,0.058,401,0.4923
18931,Treino_8949,varejo,indicacao,485,46615.95,0.979,461,0.4025
11879,Treino_8950,varejo,inbound,485,75544.27,0.155,269,0.4575
17295,Treino_8951,industria,inbound,485,61734.38,0.37,204,0.3262
10595,Treino_8952,industria,inbound,485,51098.72,0.524,388,0.664
16752,Treino_8953,varejo,inbound,485,50883.99,0.323,300,0.3627
17269,Treino_8954,varejo,outbound,485,60217.91,0.338,99,0.0454
12710,Treino_8955,varejo,outbound,485,53732.07,0.476,396,0.5414
14442,Treino_8956,industria,indicacao,485,45580.01,0.309,235,0.3824
18625,Treino_8957,saude,outbound,486,78361.15,0.309,150,0.3392
19568,Treino_8958,tecnologia,indicacao,486,40227.82,0.526,256,0.4683
17817,Treino_8959,tecnologia,indicacao,486,20750.79,0.605,138,0.1825
16245,Treino_8960,tecnologia,inbound,486,32532.58,0.89,399,0.79
16178,Treino_8961,servicos,inbound,486,66732.64,0.963,301,0.7713
19762,Treino_8962,industria,inbound,486,73943.57,0.473,344,0.3707
14184,Treino_8963,industria,indicacao,486,50297.38,0.949,347,0.7392
18572,Treino_8964,tecnologia,outbound,486,40186.05,0.783,49,0.2962
10263,Treino_8965,tecnologia,outbound,486,34409.51,0.238,257,0.3423
15633,Treino_8966,saude,inbound,486,42401.54,0.082,391,0.3912
15406,Treino_8967,tecnologia,inbound,486,70076.22,0.416,116,0.6796
12909,Treino_8968,saude,inbound,486,62359.6,0.69,334,0.8393
16529,Treino_8969,varejo,outbound,486,47497.86,0.615,44,0.7526
13479,Treino_8970,industria,inbound,487,65691.54,0.778,427,0.7662
16337,Treino_8971,tecnologia,inbound,487,11955.47,0.508,274,0.2672
15105,Treino_8972,varejo,inbound,487,70917.25,0.271,376,0.2877
17226,Treino_8973,varejo,outbound,487,34092.64,0.2,137,0.5463
13311,Treino_8974,industria,inbound,487,66906.11,0.269,265,0.4633
12377,Treino_8975,servicos,inbound,487,51593.02,0.717,121,0.4596
11749,Treino_8976,servicos,indicacao,487,44107.5,0.898,311,0.5107
18059,Treino_8977,saude,inbound,487,5000.0,0.281,111,0.01
15043,Treino_8978,industria,indicacao,487,44474.22,0.765,143,0.6635
10536,Treino_8979,tecnologia,indicacao,487,57682.38,0.282,18,0.4762
12178,Treino_8980,servicos,inbound,487,57930.7,0.641,40,0.3721
10274,Treino_8981,tecnologia,outbound,487,13180.72,0.703,172,0.2694
10325,Treino_8982,servicos,outbound,487,46359.03,0.623,311,0.4275
15737,Treino_8983,varejo,inbound,487,41801.8,0.877,51,0.4155
17191,Treino_8984,industria,inbound,487,54331.1,0.179,25,0.1733
11201,Treino_8985,industria,inbound,487,81395.27,0.61,102,0.3275
16553,Treino_8986,tecnologia,indicacao,487,41700.46,0.118,140,0.08
15053,Treino_8987,varejo,outbound,488,25144.84,0.574,347,0.3512
18439,Treino_8988,saude,indicacao,488,32064.45,0.956,177,0.2453
16106,Treino_8989,varejo,inbound,488,36923.77,0.81,156,0.2934
12357,Treino_8990,varejo,outbound,488,61960.57,0.705,447,0.9021
19403,Treino_8991,servicos,outbound,488,52177.21,0.635,72,0.2488
17093,Treino_8992,servicos,inbound,488,16599.99,0.022,338,0.01
12375,Treino_8993,servicos,inbound,488,31077.89,0.316,389,0.4019
11901,Treino_8994,industria,inbound,488,29209.08,0.724,212,0.4116
11884,Treino_8995,industria,indicacao,488,31541.68,0.071,346,0.0154
16898,Treino_8996,saude,inbound,488,77886.98,0.081,409,0.4739
13261,Treino_8997,varejo,inbound,488,49762.25,0.118,9,0.3819
10005,Treino_8998,tecnologia,inbound,488,46076.79,0.571,320,0.5381
11337,Treino_8999,industria,outbound,488,31818.97,0.018,293,0.0545
17558,Treino_9000,saude,inbound,488,55553.96,0.595,44,0.5532
10955,Treino_9001,saude,outbound,488,68297.47,0.315,242,0.6381
10906,Treino_9002,varejo,outbound,488,63225.64,0.365,413,0.5594
19627,Treino_9003,industria,inbound,488,40073.76,0.384,139,0.3556
12556,Treino_9004,tecnologia,outbound,488,41797.82,0.397,282,0.4883
18411,Treino_9005,saude,indicacao,488,25939.34,0.169,145,0.0493
14472,Treino_9006,varejo,inbound,489,44627.93,0.452,467,0.9459
12258,Treino_9007,saude,inbound,489,56517.22,0.358,112,0.2905
16771,Treino_9008,varejo,outbound,489,44819.99,0.238,483,0.4111
10947,Treino_9009,industria,inbound,489,22578.21,0.723,280,0.5843
10951,Treino_9010,industria,inbound,489,68001.8,0.333,316,0.4398
13661,Treino_9011,saude,inbound,489,31427.83,0.061,12,0.287
12568,Treino_9012,industria,outbound,489,55053.82,0.231,21,0.3108
12426,Treino_9013,varejo,inbound,489,35163.29,0.084,301,0.01
16339,Treino_9014,servicos,inbound,489,67997.09,0.871,92,0.6149
11066,Treino_9015,industria,inbound,489,46527.38,0.533,408,0.2868
16089,Treino_9016,servicos,outbound,489,61764.27,0.31,424,0.4746
15769,Treino_9017,tecnologia,inbound,489,67651.57,0.945,455,0.6386
17759,Treino_9018,saude,outbound,489,60306.03,0.805,149,0.8857
17110,Treino_9019,tecnologia,outbound,489,50361.72,0.099,367,0.1079
18565,Treino_9020,industria,indicacao,489,52981.24,0.826,99,0.5644
14658,Treino_9021,industria,outbound,489,42055.89,0.504,183,0.8069
11080,Treino_9022,varejo,indicacao,489,33248.33,0.13,67,0.0306
19165,Treino_9023,tecnologia,inbound,490,75850.9,0.783,404,0.5306
13903,Treino_9024,tecnologia,inbound,490,36477.62,0.764,340,0.7363
13671,Treino_9025,tecnologia,outbound,490,56609.34,0.537,383,0.6018
14458,Treino_9026,industria,inbound,490,36910.69,0.27,42,0.3347
18050,Treino_9027,servicos,inbound,490,64576.69,0.115,399,0.2307
16611,Treino_9028,tecnologia,inbound,490,37306.22,0.167,172,0.2084
14469,Treino_9029,varejo,inbound,490,28654.7,0.097,206,0.01
14810,Treino_9030,tecnologia,outbound,490,65260.71,0.892,216,0.6079
15234,Treino_9031,tecnologia,indicacao,490,43747.06,0.513,491,0.2054
19360,Treino_9032,industria,outbound,490,45036.49,0.803,282,0.414
13071,Treino_9033,industria,outbound,490,28388.44,0.838,250,0.4446
18219,Treino_9034,varejo,indicacao,490,38602.05,0.081,449,0.5925
17550,Treino_9035,saude,inbound,490,83265.8,0.314,282,0.3986
11806,Treino_9036,tecnologia,inbound,490,36005.88,0.087,53,0.01
13854,Treino_9037,servicos,inbound,490,91045.55,0.548,423,0.8219
10053,Treino_9038,saude,inbound,490,43195.3,0.127,336,0.2598
17569,Treino_9039,industria,outbound,490,22935.69,0.299,480,0.1012
11685,Treino_9040,tecnologia,inbound,490,43727.61,0.097,96,0.04
10941,Treino_9041,saude,inbound,490,71391.47,0.413,356,0.3799
14356,Treino_9042,servicos,outbound,490,68401.07,0.549,293,0.6696
15094,Treino_9043,saude,inbound,490,69489.9,0.756,199,0.4124
13763,Treino_9044,industria,inbound,490,26759.91,0.25,461,0.3536
12061,Treino_9045,saude,inbound,491,44502.6,0.948,356,0.7172
17573,Treino_9046,saude,outbound,491,91744.34,0.714,31,0.4829
19488,Treino_9047,tecnologia,inbound,491,64599.19,0.532,184,0.7075
16818,Treino_9048,tecnologia,outbound,491,82849.34,0.821,246,0.5341
10344,Treino_9049,industria,inbound,491,32862.47,0.362,194,0.3584
10009,Treino_9050,servicos,inbound,491,41164.53,0.002,284,0.2576
10054,Treino_9051,industria,indicacao,491,82029.16,0.387,385,0.4512
10335,Treino_9052,industria,inbound,491,57769.58,0.303,14,0.2547
10311,Treino_9053,servicos,inbound,491,24188.8,0.644,42,0.2802
18102,Treino_9054,saude,inbound,491,59721.63,0.566,23,0.2958
18146,Treino_9055,industria,inbound,491,43089.84,0.492,258,0.2012
10420,Treino_9056,tecnologia,outbound,491,40774.83,0.663,377,0.6803
19528,Treino_9057,saude,inbound,491,46805.45,0.639,368,0.6536
16031,Treino_9058,varejo,inbound,491,64224.49,0.63,449,0.3969
10004,Treino_9059,servicos,outbound,491,53486.77,0.194,454,0.2615
10441,Treino_9060,industria,outbound,491,5000.0,0.865,396,0.4232
10966,Treino_9061,saude,inbound,491,56655.05,0.482,182,0.032
12326,Treino_9062,industria,inbound,491,7671.64,0.248,384,0.5623
13436,Treino_9063,saude,indicacao,491,102052.28,0.254,86,0.9033
14540,Treino_9064,saude,inbound,491,40889.05,0.955,122,0.6242
18792,Treino_9065,industria,inbound,491,43502.0,0.794,11,0.5673
12278,Treino_9066,saude,indicacao,492,46985.84,0.66,293,0.4357
16562,Treino_9067,saude,inbound,492,38867.59,0.811,402,0.6073
15805,Treino_9068,industria,outbound,492,41086.41,0.866,22,0.313
14413,Treino_9069,industria,inbound,492,29790.14,0.872,5,0.2355
19728,Treino_9070,varejo,outbound,492,55399.22,0.912,320,0.9081
14353,Treino_9071,tecnologia,indicacao,492,19574.78,0.76,164,0.5664
18473,Treino_9072,tecnologia,inbound,492,67084.89,0.97,323,0.8224
19862,Treino_9073,varejo,inbound,492,49369.65,0.37,452,0.8096
14745,Treino_9074,servicos,inbound,492,49501.2,0.877,177,0.3473
12620,Treino_9075,tecnologia,inbound,492,32977.94,0.343,137,0.0537
13248,Treino_9076,tecnologia,outbound,492,55039.62,0.062,202,0.01
13928,Treino_9077,industria,inbound,492,63825.57,0.215,421,0.4263
11310,Treino_9078,servicos,inbound,492,18361.32,0.75,123,0.5523
16190,Treino_9079,tecnologia,inbound,492,28843.39,0.81,232,0.5726
12543,Treino_9080,tecnologia,inbound,492,84522.64,0.691,359,0.7337
16837,Treino_9081,varejo,inbound,493,14278.19,0.89,253,0.4253
16853,Treino_9082,varejo,inbound,493,6249.15,0.566,215,0.3607
19414,Treino_9083,industria,inbound,493,67718.04,0.645,458,0.4229
19609,Treino_9084,tecnologia,outbound,493,44483.41,0.779,81,0.2955
19775,Treino_9085,industria,inbound,493,83094.39,0.603,284,0.6201
18455,Treino_9086,tecnologia,inbound,493,85837.44,0.809,176,0.5857
14132,Treino_9087,saude,inbound,493,83403.28,0.235,291,0.5676
11683,Treino_9088,industria,indicacao,493,70321.54,0.309,359,0.6173
11751,Treino_9089,varejo,outbound,493,34637.16,0.779,365,0.5451
11091,Treino_9090,saude,indicacao,493,57170.87,0.407,256,0.7092
12353,Treino_9091,varejo,inbound,493,61376.62,0.683,33,0.1602
14189,Treino_9092,industria,inbound,493,38905.37,0.754,162,0.347
10882,Treino_9093,servicos,inbound,493,68429.92,0.631,144,0.7295
13987,Treino_9094,servicos,indicacao,493,65692.82,0.656,120,0.2483
14721,Treino_9095,industria,outbound,493,55917.79,0.598,16,0.4457
11611,Treino_9096,tecnologia,indicacao,493,64006.75,0.309,44,0.6096
13228,Treino_9097,tecnologia,inbound,493,70157.78,0.551,169,0.4981
16620,Treino_9098,saude,inbound,493,26748.79,0.733,120,0.4327
14144,Treino_9099,servicos,outbound,493,40188.61,0.868,458,0.8831
12082,Treino_9100,servicos,inbound,493,68081.89,0.868,165,0.5868
15563,Treino_9101,tecnologia,outbound,493,11628.56,0.205,265,0.0268
19835,Treino_9102,industria,outbound,493,74866.87,0.032,310,0.01
12968,Treino_9103,tecnologia,inbound,494,75189.95,0.342,354,0.4664
17411,Treino_9104,industria,inbound,494,47672.64,0.18,92,0.2314
19335,Treino_9105,servicos,indicacao,494,55614.61,0.82,61,0.5719
18933,Treino_9106,tecnologia,outbound,494,49744.54,0.777,186,0.1863
16515,Treino_9107,tecnologia,inbound,494,19611.89,0.762,124,0.01
15247,Treino_9108,servicos,inbound,494,27145.91,0.819,148,0.2799
14477,Treino_9109,varejo,outbound,494,55686.48,0.354,221,0.6321
10845,Treino_9110,servicos,outbound,494,53296.69,0.834,115,0.6105
14770,Treino_9111,saude,indicacao,494,58513.53,0.255,355,0.4562
14294,Treino_9112,servicos,indicacao,494,53608.33,0.992,28,0.3417
12761,Treino_9113,industria,inbound,494,65045.26,0.017,8,0.3072
16981,Treino_9114,varejo,inbound,494,45801.48,0.627,362,0.4876
10722,Treino_9115,tecnologia,outbound,494,20643.14,0.857,437,0.4082
16987,Treino_9116,saude,indicacao,494,55661.12,0.737,468,0.7231
14528,Treino_9117,varejo,indicacao,495,10204.0,0.546,264,0.3753
19679,Treino_9118,servicos,outbound,495,62528.62,0.757,458,0.5214
14043,Treino_9119,industria,inbound,495,19670.91,0.164,36,0.1649
15614,Treino_9120,tecnologia,inbound,495,39477.29,0.168,198,0.3164
12576,Treino_9121,servicos,inbound,495,48069.29,0.664,393,0.4298
19047,Treino_9122,saude,outbound,495,67161.28,0.22,205,0.6728
10244,Treino_9123,tecnologia,inbound,495,69724.67,0.649,132,0.7381
10129,Treino_9124,industria,inbound,495,58744.61,0.656,393,0.4333
12603,Treino_9125,saude,inbound,495,44805.77,0.823,465,0.7362
15118,Treino_9126,industria,inbound,495,30047.83,0.416,188,0.6667
10002,Treino_9127,varejo,outbound,495,45704.15,0.911,483,0.6737
19031,Treino_9128,saude,indicacao,495,72294.24,0.665,60,0.4164
17533,Treino_9129,industria,outbound,495,52441.31,0.327,39,0.3559
18634,Treino_9130,servicos,outbound,495,16072.03,0.245,25,0.01
15888,Treino_9131,servicos,outbound,495,50641.47,0.362,85,0.5569
14274,Treino_9132,servicos,outbound,495,60900.78,0.264,249,0.2133
19548,Treino_9133,tecnologia,inbound,495,24177.78,0.273,69,0.3842
12124,Treino_9134,servicos,indicacao,495,33713.03,0.502,486,0.8268
11157,Treino_9135,servicos,outbound,495,64101.48,0.348,211,0.3708
19648,Treino_9136,servicos,inbound,495,30386.69,0.22,86,0.2513
12455,Treino_9137,saude,inbound,496,33073.52,0.883,441,0.5811
14419,Treino_9138,industria,inbound,496,48838.13,0.686,425,0.6404
16495,Treino_9139,tecnologia,inbound,496,57638.27,0.229,492,0.6481
10120,Treino_9140,industria,outbound,496,77416.3,0.205,355,0.2821
16192,Treino_9141,industria,inbound,496,50748.79,0.602,430,0.3501
19317,Treino_9142,varejo,outbound,496,25040.51,0.541,420,0.5055
12937,Treino_9143,saude,outbound,496,45262.47,0.817,18,0.3415
17960,Treino_9144,varejo,indicacao,496,28809.93,0.09,498,0.4726
10934,Treino_9145,servicos,inbound,496,46542.88,0.775,289,0.5997
17243,Treino_9146,industria,outbound,496,58800.97,0.044,95,0.1943
16332,Treino_9147,varejo,outbound,496,55877.9,0.29,306,0.6685
10227,Treino_9148,varejo,outbound,496,42949.08,0.059,18,0.5343
10837,Treino_9149,industria,indicacao,496,76281.71,0.274,302,0.5842
19472,Treino_9150,industria,inbound,496,80426.69,0.6,14,0.3199
12615,Treino_9151,tecnologia,inbound,496,68679.39,0.313,51,0.2497
12589,Treino_9152,tecnologia,outbound,496,54704.3,0.583,85,0.8201
11822,Treino_9153,varejo,inbound,496,78330.0,0.275,245,0.4208
14587,Treino_9154,industria,indicacao,496,72575.21,0.631,91,0.1777
17374,Treino_9155,varejo,outbound,496,37674.76,0.644,95,0.4166
14983,Treino_9156,industria,indicacao,496,35211.46,0.837,11,0.6445
12876,Treino_9157,varejo,outbound,496,41493.35,0.263,281,0.2871
19106,Treino_9158,saude,inbound,496,68602.28,0.351,183,0.4974
15910,Treino_9159,varejo,inbound,496,59475.64,0.461,103,0.2843
19757,Treino_9160,tecnologia,inbound,496,43583.43,0.478,385,0.668
19514,Treino_9161,servicos,inbound,497,25543.78,0.808,202,0.4069
10432,Treino_9162,industria,inbound,497,33131.02,0.208,66,0.2383
14828,Treino_9163,servicos,outbound,497,54450.4,0.144,192,0.5556
16016,Treino_9164,varejo,outbound,497,59607.33,0.678,62,0.4955
14660,Treino_9165,tecnologia,inbound,497,68721.78,0.369,184,0.2202
13743,Treino_9166,saude,outbound,497,59636.99,0.87,33,0.821
12257,Treino_9167,tecnologia,inbound,497,30551.59,0.082,305,0.3362
15314,Treino_9168,servicos,inbound,497,70305.23,0.442,367,0.4114
18835,Treino_9169,tecnologia,outbound,497,68728.42,0.271,15,0.2261
17761,Treino_9170,saude,outbound,497,22770.27,0.842,355,0.1813
11160,Treino_9171,industria,inbound,497,35160.08,0.831,378,0.5099
15617,Treino_9172,varejo,outbound,497,43081.48,0.956,339,0.4421
18623,Treino_9173,servicos,inbound,497,46912.11,0.376,387,0.3832
17826,Treino_9174,servicos,inbound,497,50676.44,0.559,225,0.3589
14908,Treino_9175,saude,inbound,497,36644.7,0.649,262,0.4456
16689,Treino_9176,servicos,inbound,497,38760.29,0.466,270,0.4085
12803,Treino_9177,saude,inbound,497,68982.31,0.175,310,0.3622
12407,Treino_9178,industria,indicacao,497,42375.38,0.69,285,0.2493
17918,Treino_9179,industria,inbound,497,67359.94,0.102,135,0.4785
10284,Treino_9180,saude,outbound,498,68101.06,0.88,430,0.8022
15282,Treino_9181,tecnologia,outbound,498,64209.45,0.39,153,0.3837
17154,Treino_9182,varejo,inbound,498,40348.39,0.131,82,0.0871
10644,Treino_9183,varejo,indicacao,498,67799.09,0.214,462,0.3526
17030,Treino_9184,varejo,inbound,498,16197.26,0.932,91,0.3237
16634,Treino_9185,varejo,indicacao,498,64079.36,0.007,309,0.2849
10031,Treino_9186,tecnologia,inbound,498,54845.28,0.266,357,0.1037
15747,Treino_9187,servicos,indicacao,498,84508.53,0.015,381,0.2824
19410,Treino_9188,tecnologia,indicacao,498,39024.91,0.583,41,0.7414
13788,Treino_9189,varejo,inbound,498,76603.03,0.345,244,0.2813
17981,Treino_9190,varejo,outbound,498,48557.41,0.014,190,0.3152
14339,Treino_9191,industria,outbound,498,81657.37,0.789,442,0.8174
19545,Treino_9192,varejo,inbound,498,30629.33,0.366,165,0.2566
14702,Treino_9193,tecnologia,outbound,498,22811.22,0.935,165,0.4214
15613,Treino_9194,industria,outbound,499,27625.75,0.127,214,0.1851
19181,Treino_9195,saude,outbound,499,88021.06,0.78,289,0.749
18101,Treino_9196,servicos,inbound,499,68786.94,0.158,361,0.4843
11489,Treino_9197,saude,inbound,499,57200.14,0.962,345,0.7185
13288,Treino_9198,tecnologia,inbound,499,99255.13,0.693,62,0.471
15110,Treino_9199,varejo,outbound,499,74132.37,0.914,289,0.99
14795,Treino_9200,saude,outbound,499,52795.94,0.604,230,0.519
12501,Treino_9201,industria,inbound,499,69243.79,0.784,367,0.6789
17500,Treino_9202,industria,indicacao,499,75755.74,0.669,39,0.4241
15245,Treino_9203,industria,inbound,499,50302.01,0.566,410,0.7185
17750,Treino_9204,servicos,indicacao,499,72638.59,0.727,463,0.518
10214,Treino_9205,varejo,indicacao,499,83789.2,0.971,208,0.5925
17182,Treino_9206,varejo,outbound,499,74480.79,0.646,259,0.7442
19933,Treino_9207,tecnologia,outbound,499,36695.05,0.229,92,0.381
12474,Treino_9208,varejo,outbound,499,34408.24,0.647,418,0.4536
18778,Treino_9209,saude,inbound,499,58902.88,0.765,186,0.7954
12645,Treino_9210,servicos,inbound,499,62129.63,0.514,100,0.318
13582,Treino_9211,tecnologia,inbound,499,42134.34,0.033,303,0.5282
19088,Treino_9212,industria,outbound,499,74111.99,0.138,39,0.6105
13465,Treino_9213,saude,outbound,499,72531.93,0.43,244,0.5321
12470,Treino_9214,varejo,outbound,499,25808.28,0.743,156,0.9022
16713,Treino_9215,tecnologia,inbound,499,34387.26,0.137,123,0.3226
19468,Treino_9216,industria,inbound,500,73869.08,0.316,360,0.4382
18868,Treino_9217,saude,inbound,500,91628.76,0.417,489,0.7542
13902,Treino_9218,industria,inbound,500,69190.34,0.578,414,0.4669
16266,Treino_9219,varejo,inbound,500,41808.68,0.462,127,0.1598
19722,Treino_9220,saude,outbound,500,36193.97,0.984,13,0.4273
17347,Treino_9221,varejo,inbound,500,50151.33,0.492,158,0.554
13983,Treino_9222,servicos,indicacao,500,57804.38,0.373,163,0.3355
14749,Treino_9223,saude,inbound,500,17955.46,0.156,37,0.01
16961,Treino_9224,saude,inbound,500,10658.23,0.44,212,0.2556
19605,Treino_9225,saude,inbound,500,45213.03,0.626,290,0.5432
14743,Treino_9226,varejo,inbound,500,79205.65,0.617,264,0.8533
14948,Treino_9227,saude,inbound,500,62724.46,0.151,54,0.3442
14619,Treino_9228,industria,inbound,500,46599.9,0.736,239,0.5713
13747,Treino_9229,saude,inbound,500,12456.56,0.639,19,0.2833
11732,Treino_9230,industria,inbound,500,32759.46,0.401,320,0.01
13724,Treino_9231,varejo,inbound,500,42190.06,0.381,238,0.2405
18805,Treino_9232,varejo,inbound,500,33902.28,0.692,462,0.5881
19941,Treino_9233,varejo,inbound,501,51030.32,0.313,436,0.2648
16154,Treino_9234,varejo,inbound,501,39403.39,0.594,159,0.1625
18063,Treino_9235,varejo,outbound,501,70833.73,0.991,262,0.7365
13240,Treino_9236,servicos,inbound,501,70150.36,0.49,188,0.6412
18928,Treino_9237,saude,inbound,501,46843.56,0.722,224,0.4536
11818,Treino_9238,saude,inbound,501,54142.31,0.931,104,0.4544
13132,Treino_9239,industria,inbound,501,37776.78,0.009,184,0.3583
11401,Treino_9240,servicos,outbound,501,13937.08,0.723,312,0.5972
13892,Treino_9241,tecnologia,indicacao,501,110844.69,0.324,46,0.489
19012,Treino_9242,saude,outbound,501,64542.45,0.98,424,0.8292
14761,Treino_9243,tecnologia,outbound,501,28751.06,0.676,164,0.3931
16302,Treino_9244,tecnologia,inbound,501,76710.89,0.551,453,0.8495
11709,Treino_9245,tecnologia,inbound,501,73633.62,0.787,471,0.6854
17995,Treino_9246,tecnologia,inbound,501,47399.79,0.351,115,0.4796
16155,Treino_9247,varejo,outbound,501,50338.17,0.182,330,0.0189
10979,Treino_9248,servicos,inbound,501,28171.57,0.635,90,0.01
16288,Treino_9249,servicos,indicacao,501,42822.29,0.271,432,0.2813
11070,Treino_9250,industria,inbound,501,61033.45,0.154,323,0.6948
11620,Treino_9251,servicos,indicacao,501,42105.16,0.512,266,0.3753
14085,Treino_9252,industria,outbound,501,61584.04,0.014,447,0.2507
18745,Treino_9253,varejo,outbound,501,57576.92,0.124,241,0.3545
19220,Treino_9254,tecnologia,outbound,501,80924.61,0.207,221,0.6682
11975,Treino_9255,tecnologia,indicacao,502,27755.57,0.56,8,0.421
16887,Treino_9256,tecnologia,inbound,502,67718.89,0.232,358,0.3768
17275,Treino_9257,industria,inbound,502,5000.0,0.496,61,0.1498
12804,Treino_9258,saude,inbound,502,30298.97,0.428,99,0.1771
10676,Treino_9259,servicos,indicacao,502,93183.9,0.009,247,0.4417
17677,Treino_9260,industria,inbound,502,5000.0,0.439,470,0.1097
18571,Treino_9261,varejo,inbound,502,23239.9,0.303,63,0.2535
15375,Treino_9262,varejo,outbound,502,62462.3,0.523,424,0.5278
19285,Treino_9263,tecnologia,inbound,502,35436.86,0.071,485,0.5599
10716,Treino_9264,tecnologia,inbound,502,44152.94,0.216,224,0.0372
12709,Treino_9265,saude,inbound,502,49592.25,0.723,436,0.5819
16295,Treino_9266,servicos,outbound,502,68966.86,0.016,482,0.6147
10620,Treino_9267,saude,outbound,502,48552.82,0.604,134,0.348
12077,Treino_9268,servicos,outbound,502,47332.58,0.723,275,0.6811
16995,Treino_9269,saude,inbound,502,73919.33,0.097,11,0.5325
19930,Treino_9270,varejo,indicacao,502,65339.74,0.452,135,0.4887
16994,Treino_9271,tecnologia,inbound,502,43900.28,0.938,180,0.6372
19814,Treino_9272,varejo,inbound,502,38309.66,0.717,277,0.3952
11097,Treino_9273,saude,inbound,502,71294.07,0.311,345,0.3608
16169,Treino_9274,industria,inbound,502,77854.33,0.361,487,0.8843
12405,Treino_9275,varejo,outbound,502,35185.32,0.609,260,0.4756
16997,Treino_9276,industria,outbound,502,51738.75,0.99,134,0.6596
13379,Treino_9277,industria,inbound,503,47679.94,0.294,470,0.3975
17065,Treino_9278,saude,outbound,503,15672.04,0.079,184,0.048
15431,Treino_9279,saude,inbound,503,33939.61,0.951,131,0.6942
15363,Treino_9280,tecnologia,inbound,503,50916.26,0.575,238,0.4434
19956,Treino_9281,tecnologia,inbound,503,47393.05,0.517,361,0.4922
18283,Treino_9282,industria,inbound,503,30185.54,0.62,205,0.3274
12985,Treino_9283,tecnologia,inbound,503,31422.53,0.802,227,0.4475
11393,Treino_9284,varejo,outbound,503,51111.71,0.352,80,0.0216
15088,Treino_9285,industria,outbound,503,54629.92,0.571,331,0.6696
17035,Treino_9286,varejo,inbound,503,31402.76,0.333,267,0.3218
17074,Treino_9287,servicos,outbound,503,48592.61,0.478,137,0.3898
12110,Treino_9288,saude,inbound,503,64088.34,0.505,429,0.8171
19455,Treino_9289,saude,outbound,503,67166.48,0.015,323,0.1958
18590,Treino_9290,varejo,inbound,503,12762.31,0.478,147,0.2475
13110,Treino_9291,saude,indicacao,503,54520.11,0.626,322,0.7958
17294,Treino_9292,varejo,inbound,503,22862.42,0.333,394,0.2431
16412,Treino_9293,industria,inbound,503,44033.48,0.501,118,0.1615
12877,Treino_9294,tecnologia,outbound,503,46033.78,0.277,149,0.1122
10682,Treino_9295,varejo,outbound,503,79059.64,0.314,245,0.3569
14667,Treino_9296,varejo,indicacao,503,96500.11,0.227,304,0.5801
15823,Treino_9297,tecnologia,outbound,503,55224.61,0.886,403,0.8607
11842,Treino_9298,industria,inbound,503,46273.86,0.604,178,0.4607
11995,Treino_9299,industria,outbound,504,61800.11,0.579,68,0.5338
15682,Treino_9300,saude,inbound,504,64082.65,0.183,340,0.4321
10759,Treino_9301,varejo,indicacao,504,56918.93,0.494,213,0.4053
12654,Treino_9302,industria,indicacao,504,79231.39,0.261,128,0.399
17963,Treino_9303,varejo,outbound,504,40229.48,0.786,491,0.5585
19359,Treino_9304,varejo,outbound,504,14326.86,0.759,291,0.0419
13421,Treino_9305,tecnologia,outbound,504,78291.7,0.067,190,0.5007
18849,Treino_9306,industria,outbound,504,50959.79,0.251,253,0.1901
17821,Treino_9307,servicos,inbound,504,24190.8,0.636,419,0.6654
18724,Treino_9308,saude,outbound,504,36129.49,0.431,336,0.4084
14190,Treino_9309,tecnologia,inbound,504,22372.66,0.243,413,0.4315
14156,Treino_9310,servicos,outbound,504,10767.99,0.763,406,0.6527
18619,Treino_9311,saude,inbound,504,80159.25,0.784,177,0.7927
16300,Treino_9312,servicos,outbound,504,64296.35,0.088,36,0.2085
13511,Treino_9313,tecnologia,inbound,504,43085.02,0.504,23,0.1062
13168,Treino_9314,tecnologia,inbound,504,36948.5,0.835,488,0.5743
12584,Treino_9315,varejo,inbound,504,56299.58,0.173,268,0.2739
11129,Treino_9316,tecnologia,inbound,504,39721.7,0.96,416,0.5756
19189,Treino_9317,saude,inbound,504,45600.54,0.423,84,0.4781
16591,Treino_9318,tecnologia,inbound,505,49868.39,0.918,157,0.7064
16308,Treino_9319,tecnologia,outbound,505,37448.93,0.257,178,0.4059
16949,Treino_9320,saude,inbound,505,77173.26,0.557,115,0.6338
19366,Treino_9321,saude,indicacao,505,27150.13,0.09,456,0.4576
14937,Treino_9322,varejo,inbound,505,78877.86,0.556,60,0.5144
11323,Treino_9323,tecnologia,outbound,505,58209.94,0.658,19,0.426
12199,Treino_9324,saude,inbound,505,75918.92,0.207,400,0.4345
16157,Treino_9325,saude,outbound,505,49422.93,0.17,37,0.2929
11903,Treino_9326,servicos,outbound,505,47026.49,0.525,315,0.4315
12344,Treino_9327,varejo,inbound,505,49450.56,0.667,334,0.99
13781,Treino_9328,servicos,inbound,505,64026.35,0.162,91,0.5211
13002,Treino_9329,tecnologia,indicacao,505,44209.87,0.827,203,0.6281
14163,Treino_9330,servicos,inbound,505,37985.84,0.723,290,0.5327
13953,Treino_9331,varejo,outbound,505,25391.46,0.943,78,0.1064
10159,Treino_9332,varejo,outbound,506,18729.65,0.771,126,0.0657
16799,Treino_9333,saude,outbound,506,61708.78,0.778,84,0.4951
15523,Treino_9334,servicos,indicacao,506,62146.39,0.478,63,0.4017
14811,Treino_9335,tecnologia,outbound,506,38664.56,0.511,370,0.2383
17917,Treino_9336,servicos,inbound,506,42851.0,0.534,51,0.5762
13517,Treino_9337,tecnologia,outbound,506,30411.12,0.935,86,0.3905
13889,Treino_9338,servicos,inbound,506,79856.0,0.483,424,0.6541
13414,Treino_9339,saude,inbound,506,37981.14,0.081,377,0.0975
14503,Treino_9340,industria,inbound,506,47246.63,0.45,296,0.3931
12293,Treino_9341,servicos,inbound,506,52020.8,0.728,364,0.6654
11410,Treino_9342,industria,indicacao,506,66834.83,0.684,164,0.348
13669,Treino_9343,industria,inbound,506,70780.72,0.299,274,0.572
10231,Treino_9344,tecnologia,inbound,506,60413.46,0.776,314,0.5225
18482,Treino_9345,tecnologia,indicacao,507,37997.12,0.604,244,0.6989
14701,Treino_9346,servicos,outbound,507,72341.84,0.758,31,0.3597
19417,Treino_9347,industria,outbound,507,59932.62,0.026,218,0.2339
12598,Treino_9348,saude,outbound,507,33107.07,0.245,62,0.2886
18793,Treino_9349,industria,inbound,507,40659.65,0.183,100,0.3315
11686,Treino_9350,industria,indicacao,507,45880.51,0.74,240,0.8253
17765,Treino_9351,varejo,inbound,507,52496.77,0.718,58,0.2968
16398,Treino_9352,saude,inbound,507,49548.37,0.164,369,0.4885
11049,Treino_9353,tecnologia,indicacao,507,44482.19,0.099,438,0.5176
10098,Treino_9354,industria,inbound,507,48179.95,0.897,233,0.4786
14370,Treino_9355,tecnologia,inbound,507,93440.74,0.335,308,0.6954
18443,Treino_9356,varejo,indicacao,507,65579.38,0.305,196,0.1651
10300,Treino_9357,servicos,inbound,507,8463.69,0.437,451,0.5009
18547,Treino_9358,varejo,indicacao,507,49512.59,0.558,350,0.4909
12865,Treino_9359,servicos,outbound,507,82592.22,0.424,86,0.6564
16628,Treino_9360,saude,inbound,507,68863.66,0.422,451,0.4754
12323,Treino_9361,servicos,inbound,507,36906.93,0.664,432,0.336
11698,Treino_9362,industria,indicacao,507,34519.31,0.101,371,0.3589
15237,Treino_9363,varejo,inbound,507,55207.23,0.59,417,0.281
17402,Treino_9364,tecnologia,indicacao,507,49586.17,0.01,484,0.3078
15722,Treino_9365,industria,inbound,507,32155.49,0.37,248,0.0727
14478,Treino_9366,servicos,inbound,507,44784.65,0.544,304,0.7167
11858,Treino_9367,servicos,inbound,507,75208.32,0.712,36,0.7455
10621,Treino_9368,tecnologia,outbound,507,27496.3,0.638,442,0.2686
13170,Treino_9369,tecnologia,outbound,508,71023.32,0.325,434,0.6953
10516,Treino_9370,industria,inbound,508,40896.2,0.752,5,0.4672
10488,Treino_9371,industria,indicacao,508,47721.15,0.912,429,0.5948
18019,Treino_9372,varejo,inbound,508,61196.82,0.637,241,0.6172
14739,Treino_9373,industria,inbound,508,63061.38,0.26,56,0.2776
12740,Treino_9374,tecnologia,inbound,508,36449.08,0.825,483,0.6577
17863,Treino_9375,saude,inbound,508,49247.79,0.398,150,0.4576
16775,Treino_9376,industria,inbound,508,35016.7,0.147,371,0.2794
17793,Treino_9377,industria,inbound,508,41225.9,0.327,336,0.3358
12588,Treino_9378,industria,inbound,508,78256.09,0.048,414,0.6526
17950,Treino_9379,industria,indicacao,508,54820.9,0.336,143,0.1911
11816,Treino_9380,varejo,outbound,508,42561.13,0.829,257,0.875
14199,Treino_9381,servicos,inbound,508,39183.53,0.295,246,0.4847
15260,Treino_9382,saude,indicacao,508,65510.51,0.917,337,0.99
13807,Treino_9383,varejo,inbound,508,70612.76,0.4,118,0.3352
11358,Treino_9384,tecnologia,indicacao,508,79239.28,0.241,444,0.8059
15815,Treino_9385,varejo,inbound,508,32013.5,0.802,298,0.2817
13423,Treino_9386,servicos,outbound,509,54574.16,0.999,372,0.2975
15217,Treino_9387,industria,indicacao,509,42321.78,0.889,326,0.5593
13605,Treino_9388,industria,indicacao,509,56198.35,0.098,146,0.1324
13972,Treino_9389,varejo,inbound,509,36039.1,0.961,82,0.5251
17858,Treino_9390,tecnologia,inbound,509,49227.73,0.795,156,0.3772
19374,Treino_9391,saude,inbound,509,40358.26,0.459,423,0.1268
15477,Treino_9392,varejo,inbound,509,54701.75,0.581,24,0.5448
17988,Treino_9393,saude,outbound,509,45380.87,0.797,311,0.5619
13576,Treino_9394,tecnologia,indicacao,510,56413.45,0.699,486,0.805
19803,Treino_9395,servicos,indicacao,510,64397.48,0.054,88,0.1226
17255,Treino_9396,servicos,inbound,510,71910.68,0.877,162,0.6426
14704,Treino_9397,saude,inbound,510,21633.37,0.989,382,0.8104
10721,Treino_9398,servicos,inbound,510,50711.81,0.978,380,0.5177
10844,Treino_9399,varejo,inbound,510,64010.53,0.568,295,0.4173
11741,Treino_9400,tecnologia,outbound,510,59054.32,0.038,145,0.3917
10447,Treino_9401,varejo,inbound,510,41188.6,0.793,7,0.3445
15619,Treino_9402,industria,inbound,510,55231.2,0.523,349,0.693
18020,Treino_9403,servicos,inbound,510,58168.78,0.839,123,0.581
14254,Treino_9404,saude,inbound,510,45356.69,0.33,160,0.3794
16655,Treino_9405,tecnologia,indicacao,510,29518.76,0.335,7,0.1908
16802,Treino_9406,tecnologia,inbound,510,99426.57,0.782,298,0.4092
11573,Treino_9407,saude,inbound,510,83278.8,0.154,458,0.5171
18997,Treino_9408,varejo,outbound,510,87190.9,0.928,35,0.6962
19539,Treino_9409,varejo,inbound,510,50712.17,0.026,287,0.0954
14069,Treino_9410,saude,inbound,510,39974.96,0.489,34,0.5669
13640,Treino_9411,tecnologia,inbound,510,71703.9,0.227,365,0.3223
12976,Treino_9412,saude,inbound,510,47076.39,0.508,160,0.5805
16329,Treino_9413,varejo,outbound,511,32564.53,0.612,222,0.7451
15060,Treino_9414,varejo,inbound,511,30694.24,0.112,55,0.1491
18727,Treino_9415,servicos,indicacao,511,40398.1,0.349,424,0.553
10477,Treino_9416,industria,inbound,511,42625.65,0.356,65,0.1993
13917,Treino_9417,saude,inbound,511,50467.56,0.013,391,0.5435
18511,Treino_9418,saude,outbound,511,35775.94,0.01,358,0.0361
17794,Treino_9419,varejo,inbound,511,43674.13,0.557,267,0.8907
18723,Treino_9420,servicos,outbound,511,12322.03,0.331,43,0.01
12820,Treino_9421,saude,inbound,511,29730.84,0.257,260,0.0882
10006,Treino_9422,industria,outbound,511,24038.27,0.938,233,0.3946
15803,Treino_9423,varejo,inbound,511,23132.39,0.755,233,0.4212
15967,Treino_9424,servicos,indicacao,511,54675.59,0.958,145,0.5124
13529,Treino_9425,industria,outbound,511,36948.29,0.41,196,0.5017
18071,Treino_9426,varejo,inbound,511,36209.65,0.858,52,0.2209
17284,Treino_9427,varejo,indicacao,511,46796.2,0.267,419,0.429
19907,Treino_9428,industria,inbound,511,63293.66,0.978,186,0.9542
18060,Treino_9429,servicos,inbound,511,37270.6,0.398,388,0.2686
18677,Treino_9430,saude,indicacao,511,86046.78,0.214,273,0.2739
13068,Treino_9431,saude,inbound,511,36284.73,0.376,105,0.1458
18557,Treino_9432,varejo,outbound,511,41753.93,0.652,314,0.4599
11032,Treino_9433,industria,inbound,511,38535.44,0.227,248,0.5018
11619,Treino_9434,servicos,inbound,511,25531.33,0.51,416,0.3895
12769,Treino_9435,servicos,indicacao,511,72338.79,0.688,51,0.2691
17420,Treino_9436,servicos,inbound,511,49495.32,0.293,454,0.6089
19007,Treino_9437,servicos,inbound,511,52829.47,0.964,327,0.6363
11647,Treino_9438,industria,inbound,511,59005.21,0.255,237,0.1948
13259,Treino_9439,tecnologia,outbound,511,84502.54,1.0,18,0.3554
12797,Treino_9440,saude,inbound,512,48201.91,0.204,304,0.2956
10612,Treino_9441,varejo,outbound,512,49018.36,0.917,97,0.6484
17494,Treino_9442,varejo,inbound,512,54550.72,0.183,143,0.0185
17875,Treino_9443,varejo,inbound,512,56237.27,0.357,331,0.6009
16805,Treino_9444,tecnologia,inbound,512,75470.57,0.063,470,0.6352
11691,Treino_9445,tecnologia,outbound,512,56686.71,0.746,59,0.6532
17231,Treino_9446,industria,outbound,512,72196.19,0.881,493,0.6241
14733,Treino_9447,tecnologia,indicacao,512,34391.14,0.411,316,0.2724
12422,Treino_9448,servicos,outbound,512,54865.27,0.139,46,0.029
18561,Treino_9449,servicos,outbound,512,75098.38,0.781,467,0.7406
13401,Treino_9450,tecnologia,inbound,512,83247.73,0.754,315,0.4703
12906,Treino_9451,tecnologia,outbound,512,50346.69,0.162,482,0.3724
10184,Treino_9452,varejo,indicacao,512,34571.95,0.902,362,0.5873
11250,Treino_9453,industria,inbound,512,42495.67,0.44,478,0.5199
14008,Treino_9454,industria,indicacao,512,25810.9,0.469,351,0.611
19349,Treino_9455,varejo,outbound,512,42956.91,0.263,289,0.2008
17205,Treino_9456,tecnologia,outbound,512,59576.94,0.714,333,0.5071
19661,Treino_9457,tecnologia,inbound,512,88104.17,0.689,292,0.5098
13710,Treino_9458,saude,inbound,512,35691.18,0.609,480,0.6309
15576,Treino_9459,tecnologia,inbound,512,54167.42,0.941,327,0.9695
19302,Treino_9460,saude,inbound,512,59685.9,0.076,427,0.453
14007,Treino_9461,servicos,indicacao,512,25042.06,0.189,71,0.1146
18481,Treino_9462,saude,indicacao,512,53375.81,0.053,455,0.215
11799,Treino_9463,industria,inbound,512,43086.67,0.568,310,0.5886
10346,Treino_9464,saude,inbound,513,10220.84,0.726,134,0.3924
14118,Treino_9465,varejo,inbound,513,69640.16,0.0,389,0.5488
17537,Treino_9466,servicos,inbound,513,47219.91,0.178,490,0.1996
11601,Treino_9467,saude,outbound,513,64477.93,0.422,378,0.2358
18855,Treino_9468,servicos,inbound,513,71075.36,0.632,238,0.5734
11102,Treino_9469,varejo,outbound,513,56555.62,0.206,287,0.4053
11009,Treino_9470,saude,inbound,513,28464.78,0.222,491,0.3012
16361,Treino_9471,industria,inbound,513,16818.19,0.529,43,0.5944
16658,Treino_9472,varejo,outbound,513,59716.15,0.562,429,0.3301
10321,Treino_9473,saude,inbound,513,34338.77,0.556,480,0.7542
16531,Treino_9474,saude,indicacao,513,33361.35,0.649,34,0.5086
14991,Treino_9475,tecnologia,outbound,513,45650.18,0.087,488,0.355
14425,Treino_9476,tecnologia,inbound,513,37819.33,0.511,459,0.6346
17603,Treino_9477,servicos,indicacao,513,61278.6,0.018,386,0.3802
15208,Treino_9478,industria,inbound,513,65456.65,0.57,50,0.1955
19112,Treino_9479,servicos,inbound,513,58257.24,0.477,137,0.5076
16988,Treino_9480,tecnologia,inbound,513,58491.77,0.254,134,0.4571
18065,Treino_9481,tecnologia,outbound,513,39389.25,0.078,487,0.2478
10209,Treino_9482,servicos,indicacao,513,39493.83,0.265,473,0.7789
19122,Treino_9483,saude,outbound,513,58928.68,0.933,114,0.7162
16182,Treino_9484,varejo,outbound,513,45970.85,0.672,410,0.552
17104,Treino_9485,varejo,inbound,514,28456.61,0.339,414,0.1175
14527,Treino_9486,servicos,inbound,514,46939.44,0.223,5,0.3144
11999,Treino_9487,industria,inbound,514,49243.31,0.823,241,0.6686
12924,Treino_9488,saude,inbound,514,64546.31,0.495,417,0.6559
17171,Treino_9489,varejo,inbound,514,36017.71,0.141,361,0.4968
11225,Treino_9490,varejo,outbound,514,54650.42,0.66,471,0.1112
16052,Treino_9491,servicos,outbound,514,56026.31,0.361,326,0.4816
11013,Treino_9492,servicos,outbound,514,39845.18,0.657,479,0.2896
15289,Treino_9493,varejo,inbound,514,50132.39,0.493,16,0.5872
14516,Treino_9494,industria,inbound,514,59061.27,0.348,52,0.5737
14063,Treino_9495,servicos,inbound,514,45669.21,0.88,52,0.167
15898,Treino_9496,industria,inbound,514,92416.38,0.794,177,0.9433
13278,Treino_9497,saude,outbound,514,33477.56,0.778,216,0.3772
10630,Treino_9498,varejo,inbound,514,29724.31,0.047,470,0.6249
15665,Treino_9499,saude,outbound,514,56754.22,0.757,111,0.6281
17844,Treino_9500,tecnologia,inbound,514,18750.5,0.996,293,0.423
18133,Treino_9501,servicos,inbound,514,61189.9,0.017,144,0.3059
15573,Treino_9502,saude,inbound,514,47201.62,0.424,191,0.4655
17159,Treino_9503,tecnologia,indicacao,515,63486.63,0.218,329,0.4143
16369,Treino_9504,saude,indicacao,515,59645.47,0.821,371,0.842
15904,Treino_9505,saude,outbound,515,52496.56,0.772,190,0.4776
12737,Treino_9506,saude,inbound,515,66975.4,0.225,141,0.3453
19397,Treino_9507,saude,indicacao,515,38498.8,0.096,380,0.0529
18042,Treino_9508,saude,inbound,515,71991.03,0.98,470,0.99
16172,Treino_9509,varejo,inbound,515,42421.44,0.938,155,0.6541
11571,Treino_9510,varejo,indicacao,515,91426.67,0.474,40,0.1238
19633,Treino_9511,servicos,outbound,515,84701.21,0.387,58,0.306
10929,Treino_9512,varejo,outbound,515,59510.65,0.396,35,0.4351
12639,Treino_9513,varejo,inbound,515,33734.77,0.626,442,0.6426
12182,Treino_9514,industria,inbound,515,48528.23,0.717,57,0.6032
13694,Treino_9515,saude,inbound,515,5000.0,0.565,38,0.1602
19025,Treino_9516,saude,indicacao,515,63549.45,0.477,207,0.3711
15335,Treino_9517,tecnologia,indicacao,515,68139.69,0.329,493,0.292
17405,Treino_9518,varejo,inbound,515,45352.74,0.563,476,0.6052
13826,Treino_9519,industria,outbound,515,43403.74,0.654,375,0.6024
12468,Treino_9520,servicos,indicacao,516,43142.0,0.309,480,0.5982
18182,Treino_9521,tecnologia,inbound,516,63821.84,0.447,378,0.6081
15003,Treino_9522,varejo,inbound,516,54780.1,0.883,36,0.5614
13256,Treino_9523,saude,inbound,516,50817.62,0.01,399,0.0457
19534,Treino_9524,servicos,inbound,516,34724.16,0.339,323,0.5747
10041,Treino_9525,servicos,inbound,516,57910.52,0.265,187,0.7162
17755,Treino_9526,servicos,inbound,516,19840.14,0.831,73,0.0849
15568,Treino_9527,varejo,indicacao,516,46267.06,0.394,368,0.2218
14868,Treino_9528,industria,indicacao,516,64077.5,0.502,428,0.466
15834,Treino_9529,servicos,inbound,516,63513.26,0.439,92,0.5991
13681,Treino_9530,varejo,inbound,516,7830.88,0.398,211,0.024
18193,Treino_9531,tecnologia,inbound,516,45907.28,0.143,115,0.2237
10654,Treino_9532,saude,outbound,516,85360.41,0.838,469,0.7242
12034,Treino_9533,saude,outbound,516,31967.38,0.272,80,0.6509
16286,Treino_9534,varejo,outbound,516,59945.89,0.171,345,0.349
18811,Treino_9535,varejo,inbound,516,52488.21,0.878,215,0.3643
15992,Treino_9536,industria,inbound,517,80166.55,0.997,468,0.6813
15705,Treino_9537,saude,indicacao,517,39500.46,0.271,121,0.4672
12270,Treino_9538,varejo,inbound,517,58240.26,0.642,178,0.618
19681,Treino_9539,tecnologia,indicacao,517,6234.58,0.824,264,0.2551
11058,Treino_9540,saude,inbound,517,55907.46,0.341,173,0.4621
11166,Treino_9541,varejo,indicacao,517,36221.05,0.338,363,0.5981
18110,Treino_9542,saude,indicacao,517,49154.87,0.22,428,0.793
10981,Treino_9543,tecnologia,inbound,517,33198.76,0.981,248,0.99
10085,Treino_9544,tecnologia,outbound,517,38995.96,0.311,497,0.5264
17896,Treino_9545,varejo,inbound,517,50287.5,0.82,316,0.5892
16029,Treino_9546,servicos,inbound,517,13989.63,0.094,338,0.5277
19282,Treino_9547,tecnologia,outbound,517,48230.45,0.858,93,0.1903
11534,Treino_9548,varejo,inbound,517,22015.82,0.257,470,0.0342
16491,Treino_9549,saude,inbound,517,55947.4,0.023,331,0.1914
15159,Treino_9550,tecnologia,outbound,517,34006.53,0.522,275,0.4478
17409,Treino_9551,tecnologia,outbound,517,53593.06,0.543,112,0.4046
14907,Treino_9552,saude,inbound,517,15741.96,0.308,89,0.1509
15098,Treino_9553,industria,inbound,517,46395.64,0.356,187,0.1981
17015,Treino_9554,varejo,outbound,517,64342.65,0.069,77,0.4432
14046,Treino_9555,varejo,inbound,517,67500.31,0.424,369,0.5184
10293,Treino_9556,tecnologia,inbound,517,56758.75,0.249,291,0.2602
13270,Treino_9557,saude,inbound,517,27297.28,0.029,219,0.307
17540,Treino_9558,industria,outbound,517,79154.99,0.843,247,0.5417
19504,Treino_9559,industria,inbound,517,13568.96,0.479,311,0.404
10395,Treino_9560,varejo,outbound,517,80760.49,0.246,290,0.6558
15932,Treino_9561,industria,indicacao,518,36989.74,0.801,338,0.3494
17654,Treino_9562,industria,outbound,518,9931.16,0.209,198,0.1137
10606,Treino_9563,varejo,inbound,518,62179.74,0.528,178,0.6739
17643,Treino_9564,servicos,outbound,518,59565.66,0.298,183,0.4144
10108,Treino_9565,industria,inbound,518,55204.46,0.084,437,0.0614
17400,Treino_9566,servicos,inbound,518,75093.71,0.58,172,0.4916
15459,Treino_9567,saude,inbound,518,53313.27,0.453,196,0.2569
12747,Treino_9568,saude,inbound,518,99857.15,0.106,244,0.3301
11059,Treino_9569,varejo,outbound,518,43860.22,0.275,252,0.413
17775,Treino_9570,saude,inbound,518,34689.16,0.693,251,0.6899
13699,Treino_9571,varejo,outbound,518,30795.18,0.93,264,0.1818
17264,Treino_9572,tecnologia,inbound,518,50671.53,0.967,25,0.5213
17425,Treino_9573,industria,outbound,518,15869.72,0.972,227,0.3868
18070,Treino_9574,tecnologia,outbound,518,19712.44,0.536,120,0.3345
13442,Treino_9575,varejo,inbound,518,25190.79,0.837,239,0.4294
17365,Treino_9576,industria,indicacao,518,44711.74,0.923,435,0.8021
14762,Treino_9577,saude,inbound,518,45378.23,0.373,458,0.5689
11970,Treino_9578,tecnologia,indicacao,518,26597.34,0.8,377,0.4366
16004,Treino_9579,varejo,outbound,518,45622.75,0.19,454,0.4569
10314,Treino_9580,varejo,inbound,518,40119.91,0.549,498,0.5877
10240,Treino_9581,saude,outbound,518,13792.83,0.138,283,0.2902
12119,Treino_9582,varejo,inbound,518,50228.02,0.389,210,0.1621
12133,Treino_9583,tecnologia,inbound,519,55517.9,0.886,272,0.6123
10057,Treino_9584,servicos,inbound,519,68539.58,0.411,332,0.5084
10094,Treino_9585,varejo,inbound,519,50933.84,0.27,16,0.3016
19616,Treino_9586,varejo,inbound,519,56482.95,0.55,438,0.403
15057,Treino_9587,tecnologia,outbound,519,87003.66,0.135,82,0.8299
19972,Treino_9588,servicos,inbound,519,16058.51,0.25,272,0.0516
19537,Treino_9589,saude,inbound,519,21769.71,0.117,140,0.4458
12648,Treino_9590,varejo,inbound,519,54598.46,0.017,39,0.3135
12249,Treino_9591,industria,inbound,519,44131.27,0.655,259,0.2627
17248,Treino_9592,servicos,indicacao,519,69876.68,0.393,370,0.3498
18475,Treino_9593,servicos,outbound,519,50948.52,0.628,276,0.825
15847,Treino_9594,varejo,inbound,519,38940.28,0.922,406,0.8919
10811,Treino_9595,servicos,outbound,519,51909.9,0.906,19,0.9327
13458,Treino_9596,tecnologia,inbound,519,36232.07,0.456,123,0.3435
16278,Treino_9597,industria,inbound,519,64339.9,0.111,305,0.3804
11917,Treino_9598,varejo,indicacao,520,45423.06,0.466,393,0.804
11499,Treino_9599,industria,outbound,520,44338.7,0.287,282,0.1599
15467,Treino_9600,industria,inbound,520,5343.69,0.825,361,0.6699
13514,Treino_9601,servicos,inbound,520,73826.66,0.393,212,0.1058
10812,Treino_9602,varejo,inbound,520,59190.04,0.634,296,0.99
11286,Treino_9603,varejo,inbound,520,50574.9,0.655,440,0.4651
15703,Treino_9604,industria,outbound,520,32281.41,0.028,420,0.2192
14772,Treino_9605,industria,inbound,520,65569.26,0.868,58,0.2443
18535,Treino_9606,varejo,inbound,520,36102.55,0.328,331,0.4606
16627,Treino_9607,saude,inbound,520,25804.91,0.458,220,0.1429
13616,Treino_9608,servicos,outbound,520,19633.09,0.671,430,0.4533
11204,Treino_9609,servicos,outbound,520,25811.81,0.104,33,0.145
10815,Treino_9610,tecnologia,outbound,520,56073.78,0.42,148,0.3306
12503,Treino_9611,varejo,outbound,520,23993.5,0.087,230,0.0312
13012,Treino_9612,saude,indicacao,520,37203.61,0.599,286,0.3038
13155,Treino_9613,varejo,inbound,520,37373.88,0.014,243,0.3419
11849,Treino_9614,tecnologia,outbound,520,36196.7,0.552,460,0.4479
11140,Treino_9615,servicos,inbound,520,15218.68,0.52,185,0.01
10690,Treino_9616,tecnologia,inbound,520,26732.09,0.981,494,0.7298
15623,Treino_9617,tecnologia,outbound,520,54463.63,0.411,42,0.7241
17509,Treino_9618,varejo,inbound,520,32224.54,0.511,162,0.1475
10075,Treino_9619,industria,inbound,521,56573.82,0.625,357,0.3391
15364,Treino_9620,servicos,indicacao,521,49996.75,0.103,485,0.4478
16951,Treino_9621,tecnologia,outbound,521,28115.28,0.048,410,0.2645
12073,Treino_9622,varejo,outbound,521,36447.47,0.7,94,0.6043
17403,Treino_9623,industria,inbound,521,88220.99,0.964,407,0.99
19689,Treino_9624,tecnologia,inbound,521,43271.26,0.274,340,0.2755
19072,Treino_9625,servicos,inbound,521,19558.01,0.145,68,0.2348
15590,Treino_9626,tecnologia,outbound,521,85408.11,0.184,211,0.5029
15270,Treino_9627,tecnologia,outbound,521,5000.0,0.606,256,0.2251
18324,Treino_9628,servicos,inbound,521,38079.37,0.961,182,0.8512
18628,Treino_9629,industria,inbound,521,33421.49,0.222,183,0.3673
12562,Treino_9630,servicos,inbound,521,43428.62,0.699,460,0.5801
10993,Treino_9631,saude,outbound,521,89403.19,0.83,470,0.9558
13658,Treino_9632,servicos,outbound,521,36601.51,0.394,95,0.2704
10415,Treino_9633,tecnologia,outbound,521,46094.33,0.447,187,0.5024
10210,Treino_9634,saude,outbound,521,31090.49,0.726,316,0.5689
17206,Treino_9635,servicos,outbound,521,46660.03,0.445,86,0.6904
19696,Treino_9636,saude,inbound,522,69784.51,0.589,28,0.347
13054,Treino_9637,industria,inbound,522,69050.62,0.595,498,0.702
14201,Treino_9638,saude,outbound,522,63881.78,0.321,103,0.656
18144,Treino_9639,servicos,inbound,522,33229.5,0.771,364,0.3495
10226,Treino_9640,industria,inbound,522,53752.87,0.674,31,0.5076
11069,Treino_9641,varejo,indicacao,522,44231.63,0.367,254,0.2865
15758,Treino_9642,tecnologia,outbound,522,63413.42,0.083,387,0.7972
18885,Treino_9643,servicos,inbound,522,55075.39,0.297,394,0.6019
15365,Treino_9644,saude,inbound,522,42894.96,0.258,156,0.5478
13369,Treino_9645,tecnologia,indicacao,522,52763.38,0.495,308,0.6607
13709,Treino_9646,industria,inbound,522,75003.77,0.806,325,0.8333
17757,Treino_9647,tecnologia,outbound,523,37909.36,0.079,262,0.2746
10224,Treino_9648,varejo,outbound,523,24295.8,0.361,240,0.3487
12548,Treino_9649,servicos,inbound,523,22073.0,0.806,340,0.839
17663,Treino_9650,servicos,outbound,523,32590.63,0.393,485,0.5613
12579,Treino_9651,industria,inbound,523,66992.2,0.876,9,0.5835
16646,Treino_9652,industria,indicacao,523,66206.79,0.415,42,0.0989
10219,Treino_9653,servicos,inbound,523,81521.88,0.357,180,0.623
13258,Treino_9654,industria,outbound,523,5000.0,0.216,289,0.2347
14554,Treino_9655,tecnologia,indicacao,523,59002.73,0.175,166,0.2022
14017,Treino_9656,industria,inbound,523,42581.87,0.856,418,0.5232
16740,Treino_9657,saude,inbound,523,57763.24,0.007,185,0.4778
14612,Treino_9658,varejo,inbound,523,49539.75,0.295,424,0.4728
16045,Treino_9659,servicos,outbound,523,10873.63,0.527,96,0.2674
11089,Treino_9660,tecnologia,inbound,523,35249.35,0.388,76,0.3347
17855,Treino_9661,servicos,indicacao,523,38200.88,0.435,224,0.3226
19433,Treino_9662,saude,inbound,523,33141.31,0.371,296,0.6597
18046,Treino_9663,industria,inbound,523,96917.44,0.086,175,0.631
17242,Treino_9664,industria,inbound,523,48534.85,0.889,28,0.7426
10999,Treino_9665,saude,inbound,523,40718.56,0.041,58,0.0792
11713,Treino_9666,servicos,inbound,523,27149.31,0.813,28,0.3106
13647,Treino_9667,servicos,inbound,523,53095.96,0.474,164,0.1904
15867,Treino_9668,industria,outbound,523,60986.49,0.679,24,0.3181
18777,Treino_9669,saude,outbound,524,43079.26,0.179,158,0.0758
17667,Treino_9670,tecnologia,outbound,524,86927.3,0.047,332,0.4987
19475,Treino_9671,industria,outbound,524,39618.34,0.995,419,0.7188
17370,Treino_9672,saude,indicacao,524,74190.74,0.185,443,0.6839
17563,Treino_9673,varejo,outbound,524,32124.38,0.491,412,0.3659
19297,Treino_9674,saude,outbound,524,33975.13,0.979,181,0.6356
15989,Treino_9675,industria,inbound,524,59185.52,0.525,140,0.0734
16745,Treino_9676,saude,outbound,524,17535.32,0.606,452,0.7978
17170,Treino_9677,servicos,inbound,524,60808.42,0.465,132,0.48
19853,Treino_9678,tecnologia,outbound,524,64420.4,0.392,229,0.3323
19857,Treino_9679,saude,inbound,524,52682.94,0.79,175,0.5045
11736,Treino_9680,servicos,inbound,524,73865.35,0.492,48,0.3462
15124,Treino_9681,industria,inbound,524,53185.92,0.94,263,0.6765
18935,Treino_9682,saude,inbound,524,59650.24,0.817,281,0.4354
18227,Treino_9683,tecnologia,inbound,525,74106.87,0.909,197,0.617
14004,Treino_9684,industria,inbound,525,52446.33,0.306,453,0.8071
15630,Treino_9685,tecnologia,inbound,525,54450.49,0.054,315,0.472
17787,Treino_9686,varejo,inbound,525,20440.8,0.216,180,0.2918
16999,Treino_9687,varejo,inbound,525,28503.84,0.363,146,0.0627
12211,Treino_9688,servicos,inbound,525,5000.0,0.51,468,0.0306
12030,Treino_9689,saude,indicacao,525,51798.79,0.233,400,0.8031
11335,Treino_9690,tecnologia,inbound,525,47534.16,0.618,403,0.7287
18850,Treino_9691,varejo,inbound,525,5000.0,0.974,497,0.5654
15073,Treino_9692,industria,inbound,525,5000.0,0.821,64,0.4153
13910,Treino_9693,tecnologia,inbound,525,45605.43,0.626,54,0.495
18440,Treino_9694,servicos,outbound,525,62844.07,0.796,193,0.7116
19470,Treino_9695,varejo,outbound,525,46794.86,0.176,441,0.1528
15333,Treino_9696,varejo,inbound,525,26898.15,0.453,183,0.3982
17406,Treino_9697,saude,indicacao,525,49766.45,0.25,57,0.0747
19790,Treino_9698,varejo,inbound,525,69221.55,0.635,444,0.6131
18877,Treino_9699,tecnologia,inbound,525,49101.72,0.159,317,0.4194
15153,Treino_9700,tecnologia,inbound,525,34934.84,0.265,349,0.4224
18016,Treino_9701,industria,inbound,525,67467.65,0.363,171,0.3793
14074,Treino_9702,tecnologia,inbound,525,57185.18,0.632,256,0.4845
16584,Treino_9703,industria,outbound,525,62753.39,0.316,62,0.2108
17834,Treino_9704,industria,outbound,525,90968.2,0.172,451,0.7694
14041,Treino_9705,varejo,outbound,525,48249.25,0.681,119,0.5023
18544,Treino_9706,tecnologia,indicacao,526,49900.28,0.367,397,0.4726
17687,Treino_9707,varejo,outbound,526,28339.48,0.306,254,0.01
12517,Treino_9708,saude,inbound,526,33413.52,0.963,40,0.1631
11669,Treino_9709,tecnologia,outbound,526,54435.59,0.594,298,0.6931
15799,Treino_9710,servicos,outbound,526,43585.97,0.226,53,0.1548
14510,Treino_9711,industria,inbound,526,52326.49,0.206,80,0.1216
17026,Treino_9712,saude,inbound,526,33787.93,0.507,181,0.1958
14155,Treino_9713,servicos,outbound,526,60561.07,0.845,438,0.541
18838,Treino_9714,tecnologia,outbound,526,30007.64,0.229,65,0.01
17926,Treino_9715,tecnologia,indicacao,526,42322.06,0.032,294,0.2724
16938,Treino_9716,tecnologia,inbound,526,26256.22,0.301,11,0.3819
13515,Treino_9717,saude,outbound,526,68858.95,0.493,263,0.4959
11848,Treino_9718,saude,inbound,526,17549.77,0.122,239,0.01
17933,Treino_9719,tecnologia,outbound,526,44562.38,0.869,431,0.7527
16908,Treino_9720,varejo,inbound,526,60712.28,0.407,169,0.5103
16872,Treino_9721,servicos,outbound,526,52599.64,0.678,272,0.615
14888,Treino_9722,saude,inbound,526,33172.49,0.889,283,0.8621
15509,Treino_9723,saude,inbound,526,42795.59,0.914,331,0.7772
11090,Treino_9724,industria,outbound,526,57894.34,0.936,351,0.9435
12879,Treino_9725,varejo,inbound,526,52200.99,0.76,438,0.323
10631,Treino_9726,tecnologia,outbound,526,22181.79,0.881,251,0.2323
17218,Treino_9727,tecnologia,inbound,526,14588.2,0.053,61,0.2565
14285,Treino_9728,saude,inbound,526,74152.46,0.722,485,0.6698
19250,Treino_9729,servicos,indicacao,526,56886.8,0.967,307,0.3295
14644,Treino_9730,tecnologia,outbound,526,75418.9,0.622,116,0.6771
17371,Treino_9731,varejo,indicacao,526,32150.14,0.787,15,0.5563
11302,Treino_9732,servicos,outbound,526,25326.05,0.934,90,0.4209
13805,Treino_9733,industria,outbound,526,31361.19,0.19,147,0.2234
10902,Treino_9734,saude,outbound,526,46784.47,0.608,63,0.4903
18179,Treino_9735,servicos,inbound,526,33188.24,0.318,194,0.2179
19662,Treino_9736,servicos,inbound,526,72137.99,0.945,383,0.8647
10198,Treino_9737,servicos,outbound,526,76422.18,0.697,449,0.8668
15890,Treino_9738,tecnologia,outbound,526,55486.2,0.068,214,0.2195
17635,Treino_9739,servicos,inbound,526,62992.46,0.989,157,0.6141
15564,Treino_9740,varejo,outbound,527,17254.3,0.889,350,0.3585
19381,Treino_9741,varejo,outbound,527,62786.76,0.971,251,0.6959
11911,Treino_9742,servicos,inbound,527,43264.96,0.764,416,0.99
15572,Treino_9743,varejo,inbound,527,47829.36,0.805,57,0.5692
10230,Treino_9744,tecnologia,inbound,527,39636.5,0.995,175,0.8995
16671,Treino_9745,industria,indicacao,527,18301.87,0.424,441,0.5852
18295,Treino_9746,tecnologia,inbound,527,22448.42,0.515,145,0.253
10541,Treino_9747,industria,indicacao,527,24291.59,0.996,316,0.542
19637,Treino_9748,tecnologia,inbound,527,48270.9,0.352,181,0.0305
11316,Treino_9749,varejo,inbound,527,39828.94,0.266,187,0.3904
18327,Treino_9750,industria,outbound,527,58848.43,0.523,42,0.2406
11480,Treino_9751,servicos,inbound,527,56846.34,0.506,170,0.3504
14672,Treino_9752,servicos,inbound,527,32148.37,0.865,241,0.4425
14620,Treino_9753,varejo,outbound,527,49183.54,0.478,151,0.3992
12505,Treino_9754,industria,indicacao,527,28187.5,0.424,160,0.312
13322,Treino_9755,servicos,inbound,527,30138.3,0.59,448,0.5783
19838,Treino_9756,servicos,indicacao,527,26000.05,0.33,335,0.8815
11566,Treino_9757,servicos,inbound,527,68296.39,0.112,101,0.4009
19039,Treino_9758,industria,inbound,527,27179.58,0.413,413,0.3461
14423,Treino_9759,saude,inbound,527,53890.48,0.369,345,0.2841
19306,Treino_9760,saude,outbound,528,67317.29,0.996,450,0.4906
13211,Treino_9761,saude,inbound,528,74132.0,0.381,440,0.5152
12419,Treino_9762,servicos,inbound,528,12718.65,0.341,260,0.2351
12410,Treino_9763,tecnologia,inbound,528,58075.18,0.59,416,0.2429
14870,Treino_9764,industria,inbound,528,49494.87,0.665,195,0.4544
12275,Treino_9765,varejo,outbound,528,74589.39,0.551,89,0.2444
18775,Treino_9766,servicos,inbound,528,75528.87,0.651,203,0.3847
17463,Treino_9767,industria,outbound,528,70277.97,0.598,476,0.2634
17413,Treino_9768,servicos,inbound,528,21851.78,0.622,392,0.4934
12966,Treino_9769,servicos,outbound,528,38774.53,0.254,483,0.361
14678,Treino_9770,industria,inbound,528,89516.18,0.917,422,0.7065
19524,Treino_9771,saude,outbound,528,41916.33,0.892,165,0.4265
16731,Treino_9772,tecnologia,indicacao,528,91151.29,0.843,421,0.8046
18816,Treino_9773,servicos,indicacao,528,89872.37,0.69,173,0.4298
12791,Treino_9774,saude,indicacao,528,40102.29,0.523,338,0.2556
10719,Treino_9775,saude,outbound,528,58574.61,0.991,164,0.5438
11939,Treino_9776,saude,inbound,528,25593.02,0.078,465,0.3022
12457,Treino_9777,saude,indicacao,528,24113.49,0.816,23,0.302
15079,Treino_9778,industria,inbound,528,24259.22,0.425,260,0.4791
11290,Treino_9779,saude,inbound,528,56482.56,0.171,99,0.1452
17318,Treino_9780,industria,inbound,528,60242.9,0.757,338,0.6552
18699,Treino_9781,industria,inbound,528,49710.59,0.755,73,0.6153
16545,Treino_9782,tecnologia,inbound,529,23022.92,0.824,224,0.5633
16010,Treino_9783,tecnologia,outbound,529,60735.66,0.259,19,0.7171
19974,Treino_9784,tecnologia,inbound,529,29547.61,0.393,216,0.01
15294,Treino_9785,servicos,inbound,529,41204.67,0.09,368,0.1945
19513,Treino_9786,tecnologia,inbound,529,71262.09,0.182,291,0.0402
10953,Treino_9787,varejo,inbound,529,51942.12,0.514,7,0.1768
18789,Treino_9788,industria,inbound,529,77897.98,0.041,361,0.503
15738,Treino_9789,servicos,inbound,529,32233.25,0.087,8,0.01
13435,Treino_9790,industria,inbound,529,5000.0,0.049,87,0.1843
10416,Treino_9791,tecnologia,indicacao,529,49132.09,0.134,62,0.263
14765,Treino_9792,varejo,inbound,529,17078.95,0.94,116,0.4254
12434,Treino_9793,saude,inbound,529,38448.47,0.531,343,0.7252
19328,Treino_9794,saude,inbound,529,12597.69,0.335,185,0.2029
13574,Treino_9795,servicos,outbound,529,95672.94,0.89,120,0.6627
16513,Treino_9796,varejo,inbound,529,41421.21,0.886,290,0.5795
15919,Treino_9797,industria,outbound,529,69265.02,0.662,279,0.6612
12262,Treino_9798,industria,outbound,529,78169.97,0.903,13,0.6232
19586,Treino_9799,servicos,inbound,529,48041.83,0.659,72,0.763
18049,Treino_9800,industria,inbound,529,50145.04,0.486,312,0.5658
14309,Treino_9801,tecnologia,outbound,529,70239.54,0.507,134,0.4018
19454,Treino_9802,industria,inbound,529,68427.96,0.677,66,0.3728
17090,Treino_9803,servicos,inbound,529,30775.84,0.931,390,0.6958
17955,Treino_9804,saude,indicacao,529,37204.0,0.795,56,0.4613
19619,Treino_9805,tecnologia,outbound,530,75968.04,0.138,104,0.6264
16694,Treino_9806,servicos,outbound,530,51205.85,0.7,148,0.4231
16825,Treino_9807,varejo,inbound,530,42482.91,0.534,484,0.5437
10553,Treino_9808,tecnologia,outbound,530,40890.63,0.07,478,0.01
13238,Treino_9809,servicos,outbound,530,70431.93,0.565,442,0.5879
19577,Treino_9810,varejo,inbound,530,78810.76,0.202,271,0.4412
16220,Treino_9811,saude,indicacao,530,74714.9,0.22,385,0.4927
15588,Treino_9812,industria,inbound,530,55268.15,0.606,202,0.2655
18319,Treino_9813,tecnologia,indicacao,530,27990.04,0.381,118,0.4145
11826,Treino_9814,varejo,outbound,530,40480.64,0.912,392,0.58
10426,Treino_9815,saude,indicacao,530,59650.7,0.914,445,0.8615
15513,Treino_9816,saude,inbound,530,42414.05,0.278,296,0.5085
13856,Treino_9817,servicos,inbound,530,44633.27,0.348,449,0.3194
14599,Treino_9818,varejo,inbound,530,28252.46,0.053,238,0.3437
14246,Treino_9819,saude,inbound,530,22202.48,0.169,38,0.01
12304,Treino_9820,saude,outbound,530,27087.94,0.591,149,0.4112
18502,Treino_9821,servicos,outbound,531,47343.57,0.927,212,0.5218
12091,Treino_9822,servicos,inbound,531,15997.29,0.948,251,0.5973
11159,Treino_9823,industria,inbound,531,36857.01,0.478,62,0.2731
18011,Treino_9824,tecnologia,inbound,531,40876.34,0.737,131,0.7856
10271,Treino_9825,tecnologia,inbound,531,56733.77,0.592,411,0.5594
12613,Treino_9826,industria,inbound,531,35145.46,0.792,398,0.811
18821,Treino_9827,saude,inbound,531,8700.24,0.428,282,0.1989
12088,Treino_9828,saude,outbound,531,41658.61,0.813,331,0.7137
13077,Treino_9829,saude,outbound,531,19987.75,0.796,374,0.3702
11753,Treino_9830,industria,outbound,531,74260.16,0.734,401,0.9007
17057,Treino_9831,saude,inbound,531,48756.52,0.945,454,0.608
14815,Treino_9832,saude,outbound,531,46929.05,0.401,439,0.3387
10572,Treino_9833,servicos,inbound,531,40471.63,0.053,377,0.3615
13441,Treino_9834,saude,inbound,531,74753.45,0.765,411,0.5372
13233,Treino_9835,servicos,inbound,531,45816.86,0.152,12,0.1873
12325,Treino_9836,varejo,inbound,531,65223.68,0.151,461,0.6289
16880,Treino_9837,tecnologia,inbound,531,77728.89,0.134,107,0.497
10711,Treino_9838,tecnologia,inbound,531,55230.38,0.577,464,0.6185
15283,Treino_9839,varejo,inbound,531,40843.63,0.285,137,0.2763
12969,Treino_9840,tecnologia,inbound,531,62258.22,0.624,209,0.6257
13114,Treino_9841,saude,inbound,531,57129.65,0.453,29,0.6008
11095,Treino_9842,saude,indicacao,532,45745.21,0.504,72,0.2404
14896,Treino_9843,varejo,inbound,532,69560.76,0.887,48,0.5763
16121,Treino_9844,industria,indicacao,532,93194.71,0.81,28,0.832
13859,Treino_9845,industria,inbound,532,93034.95,0.892,49,0.7525
12231,Treino_9846,saude,outbound,532,73179.77,0.895,483,0.6227
16526,Treino_9847,saude,inbound,532,44186.21,0.972,108,0.7503
19178,Treino_9848,saude,inbound,532,43354.07,0.675,78,0.4699
12473,Treino_9849,saude,outbound,532,38264.48,0.884,218,0.7187
18621,Treino_9850,tecnologia,inbound,532,41683.93,0.784,386,0.5689
19473,Treino_9851,varejo,inbound,532,38949.22,0.814,192,0.6861
10283,Treino_9852,tecnologia,inbound,532,48737.51,0.05,50,0.01
12045,Treino_9853,saude,outbound,532,40631.24,0.688,112,0.2334
11011,Treino_9854,servicos,inbound,532,47854.47,0.506,92,0.5652
12650,Treino_9855,tecnologia,inbound,532,59132.6,0.13,174,0.3907
16820,Treino_9856,servicos,outbound,532,42073.04,0.279,276,0.3788
12651,Treino_9857,varejo,outbound,532,52619.74,0.278,116,0.01
12008,Treino_9858,tecnologia,outbound,532,43946.79,0.017,385,0.3769
14364,Treino_9859,varejo,inbound,532,53290.94,0.064,446,0.5724
16921,Treino_9860,saude,outbound,532,81037.52,0.131,277,0.3213
16409,Treino_9861,varejo,outbound,532,63159.43,0.862,12,0.58
18801,Treino_9862,varejo,inbound,532,46098.36,0.476,250,0.3207
15384,Treino_9863,servicos,inbound,533,49735.85,0.181,345,0.903
13368,Treino_9864,servicos,outbound,533,40843.88,0.441,342,0.2311
14209,Treino_9865,saude,inbound,533,56769.48,0.43,445,0.6717
19174,Treino_9866,industria,indicacao,533,75949.3,0.978,170,0.6747
18603,Treino_9867,varejo,inbound,533,45251.02,0.844,376,0.99
19139,Treino_9868,tecnologia,inbound,533,47937.98,0.878,128,0.4854
16974,Treino_9869,varejo,outbound,533,45587.31,0.319,455,0.5133
17475,Treino_9870,varejo,inbound,533,41379.49,0.713,294,0.5946
18744,Treino_9871,industria,indicacao,533,65847.87,0.012,472,0.4372
17865,Treino_9872,industria,indicacao,533,33046.57,0.675,198,0.2016
14734,Treino_9873,tecnologia,inbound,533,50710.99,0.968,135,0.7371
10880,Treino_9874,varejo,inbound,533,30041.61,0.555,223,0.2609
17158,Treino_9875,servicos,inbound,534,31101.28,0.278,324,0.0658
17472,Treino_9876,servicos,inbound,534,53228.14,0.002,129,0.3299
13492,Treino_9877,saude,outbound,534,41920.19,0.441,159,0.2426
13672,Treino_9878,industria,outbound,534,36780.94,0.022,489,0.6327
11652,Treino_9879,tecnologia,inbound,534,34956.03,0.024,158,0.2311
12790,Treino_9880,industria,inbound,534,72285.41,0.149,462,0.5329
14893,Treino_9881,varejo,outbound,534,35782.22,0.409,261,0.3358
10922,Treino_9882,industria,outbound,534,17952.9,0.469,49,0.1984
18929,Treino_9883,tecnologia,inbound,534,14285.43,0.011,410,0.4518
11471,Treino_9884,tecnologia,outbound,534,47358.24,0.195,153,0.1074
15877,Treino_9885,varejo,inbound,534,21800.88,0.868,214,0.3349
16900,Treino_9886,saude,inbound,534,57984.23,0.565,67,0.2917
17579,Treino_9887,varejo,indicacao,534,53414.86,0.195,68,0.4803
18512,Treino_9888,tecnologia,inbound,534,32972.84,0.716,24,0.1775
19213,Treino_9889,industria,indicacao,534,55654.09,0.56,14,0.6593
18830,Treino_9890,tecnologia,inbound,534,14103.97,0.608,466,0.2549
16407,Treino_9891,varejo,indicacao,534,37910.01,0.501,108,0.1505
10178,Treino_9892,industria,outbound,534,52877.79,0.608,195,0.4257
14375,Treino_9893,industria,outbound,535,55933.66,0.57,274,0.5429
11131,Treino_9894,servicos,outbound,535,42040.13,0.089,81,0.3833
16768,Treino_9895,saude,inbound,535,63966.03,0.763,491,0.6515
16228,Treino_9896,tecnologia,outbound,535,5000.0,0.416,161,0.222
14192,Treino_9897,varejo,inbound,535,31632.38,0.07,464,0.1976
10678,Treino_9898,varejo,outbound,535,46706.01,0.288,21,0.5274
18683,Treino_9899,industria,inbound,535,42029.05,0.411,456,0.6572
16653,Treino_9900,saude,indicacao,535,70261.93,0.038,164,0.0635
18507,Treino_9901,tecnologia,outbound,535,59895.83,0.834,233,0.7108
16563,Treino_9902,industria,inbound,535,57056.41,0.322,263,0.4279
12851,Treino_9903,tecnologia,inbound,535,45240.27,0.765,373,0.5179
16185,Treino_9904,tecnologia,indicacao,535,43747.21,0.109,382,0.0642
12272,Treino_9905,tecnologia,inbound,535,55342.73,0.919,330,0.8338
15121,Treino_9906,varejo,outbound,535,55146.27,0.761,43,0.3262
10052,Treino_9907,servicos,outbound,535,74439.52,0.891,163,0.6956
14623,Treino_9908,servicos,outbound,535,43922.03,0.956,414,0.8407
15103,Treino_9909,servicos,inbound,535,66905.6,0.707,102,0.6348
16956,Treino_9910,servicos,inbound,535,58993.1,0.966,329,0.99
17427,Treino_9911,servicos,outbound,535,24460.07,0.255,98,0.01
16701,Treino_9912,saude,inbound,535,52210.51,0.741,422,0.623
14652,Treino_9913,varejo,outbound,535,86689.45,0.297,446,0.5363
10976,Treino_9914,varejo,outbound,535,58738.05,0.206,67,0.5299
13300,Treino_9915,varejo,outbound,535,69866.25,0.662,140,0.6358
15456,Treino_9916,servicos,outbound,535,40279.07,0.377,442,0.5055
13474,Treino_9917,tecnologia,outbound,536,5000.0,0.364,269,0.3527
16878,Treino_9918,saude,indicacao,536,48414.82,0.914,60,0.3227
18909,Treino_9919,saude,indicacao,536,46271.43,0.358,192,0.3517
10695,Treino_9920,servicos,indicacao,536,63279.84,0.513,366,0.3676
13733,Treino_9921,industria,indicacao,536,37049.59,0.221,277,0.3074
14866,Treino_9922,varejo,inbound,536,35927.91,0.241,49,0.2839
18925,Treino_9923,varejo,outbound,536,90225.66,0.473,308,0.58
18626,Treino_9924,varejo,inbound,536,43439.93,0.82,138,0.731
19777,Treino_9925,industria,inbound,536,31016.21,0.25,115,0.0127
15125,Treino_9926,saude,outbound,536,40257.14,0.06,66,0.084
19309,Treino_9927,servicos,inbound,536,48130.12,0.922,148,0.4267
18267,Treino_9928,tecnologia,outbound,536,42720.83,0.065,221,0.0315
11004,Treino_9929,servicos,indicacao,536,57414.03,0.243,320,0.4716
10491,Treino_9930,industria,outbound,536,55441.98,0.943,385,0.8527
11792,Treino_9931,varejo,inbound,536,22818.64,0.507,321,0.2324
17598,Treino_9932,tecnologia,inbound,536,48563.49,0.667,438,0.7741
18352,Treino_9933,varejo,outbound,536,88124.47,0.194,336,0.4589
10900,Treino_9934,servicos,inbound,537,70459.57,0.13,447,0.5674
17804,Treino_9935,tecnologia,inbound,537,63803.99,0.892,70,0.7786
11189,Treino_9936,saude,outbound,537,63038.43,0.476,474,0.4441
10489,Treino_9937,varejo,inbound,537,58373.76,0.516,34,0.5339
14122,Treino_9938,saude,inbound,537,39966.95,0.491,63,0.359
11153,Treino_9939,varejo,inbound,537,26894.59,0.629,256,0.3188
17792,Treino_9940,saude,inbound,537,56846.57,0.413,390,0.2445
13701,Treino_9941,saude,inbound,537,37520.91,0.489,14,0.3946
15984,Treino_9942,tecnologia,outbound,537,42218.79,0.263,182,0.2477
10010,Treino_9943,servicos,indicacao,537,43681.24,0.52,356,0.5346
14887,Treino_9944,varejo,outbound,537,36474.3,0.292,17,0.4655
14407,Treino_9945,saude,inbound,537,49508.21,0.528,281,0.4061
11244,Treino_9946,tecnologia,outbound,537,42053.82,0.054,294,0.01
10931,Treino_9947,varejo,inbound,537,39676.49,0.121,496,0.5034
17766,Treino_9948,saude,indicacao,537,63798.63,0.313,204,0.5771
16167,Treino_9949,industria,outbound,537,59447.83,0.816,328,0.489
17272,Treino_9950,servicos,indicacao,537,66091.04,0.52,75,0.1201
17386,Treino_9951,varejo,inbound,537,36537.77,0.03,262,0.1302
17997,Treino_9952,varejo,outbound,537,63168.18,0.899,445,0.8985
18126,Treino_9953,tecnologia,inbound,537,53886.78,0.25,334,0.5509
16635,Treino_9954,servicos,outbound,537,64579.49,0.565,436,0.3081
10285,Treino_9955,tecnologia,indicacao,537,53902.44,0.344,383,0.4529
13592,Treino_9956,servicos,outbound,537,17899.66,0.216,81,0.5729
11640,Treino_9957,saude,inbound,537,33573.03,0.206,118,0.01
10799,Treino_9958,saude,inbound,538,52468.7,0.801,131,0.4744
19665,Treino_9959,saude,outbound,538,45336.23,0.583,180,0.0503
16914,Treino_9960,industria,indicacao,538,27692.56,0.51,463,0.3797
13495,Treino_9961,saude,inbound,538,73683.5,0.284,345,0.6004
18036,Treino_9962,saude,inbound,538,52826.74,0.971,354,0.6661
19102,Treino_9963,industria,inbound,538,70069.43,0.267,149,0.3138
16602,Treino_9964,industria,inbound,538,25324.08,0.581,78,0.2697
11976,Treino_9965,saude,outbound,538,37100.6,0.593,130,0.7388
19363,Treino_9966,saude,inbound,538,49114.1,0.074,55,0.6167
10777,Treino_9967,saude,inbound,538,40345.15,0.616,329,0.3845
13772,Treino_9968,industria,outbound,538,52235.28,0.008,232,0.3823
12846,Treino_9969,servicos,outbound,538,5287.28,0.432,381,0.441
17383,Treino_9970,servicos,indicacao,538,60979.33,0.935,378,0.8487
18688,Treino_9971,tecnologia,indicacao,538,78060.34,0.412,409,0.4192
19469,Treino_9972,varejo,inbound,538,59382.63,0.996,6,0.2629
19338,Treino_9973,industria,inbound,538,41304.93,0.828,207,0.4564
13402,Treino_9974,industria,inbound,538,5510.09,0.468,310,0.2634
18706,Treino_9975,servicos,outbound,538,58711.17,0.242,412,0.4697
16439,Treino_9976,servicos,outbound,538,48477.63,0.903,347,0.6166
12477,Treino_9977,servicos,indicacao,538,47102.02,0.566,148,0.435
17916,Treino_9978,saude,inbound,538,43794.08,0.696,76,0.1118
19784,Treino_9979,servicos,outbound,538,70777.02,0.859,24,0.5596
11602,Treino_9980,saude,inbound,538,52483.24,0.002,264,0.2929
16822,Treino_9981,varejo,inbound,538,28447.82,0.112,25,0.01
10014,Treino_9982,saude,outbound,538,81906.35,0.885,246,0.7729
16426,Treino_9983,varejo,inbound,538,63128.53,0.098,126,0.197
11188,Treino_9984,servicos,inbound,539,77412.52,0.839,349,0.8005
19092,Treino_9985,saude,inbound,539,63078.19,0.866,390,0.7315
18577,Treino_9986,varejo,inbound,539,54108.05,0.929,75,0.8506
18335,Treino_9987,servicos,outbound,539,56430.06,0.839,404,0.4654
11008,Treino_9988,saude,outbound,539,37252.77,0.848,453,0.7907
15610,Treino_9989,industria,outbound,539,46531.69,0.373,34,0.36
19991,Treino_9990,tecnologia,indicacao,539,54465.88,0.889,14,0.7892
15874,Treino_9991,industria,inbound,539,33675.01,0.07,446,0.01
15870,Treino_9992,saude,outbound,539,38665.26,0.888,493,0.4182
15317,Treino_9993,varejo,indicacao,539,58844.1,0.211,374,0.5109
15618,Treino_9994,varejo,outbound,539,52386.15,0.93,271,0.9548
19057,Treino_9995,saude,indicacao,539,50767.68,0.655,126,0.5823
18800,Treino_9996,industria,inbound,539,41975.9,0.353,320,0.6956
12166,Treino_9997,tecnologia,inbound,539,38737.77,0.212,348,0.7168
16555,Treino_9998,servicos,inbound,539,57404.92,0.522,420,0.3028
11283,Treino_9999,saude,outbound,539,99309.54,0.183,446,0.8042
