lead_id,empresa,setor,canal_origem,dia_chegada,orcamento_declarado,urgencia_declarada,tamanho_funcionarios,fit_real
1077,Empresa_1077,tecnologia,indicacao,1,106184.22,0.331,490,0.7788
896,Empresa_0896,saude,inbound,1,36479.65,0.222,374,0.3962
700,Empresa_0700,tecnologia,inbound,1,72259.32,0.783,275,0.9481
1827,Empresa_1827,tecnologia,inbound,1,81176.32,0.112,183,0.5818
507,Empresa_0507,varejo,outbound,1,58697.69,0.644,268,0.518
1406,Empresa_1406,servicos,inbound,1,55118.14,0.559,200,0.4426
1339,Empresa_1339,industria,inbound,2,45723.91,0.203,285,0.5573
1175,Empresa_1175,servicos,inbound,2,17995.88,0.274,166,0.3812
1755,Empresa_1755,tecnologia,inbound,3,62575.93,0.016,141,0.01
1812,Empresa_1812,varejo,inbound,3,55476.08,0.438,145,0.2974
909,Empresa_0909,varejo,outbound,3,28475.1,0.518,386,0.1219
1536,Empresa_1536,servicos,outbound,3,64984.46,0.792,196,0.4597
497,Empresa_0497,tecnologia,indicacao,4,43287.85,0.34,296,0.4351
1919,Empresa_1919,industria,inbound,4,20676.28,0.345,26,0.488
1068,Empresa_1068,tecnologia,inbound,4,78902.52,0.656,297,0.7148
63,Empresa_0063,servicos,inbound,4,61724.45,0.342,326,0.4711
794,Empresa_0794,industria,indicacao,4,14265.85,0.046,80,0.4247
771,Empresa_0771,varejo,outbound,4,77184.41,0.283,157,0.6421
1391,Empresa_1391,tecnologia,inbound,4,79547.87,0.329,108,0.4467
993,Empresa_0993,servicos,indicacao,4,76296.16,0.184,19,0.078
380,Empresa_0380,servicos,inbound,4,52157.61,0.726,281,0.9442
940,Empresa_0940,varejo,outbound,5,54232.19,0.241,118,0.3666
20,Empresa_0020,servicos,indicacao,5,46302.75,0.93,161,0.3016
428,Empresa_0428,servicos,outbound,5,22356.37,0.52,463,0.2236
1186,Empresa_1186,servicos,inbound,5,43676.05,0.112,90,0.3
564,Empresa_0564,varejo,inbound,6,68003.69,0.351,13,0.3559
902,Empresa_0902,saude,outbound,6,47051.15,0.798,498,0.5947
608,Empresa_0608,tecnologia,inbound,6,16288.05,0.745,224,0.1829
1624,Empresa_1624,tecnologia,inbound,6,53848.42,0.576,345,0.7941
100,Empresa_0100,industria,outbound,6,42436.75,0.929,104,0.703
1295,Empresa_1295,servicos,inbound,6,66909.66,0.34,364,0.6242
1189,Empresa_1189,servicos,outbound,7,47180.24,0.164,114,0.4928
1208,Empresa_1208,varejo,outbound,7,95632.66,0.489,425,0.99
1432,Empresa_1432,varejo,inbound,7,32636.13,0.909,431,0.7151
1468,Empresa_1468,saude,outbound,8,21457.27,0.971,386,0.4859
1655,Empresa_1655,industria,inbound,8,18656.46,0.883,349,0.6098
1570,Empresa_1570,varejo,outbound,8,50502.57,0.695,96,0.3893
1998,Empresa_1998,tecnologia,inbound,8,39383.56,0.925,213,0.4787
752,Empresa_0752,saude,inbound,8,29698.64,0.353,323,0.3649
1774,Empresa_1774,saude,inbound,8,72390.01,0.841,332,0.6883
1600,Empresa_1600,industria,inbound,9,48901.3,0.756,8,0.307
1785,Empresa_1785,varejo,indicacao,9,74257.67,0.476,363,0.4984
1590,Empresa_1590,varejo,inbound,9,22271.15,0.062,12,0.01
911,Empresa_0911,industria,inbound,9,57940.67,0.157,14,0.01
174,Empresa_0174,tecnologia,inbound,9,24441.25,0.315,29,0.01
871,Empresa_0871,industria,inbound,10,29842.14,0.244,232,0.3559
978,Empresa_0978,servicos,inbound,10,21663.16,0.571,253,0.4078
366,Empresa_0366,varejo,outbound,11,35128.24,0.975,481,0.5201
311,Empresa_0311,varejo,inbound,11,58781.73,0.489,106,0.3454
1372,Empresa_1372,servicos,indicacao,11,58097.1,0.787,204,0.8671
842,Empresa_0842,industria,inbound,11,85073.82,0.941,298,0.9037
801,Empresa_0801,varejo,inbound,11,28326.02,0.233,231,0.1409
1659,Empresa_1659,industria,inbound,12,52572.43,0.061,262,0.4324
1063,Empresa_1063,saude,inbound,12,72644.69,0.187,411,0.795
1967,Empresa_1967,saude,outbound,12,48227.72,0.93,298,0.5397
1523,Empresa_1523,tecnologia,indicacao,12,46232.32,0.837,207,0.7321
1090,Empresa_1090,servicos,outbound,12,38078.22,0.761,426,0.7378
607,Empresa_0607,tecnologia,outbound,12,58961.99,0.814,262,0.408
773,Empresa_0773,servicos,inbound,13,77012.5,0.435,451,0.9257
1638,Empresa_1638,saude,indicacao,13,50165.64,0.487,430,0.6075
1677,Empresa_1677,saude,inbound,13,57290.5,0.851,173,0.6654
1524,Empresa_1524,tecnologia,indicacao,13,41510.75,0.307,366,0.7167
857,Empresa_0857,varejo,outbound,13,58499.32,0.149,25,0.3711
628,Empresa_0628,varejo,inbound,13,29188.28,0.472,315,0.7244
121,Empresa_0121,servicos,outbound,14,53585.51,0.894,52,0.1435
1341,Empresa_1341,industria,inbound,14,58555.93,0.549,100,0.4005
948,Empresa_0948,tecnologia,inbound,14,57657.71,0.549,490,0.5147
398,Empresa_0398,saude,outbound,15,60601.29,0.539,266,0.1278
50,Empresa_0050,varejo,inbound,15,55782.39,0.343,385,0.8223
1964,Empresa_1964,tecnologia,outbound,16,35312.24,0.612,217,0.6362
552,Empresa_0552,tecnologia,inbound,16,55928.36,0.407,453,0.4319
1917,Empresa_1917,industria,outbound,16,70506.96,0.695,87,0.5147
535,Empresa_0535,varejo,outbound,16,62749.42,0.026,133,0.4201
1929,Empresa_1929,saude,outbound,17,64648.56,0.076,204,0.4469
1863,Empresa_1863,tecnologia,inbound,17,70481.98,0.547,235,0.6841
1287,Empresa_1287,tecnologia,inbound,17,49535.33,0.026,429,0.2435
1887,Empresa_1887,saude,inbound,17,53992.7,0.51,460,0.6642
392,Empresa_0392,saude,inbound,17,40564.48,0.664,491,0.4624
830,Empresa_0830,tecnologia,inbound,18,57918.68,0.217,366,0.5023
277,Empresa_0277,tecnologia,indicacao,18,27751.77,0.403,244,0.4319
1124,Empresa_1124,servicos,inbound,18,46316.49,0.604,447,0.2699
22,Empresa_0022,industria,inbound,18,74450.83,0.971,96,0.8115
551,Empresa_0551,industria,inbound,19,61130.67,0.089,412,0.4913
1262,Empresa_1262,servicos,outbound,19,65915.56,0.026,23,0.1782
116,Empresa_0116,saude,outbound,19,54653.52,0.265,238,0.5654
42,Empresa_0042,saude,inbound,19,36689.81,0.349,330,0.1604
1689,Empresa_1689,industria,outbound,19,67461.13,0.167,499,0.6212
1297,Empresa_1297,saude,indicacao,19,36771.66,0.158,427,0.5288
1327,Empresa_1327,industria,inbound,19,18222.05,0.855,87,0.3799
1914,Empresa_1914,servicos,indicacao,20,73806.11,0.396,134,0.5742
962,Empresa_0962,saude,inbound,20,29953.12,0.111,28,0.1459
1252,Empresa_1252,servicos,inbound,20,34061.78,0.497,227,0.3807
1386,Empresa_1386,industria,outbound,20,74975.16,0.558,176,0.5408
973,Empresa_0973,saude,inbound,20,62336.28,0.326,161,0.4453
1226,Empresa_1226,industria,indicacao,20,64574.28,0.595,496,0.532
1325,Empresa_1325,saude,inbound,20,69349.33,0.893,216,0.4936
408,Empresa_0408,tecnologia,inbound,20,10138.79,0.79,303,0.5862
1349,Empresa_1349,industria,indicacao,21,47817.1,0.74,78,0.2408
1656,Empresa_1656,servicos,inbound,21,57769.48,0.244,125,0.3487
1898,Empresa_1898,saude,inbound,21,41000.59,0.608,332,0.9287
160,Empresa_0160,servicos,outbound,22,30697.66,0.588,307,0.6145
1093,Empresa_1093,tecnologia,outbound,23,53607.28,0.777,250,0.5751
432,Empresa_0432,varejo,inbound,23,47378.27,0.193,365,0.3953
1989,Empresa_1989,servicos,inbound,23,22795.13,0.124,382,0.3934
185,Empresa_0185,industria,indicacao,23,80715.12,0.339,428,0.6858
99,Empresa_0099,saude,outbound,24,31890.42,0.308,113,0.5522
294,Empresa_0294,tecnologia,outbound,24,45262.99,0.069,497,0.593
504,Empresa_0504,tecnologia,inbound,24,5000.0,0.294,91,0.2012
1562,Empresa_1562,servicos,inbound,25,33668.5,0.246,419,0.4695
1683,Empresa_1683,varejo,outbound,25,74568.42,0.71,58,0.3188
844,Empresa_0844,servicos,outbound,25,52621.16,0.127,183,0.5565
1664,Empresa_1664,servicos,outbound,26,73827.79,0.734,289,0.3241
906,Empresa_0906,varejo,indicacao,26,45491.37,0.777,113,0.6784
1161,Empresa_1161,tecnologia,inbound,26,42734.79,0.004,313,0.2848
609,Empresa_0609,varejo,inbound,27,60760.69,0.453,416,0.8072
1113,Empresa_1113,industria,inbound,27,45191.26,0.916,461,0.9099
1803,Empresa_1803,industria,inbound,28,41807.02,0.236,299,0.5197
409,Empresa_0409,saude,outbound,28,24070.55,0.625,401,0.4852
960,Empresa_0960,saude,inbound,28,82337.49,0.774,20,0.528
1195,Empresa_1195,tecnologia,outbound,30,89209.69,0.898,239,0.8007
1345,Empresa_1345,saude,inbound,30,96196.89,0.138,297,0.4422
1857,Empresa_1857,saude,indicacao,30,70874.87,0.705,437,0.8373
391,Empresa_0391,industria,inbound,31,51087.07,0.588,392,0.3526
748,Empresa_0748,industria,outbound,31,42565.67,0.988,340,0.383
1550,Empresa_1550,servicos,indicacao,31,18658.83,0.998,182,0.3677
866,Empresa_0866,servicos,outbound,32,23156.5,0.149,325,0.5343
699,Empresa_0699,servicos,inbound,32,45977.91,0.361,182,0.3352
1936,Empresa_1936,industria,indicacao,33,49334.11,0.441,483,0.6835
1108,Empresa_1108,servicos,outbound,33,76071.3,0.124,11,0.1242
341,Empresa_0341,servicos,inbound,33,56087.33,0.987,96,0.5686
885,Empresa_0885,industria,inbound,34,55778.33,0.594,60,0.6648
1571,Empresa_1571,tecnologia,inbound,34,45601.28,0.366,298,0.6615
555,Empresa_0555,saude,inbound,34,43858.34,0.411,311,0.3864
472,Empresa_0472,varejo,outbound,34,44312.72,0.227,488,0.4409
1460,Empresa_1460,varejo,outbound,35,69259.21,0.567,395,0.7377
180,Empresa_0180,saude,inbound,35,76120.03,0.253,175,0.4008
93,Empresa_0093,tecnologia,inbound,35,48405.64,0.765,383,0.5658
486,Empresa_0486,saude,indicacao,36,34410.35,0.639,291,0.1395
1251,Empresa_1251,tecnologia,outbound,36,80335.85,0.756,82,0.8297
1639,Empresa_1639,tecnologia,inbound,36,45924.36,0.184,332,0.2975
1137,Empresa_1137,tecnologia,outbound,37,50744.56,0.492,236,0.4272
418,Empresa_0418,servicos,inbound,37,48617.24,0.592,12,0.4927
1795,Empresa_1795,industria,indicacao,37,43486.04,0.683,299,0.6152
1886,Empresa_1886,servicos,outbound,38,28728.81,0.586,105,0.5511
990,Empresa_0990,industria,outbound,38,67411.11,0.706,460,0.99
1180,Empresa_1180,servicos,inbound,38,23590.22,0.808,480,0.4644
696,Empresa_0696,industria,inbound,38,5000.0,0.844,127,0.0797
405,Empresa_0405,varejo,inbound,39,44683.22,0.657,15,0.2474
1756,Empresa_1756,saude,outbound,39,84198.88,0.207,288,0.5964
1380,Empresa_1380,servicos,inbound,40,74520.68,0.529,193,0.4497
1239,Empresa_1239,varejo,indicacao,40,81037.6,0.191,291,0.2896
259,Empresa_0259,industria,outbound,40,22502.08,0.436,395,0.3157
1934,Empresa_1934,saude,inbound,40,22998.02,0.652,43,0.3764
1099,Empresa_1099,servicos,indicacao,41,74839.2,0.827,109,0.6417
75,Empresa_0075,servicos,inbound,41,63809.71,0.274,365,0.6352
103,Empresa_0103,tecnologia,indicacao,41,64750.31,0.77,297,0.8803
1969,Empresa_1969,industria,inbound,42,65930.88,0.565,17,0.3431
821,Empresa_0821,servicos,inbound,42,78755.54,0.41,170,0.4153
1861,Empresa_1861,varejo,outbound,42,28307.79,0.813,208,0.5687
340,Empresa_0340,servicos,indicacao,42,5000.0,0.762,47,0.3301
1449,Empresa_1449,tecnologia,indicacao,42,38135.6,0.129,356,0.5784
1692,Empresa_1692,saude,inbound,43,22361.02,0.725,495,0.306
1724,Empresa_1724,industria,outbound,43,72547.1,0.631,258,0.3186
575,Empresa_0575,varejo,outbound,43,20903.55,0.877,38,0.1956
1458,Empresa_1458,varejo,inbound,43,85706.37,0.645,475,0.7138
690,Empresa_0690,varejo,indicacao,43,56281.54,0.46,271,0.6554
1862,Empresa_1862,tecnologia,outbound,44,78250.26,0.881,34,0.6139
1484,Empresa_1484,saude,inbound,44,65552.19,0.484,357,0.6431
1581,Empresa_1581,industria,indicacao,44,46939.48,0.885,414,0.3621
184,Empresa_0184,varejo,inbound,44,58575.13,0.654,44,0.3426
1710,Empresa_1710,varejo,indicacao,45,38380.8,0.344,357,0.2414
1250,Empresa_1250,saude,indicacao,45,69345.98,0.966,344,0.4304
433,Empresa_0433,servicos,inbound,45,13381.88,0.373,444,0.1795
1150,Empresa_1150,tecnologia,indicacao,46,53681.16,0.388,145,0.5506
739,Empresa_0739,tecnologia,outbound,47,5054.63,0.217,132,0.3123
1552,Empresa_1552,varejo,outbound,47,38365.57,0.883,227,0.5583
1575,Empresa_1575,varejo,inbound,48,24752.21,0.622,342,0.3645
1643,Empresa_1643,saude,inbound,48,62967.88,0.615,150,0.4048
1288,Empresa_1288,industria,outbound,48,90070.19,0.243,388,0.7362
572,Empresa_0572,varejo,indicacao,48,55240.72,0.861,325,0.366
1336,Empresa_1336,saude,inbound,48,59371.06,0.866,220,0.6016
1944,Empresa_1944,servicos,indicacao,48,42406.47,0.996,393,0.6458
1346,Empresa_1346,industria,inbound,49,56536.87,0.699,33,0.4301
813,Empresa_0813,servicos,inbound,49,39920.85,0.748,486,0.3863
1980,Empresa_1980,varejo,inbound,49,53412.5,0.947,122,0.3792
209,Empresa_0209,varejo,indicacao,50,43317.53,0.966,210,0.6006
1976,Empresa_1976,varejo,inbound,50,12136.58,0.193,391,0.1891
544,Empresa_0544,industria,inbound,50,44932.45,0.402,407,0.5366
749,Empresa_0749,varejo,outbound,50,32137.39,0.847,257,0.6269
586,Empresa_0586,varejo,inbound,51,26467.71,0.497,398,0.3931
60,Empresa_0060,tecnologia,indicacao,52,16342.6,0.71,408,0.7228
30,Empresa_0030,servicos,inbound,52,92832.95,0.531,245,0.6264
1433,Empresa_1433,saude,inbound,54,17290.74,0.932,254,0.388
528,Empresa_0528,saude,outbound,54,55164.58,0.827,12,0.3585
1446,Empresa_1446,tecnologia,indicacao,54,96515.6,0.002,370,0.3668
1451,Empresa_1451,saude,inbound,55,60197.96,0.717,323,0.8463
89,Empresa_0089,varejo,inbound,55,58930.62,0.504,93,0.2094
870,Empresa_0870,tecnologia,indicacao,56,55577.29,0.155,226,0.3994
1298,Empresa_1298,industria,inbound,56,26850.71,0.104,217,0.018
94,Empresa_0094,saude,inbound,56,16253.31,0.844,289,0.3564
949,Empresa_0949,servicos,outbound,57,5000.0,0.563,126,0.5977
479,Empresa_0479,industria,inbound,57,101953.47,0.912,448,0.99
1179,Empresa_1179,industria,outbound,58,58349.44,0.139,326,0.2611
1906,Empresa_1906,industria,outbound,58,50647.4,0.959,498,0.7205
1442,Empresa_1442,saude,inbound,58,22186.29,0.746,270,0.3256
494,Empresa_0494,servicos,outbound,58,43826.54,0.51,101,0.3982
508,Empresa_0508,saude,inbound,58,38808.55,0.95,153,0.413
1072,Empresa_1072,servicos,outbound,58,45414.15,0.673,333,0.7725
675,Empresa_0675,tecnologia,inbound,58,56987.01,0.512,116,0.4831
356,Empresa_0356,servicos,inbound,58,54688.02,0.792,252,0.2316
1370,Empresa_1370,industria,outbound,59,19704.9,0.232,84,0.031
1366,Empresa_1366,servicos,outbound,59,27460.24,0.134,34,0.3309
476,Empresa_0476,industria,inbound,59,71277.03,0.563,391,0.4922
807,Empresa_0807,servicos,outbound,59,25115.88,0.815,279,0.396
1991,Empresa_1991,servicos,inbound,59,60906.47,0.313,124,0.5665
585,Empresa_0585,tecnologia,outbound,59,89945.93,0.082,17,0.199
381,Empresa_0381,tecnologia,inbound,59,76191.01,0.069,90,0.0731
1309,Empresa_1309,industria,inbound,60,43049.53,0.495,388,0.5268
622,Empresa_0622,tecnologia,inbound,60,55378.27,0.07,430,0.5328
987,Empresa_0987,varejo,inbound,60,56620.8,0.254,75,0.1623
983,Empresa_0983,varejo,outbound,60,64711.66,0.602,334,0.5481
692,Empresa_0692,servicos,outbound,61,69041.07,0.53,65,0.3609
280,Empresa_0280,industria,inbound,61,59602.87,0.986,484,0.6315
295,Empresa_0295,industria,indicacao,61,53530.25,0.17,278,0.3932
888,Empresa_0888,tecnologia,outbound,62,5000.0,0.882,383,0.6458
625,Empresa_0625,servicos,inbound,62,39330.95,0.614,160,0.4927
1888,Empresa_1888,saude,inbound,62,18775.94,0.036,129,0.01
1139,Empresa_1139,tecnologia,inbound,62,50075.93,0.058,164,0.24
1923,Empresa_1923,tecnologia,inbound,63,72579.82,0.432,388,0.4221
1793,Empresa_1793,servicos,outbound,63,43984.71,0.795,31,0.2205
649,Empresa_0649,varejo,inbound,63,42190.72,0.875,218,0.4756
1676,Empresa_1676,tecnologia,indicacao,64,69770.64,0.515,180,0.5964
1217,Empresa_1217,varejo,inbound,64,5004.32,0.072,66,0.01
1701,Empresa_1701,tecnologia,inbound,64,40131.97,0.25,243,0.1772
521,Empresa_0521,tecnologia,outbound,64,32246.09,0.041,67,0.0886
643,Empresa_0643,servicos,outbound,64,53439.21,0.255,240,0.85
1902,Empresa_1902,tecnologia,inbound,65,62058.74,0.091,458,0.2077
346,Empresa_0346,varejo,outbound,66,38177.93,0.756,99,0.3528
79,Empresa_0079,saude,inbound,67,43813.07,0.379,272,0.6018
1367,Empresa_1367,saude,inbound,67,76572.62,0.511,304,0.4942
47,Empresa_0047,varejo,outbound,67,54471.91,0.572,455,0.4274
1259,Empresa_1259,servicos,inbound,68,40355.35,0.719,331,0.6866
802,Empresa_0802,varejo,inbound,68,56892.1,0.064,343,0.292
672,Empresa_0672,saude,outbound,68,35722.5,0.991,389,0.622
43,Empresa_0043,tecnologia,inbound,68,54643.23,0.717,144,0.4201
139,Empresa_0139,industria,inbound,68,108277.25,0.526,385,0.5558
1281,Empresa_1281,industria,indicacao,68,6587.69,0.407,177,0.3835
1154,Empresa_1154,servicos,outbound,69,63956.34,0.932,377,0.9787
1515,Empresa_1515,tecnologia,indicacao,69,54205.83,0.711,27,0.2988
1323,Empresa_1323,saude,indicacao,69,18742.31,0.135,47,0.0985
412,Empresa_0412,tecnologia,outbound,70,36434.71,0.101,143,0.1924
1190,Empresa_1190,industria,outbound,70,80635.58,0.133,275,0.3646
1858,Empresa_1858,industria,outbound,70,57867.54,0.53,459,0.8833
1333,Empresa_1333,servicos,inbound,70,55401.91,0.455,126,0.4132
1204,Empresa_1204,saude,outbound,70,36988.73,0.473,100,0.3482
1476,Empresa_1476,industria,inbound,72,91919.98,0.868,113,0.561
682,Empresa_0682,tecnologia,inbound,72,75034.5,0.137,253,0.4495
1615,Empresa_1615,industria,inbound,73,60642.59,0.213,403,0.4775
1271,Empresa_1271,saude,indicacao,73,78986.9,0.737,472,0.7961
1507,Empresa_1507,tecnologia,inbound,73,49137.33,0.344,422,0.7806
332,Empresa_0332,saude,indicacao,73,36021.39,0.602,123,0.3174
1480,Empresa_1480,industria,inbound,73,58999.57,0.432,475,0.4366
959,Empresa_0959,varejo,indicacao,73,58160.72,0.084,368,0.3954
1791,Empresa_1791,tecnologia,inbound,74,49841.91,0.686,429,0.7936
206,Empresa_0206,servicos,inbound,74,33135.39,0.772,394,0.7926
1419,Empresa_1419,industria,indicacao,74,50560.44,0.751,462,0.7655
361,Empresa_0361,servicos,indicacao,74,57667.88,0.556,437,0.3566
1593,Empresa_1593,varejo,outbound,74,35408.46,0.805,215,0.6116
413,Empresa_0413,industria,inbound,74,64988.68,0.273,79,0.5876
1320,Empresa_1320,industria,inbound,75,34789.82,0.33,422,0.6225
1792,Empresa_1792,tecnologia,outbound,75,55476.85,0.04,194,0.2681
1083,Empresa_1083,servicos,indicacao,75,51238.33,0.689,255,0.4469
1993,Empresa_1993,industria,inbound,75,69303.41,0.379,79,0.6481
1775,Empresa_1775,varejo,outbound,76,55938.32,0.769,394,0.608
605,Empresa_0605,tecnologia,outbound,76,60822.63,0.993,439,0.7549
732,Empresa_0732,industria,inbound,76,60974.78,0.514,325,0.3301
1895,Empresa_1895,saude,inbound,76,38368.12,0.073,353,0.01
904,Empresa_0904,varejo,indicacao,77,37555.85,0.875,16,0.6063
988,Empresa_0988,tecnologia,inbound,77,43947.6,0.23,54,0.2648
90,Empresa_0090,saude,inbound,77,63307.7,0.532,241,0.6446
1912,Empresa_1912,industria,inbound,77,61037.18,0.947,262,0.4259
1670,Empresa_1670,varejo,inbound,78,48213.59,0.832,301,0.7307
482,Empresa_0482,industria,inbound,78,51830.4,0.902,452,0.6118
1678,Empresa_1678,varejo,inbound,78,35479.7,0.431,352,0.2921
1021,Empresa_1021,saude,outbound,78,56320.96,0.41,374,0.2215
512,Empresa_0512,industria,inbound,79,51989.55,0.262,128,0.3285
1595,Empresa_1595,varejo,inbound,79,59050.77,0.277,141,0.5528
758,Empresa_0758,saude,inbound,79,62792.53,0.596,180,0.5048
1303,Empresa_1303,industria,inbound,80,65077.1,0.774,203,0.6139
370,Empresa_0370,saude,inbound,80,50228.52,0.107,373,0.3389
300,Empresa_0300,industria,outbound,80,84547.0,0.066,495,0.5322
1613,Empresa_1613,saude,inbound,80,51571.97,0.879,367,0.7916
1222,Empresa_1222,tecnologia,outbound,81,58219.65,0.763,206,0.3404
312,Empresa_0312,tecnologia,indicacao,81,84878.69,0.501,39,0.3169
1681,Empresa_1681,industria,inbound,82,29491.8,0.962,423,0.651
1436,Empresa_1436,varejo,indicacao,82,41200.25,0.705,415,0.5098
1464,Empresa_1464,tecnologia,outbound,82,69771.06,0.278,236,0.4095
815,Empresa_0815,tecnologia,inbound,82,56229.06,0.414,328,0.7883
1840,Empresa_1840,varejo,inbound,82,38253.58,0.039,174,0.01
1940,Empresa_1940,tecnologia,inbound,82,24507.63,0.072,36,0.2805
858,Empresa_0858,saude,inbound,83,11260.66,0.997,468,0.99
1131,Empresa_1131,industria,inbound,83,44738.53,0.867,432,0.76
403,Empresa_0403,servicos,outbound,83,42125.18,0.583,427,0.5247
364,Empresa_0364,industria,inbound,84,47499.82,0.932,444,0.5144
1069,Empresa_1069,tecnologia,outbound,84,48452.88,0.451,42,0.3193
453,Empresa_0453,saude,inbound,84,91539.61,0.819,241,0.8626
32,Empresa_0032,tecnologia,inbound,84,39755.15,0.186,371,0.5394
41,Empresa_0041,servicos,inbound,84,60863.09,0.355,395,0.5746
1473,Empresa_1473,saude,inbound,84,5000.0,0.543,498,0.1855
1809,Empresa_1809,tecnologia,inbound,85,69214.69,0.604,347,0.6727
1510,Empresa_1510,saude,indicacao,86,51358.26,0.799,285,0.4662
1890,Empresa_1890,tecnologia,inbound,86,70490.25,0.264,229,0.3685
903,Empresa_0903,saude,outbound,86,81765.52,0.958,242,0.6489
248,Empresa_0248,saude,indicacao,86,108101.34,0.308,321,0.9848
629,Empresa_0629,saude,outbound,86,5000.0,0.582,372,0.1314
1426,Empresa_1426,servicos,outbound,86,66488.54,0.447,205,0.5863
1129,Empresa_1129,tecnologia,inbound,87,8050.98,0.678,486,0.4763
915,Empresa_0915,industria,inbound,87,73150.16,0.797,310,0.6375
365,Empresa_0365,industria,inbound,87,79629.11,0.682,92,0.6038
945,Empresa_0945,industria,inbound,87,42886.03,0.791,152,0.4688
190,Empresa_0190,tecnologia,inbound,88,84473.31,0.876,319,0.5656
344,Empresa_0344,tecnologia,inbound,88,82324.19,0.072,172,0.5759
591,Empresa_0591,varejo,inbound,88,54980.72,0.464,68,0.2419
1286,Empresa_1286,saude,indicacao,89,23472.08,0.275,213,0.2035
1307,Empresa_1307,saude,indicacao,89,74658.04,0.039,264,0.4363
1652,Empresa_1652,servicos,outbound,89,60725.94,0.047,267,0.557
136,Empresa_0136,varejo,inbound,89,56270.28,0.968,306,0.4403
1425,Empresa_1425,servicos,inbound,89,31771.13,0.439,494,0.2478
1841,Empresa_1841,varejo,inbound,90,50219.71,0.987,9,0.5322
481,Empresa_0481,industria,inbound,90,78664.29,0.913,82,0.5344
401,Empresa_0401,tecnologia,outbound,90,53935.52,0.049,135,0.4101
1395,Empresa_1395,tecnologia,indicacao,91,87246.35,0.264,390,0.8392
713,Empresa_0713,varejo,inbound,91,49758.31,0.674,374,0.4403
536,Empresa_0536,varejo,outbound,91,39224.57,0.836,392,0.5805
789,Empresa_0789,industria,inbound,92,46978.96,0.684,154,0.4519
1667,Empresa_1667,tecnologia,inbound,92,50039.99,0.992,196,0.4946
679,Empresa_0679,varejo,inbound,92,46661.44,0.168,421,0.3408
631,Empresa_0631,tecnologia,inbound,92,100986.56,0.472,125,0.5461
578,Empresa_0578,servicos,inbound,92,44949.65,0.932,18,0.2066
1036,Empresa_1036,varejo,outbound,93,69722.73,0.114,438,0.5391
85,Empresa_0085,servicos,inbound,93,59739.45,0.202,310,0.5284
1608,Empresa_1608,saude,inbound,94,45646.31,0.203,375,0.1763
1587,Empresa_1587,servicos,indicacao,94,68855.32,0.599,65,0.2755
1328,Empresa_1328,tecnologia,outbound,94,47523.81,0.163,41,0.01
873,Empresa_0873,industria,inbound,94,51260.05,0.034,319,0.2151
1709,Empresa_1709,industria,inbound,94,46720.93,0.465,397,0.476
394,Empresa_0394,industria,outbound,95,64039.07,0.756,71,0.4399
770,Empresa_0770,industria,inbound,95,84579.91,0.559,480,0.8607
1714,Empresa_1714,tecnologia,outbound,95,29746.32,0.165,445,0.1387
1816,Empresa_1816,saude,inbound,95,63287.07,0.028,439,0.5939
1494,Empresa_1494,varejo,inbound,95,42927.71,0.304,378,0.4043
1511,Empresa_1511,servicos,inbound,95,60962.57,0.498,221,0.3143
1147,Empresa_1147,tecnologia,outbound,96,42315.08,0.553,226,0.2685
1591,Empresa_1591,varejo,inbound,96,21800.61,0.822,440,0.4319
1567,Empresa_1567,servicos,outbound,96,53241.19,0.615,394,0.5412
1461,Empresa_1461,industria,indicacao,96,35507.78,0.497,42,0.2358
1152,Empresa_1152,varejo,indicacao,97,55452.91,0.094,325,0.4353
113,Empresa_0113,varejo,inbound,97,21078.84,0.414,331,0.2941
1893,Empresa_1893,tecnologia,inbound,97,6879.54,0.498,428,0.1929
746,Empresa_0746,servicos,inbound,97,85951.89,0.075,148,0.2023
1188,Empresa_1188,industria,inbound,97,62259.31,0.1,489,0.3926
1257,Empresa_1257,servicos,indicacao,98,49229.23,0.256,144,0.3602
991,Empresa_0991,saude,inbound,98,79585.49,0.618,29,0.2609
1621,Empresa_1621,saude,outbound,99,50931.15,0.211,475,0.6475
256,Empresa_0256,saude,inbound,99,58695.32,0.757,130,0.5589
34,Empresa_0034,saude,indicacao,99,62319.59,0.031,377,0.318
1132,Empresa_1132,servicos,indicacao,100,36282.95,0.365,218,0.3045
788,Empresa_0788,tecnologia,indicacao,100,28351.46,0.826,176,0.5467
1223,Empresa_1223,saude,indicacao,100,65651.18,0.952,441,0.6314
606,Empresa_0606,industria,indicacao,101,65258.53,0.42,365,0.2933
1270,Empresa_1270,saude,inbound,101,80739.31,0.064,359,0.1376
1711,Empresa_1711,saude,inbound,101,5000.0,0.262,251,0.4015
723,Empresa_0723,varejo,outbound,102,20067.23,0.841,460,0.5055
176,Empresa_0176,varejo,inbound,102,81581.83,0.452,75,0.2907
290,Empresa_0290,tecnologia,inbound,102,44960.45,0.69,121,0.521
1196,Empresa_1196,industria,inbound,103,25440.0,0.563,219,0.4886
664,Empresa_0664,tecnologia,inbound,103,48368.24,0.643,366,0.3765
1294,Empresa_1294,varejo,indicacao,103,55152.81,0.521,215,0.7218
571,Empresa_0571,tecnologia,inbound,103,48640.39,0.197,55,0.214
1864,Empresa_1864,varejo,inbound,103,55797.71,0.82,258,0.9333
1612,Empresa_1612,saude,outbound,103,49148.43,0.417,188,0.2709
126,Empresa_0126,servicos,inbound,104,79266.06,0.257,296,0.5765
1429,Empresa_1429,industria,inbound,104,64909.98,0.553,466,0.7246
258,Empresa_0258,tecnologia,inbound,104,47323.54,0.486,358,0.1831
1343,Empresa_1343,saude,inbound,105,39465.69,0.439,175,0.4421
157,Empresa_0157,servicos,outbound,105,69654.79,0.895,195,0.5668
445,Empresa_0445,saude,inbound,105,20462.84,0.959,408,0.3681
1155,Empresa_1155,tecnologia,inbound,105,52212.26,0.762,321,0.6769
234,Empresa_0234,servicos,inbound,106,35418.32,0.648,265,0.3073
975,Empresa_0975,servicos,indicacao,106,29168.25,0.393,328,0.2691
819,Empresa_0819,saude,inbound,106,27211.42,0.415,266,0.7645
1746,Empresa_1746,tecnologia,inbound,106,38460.07,0.325,295,0.5227
1048,Empresa_1048,servicos,outbound,106,30887.5,0.965,461,0.6238
111,Empresa_0111,servicos,inbound,107,54754.71,0.098,151,0.01
617,Empresa_0617,tecnologia,inbound,107,54832.89,0.394,30,0.7088
1698,Empresa_1698,servicos,indicacao,107,15245.71,0.511,341,0.01
52,Empresa_0052,servicos,inbound,107,20856.88,0.495,204,0.2335
1520,Empresa_1520,varejo,indicacao,108,24639.72,0.812,483,0.5582
421,Empresa_0421,saude,inbound,108,33252.04,0.827,39,0.3995
1114,Empresa_1114,varejo,inbound,108,52040.63,0.312,323,0.3622
1960,Empresa_1960,industria,outbound,108,53286.41,0.184,166,0.1014
1422,Empresa_1422,varejo,inbound,109,57810.61,0.301,239,0.7783
309,Empresa_0309,servicos,inbound,109,84646.23,0.426,55,0.6629
247,Empresa_0247,industria,indicacao,109,86738.27,0.611,270,0.598
358,Empresa_0358,servicos,inbound,109,32733.09,0.893,412,0.6223
1060,Empresa_1060,industria,inbound,110,46926.3,0.676,421,0.9547
1198,Empresa_1198,varejo,outbound,110,79698.38,0.3,178,0.8435
539,Empresa_0539,varejo,inbound,110,34268.68,0.004,6,0.2676
655,Empresa_0655,industria,inbound,111,56388.01,0.689,258,0.6896
1629,Empresa_1629,varejo,inbound,111,71556.87,0.791,142,0.99
1416,Empresa_1416,varejo,outbound,111,94585.47,0.79,101,0.5907
891,Empresa_0891,varejo,indicacao,111,38845.42,0.322,264,0.3398
205,Empresa_0205,servicos,outbound,111,49025.63,0.534,346,0.6227
1221,Empresa_1221,varejo,inbound,112,75811.28,0.189,435,0.3951
373,Empresa_0373,saude,indicacao,112,66836.4,0.067,21,0.01
772,Empresa_0772,industria,inbound,113,55104.27,0.597,403,0.772
1315,Empresa_1315,industria,inbound,113,86724.52,0.318,174,0.3709
600,Empresa_0600,varejo,inbound,113,60308.21,0.882,174,0.4569
1,Empresa_0001,saude,inbound,113,29200.32,0.445,133,0.3337
71,Empresa_0071,industria,inbound,113,27334.26,0.265,187,0.4469
84,Empresa_0084,saude,inbound,114,26083.21,0.025,16,0.01
1517,Empresa_1517,servicos,inbound,114,76240.51,0.905,234,0.3851
166,Empresa_0166,tecnologia,outbound,114,68631.46,0.455,282,0.3327
579,Empresa_0579,varejo,inbound,114,57269.09,0.571,420,0.9697
305,Empresa_0305,varejo,outbound,114,28942.03,0.056,442,0.4228
1546,Empresa_1546,varejo,indicacao,115,14385.24,0.328,499,0.2988
1631,Empresa_1631,tecnologia,inbound,115,33384.6,0.322,255,0.4694
561,Empresa_0561,industria,indicacao,115,56685.9,0.614,277,0.99
225,Empresa_0225,servicos,inbound,115,54564.57,0.629,40,0.581
1962,Empresa_1962,tecnologia,outbound,115,44582.13,0.152,395,0.2294
592,Empresa_0592,tecnologia,outbound,115,86425.98,0.209,13,0.3757
1822,Empresa_1822,saude,inbound,116,74434.57,0.257,219,0.8012
1992,Empresa_1992,tecnologia,inbound,116,54633.21,0.847,113,0.381
1218,Empresa_1218,varejo,inbound,116,26092.82,0.477,333,0.4087
1194,Empresa_1194,tecnologia,outbound,117,88675.87,0.322,12,0.5174
1938,Empresa_1938,servicos,indicacao,117,36454.52,0.234,378,0.3805
1302,Empresa_1302,industria,inbound,117,62285.41,0.59,212,0.5104
1428,Empresa_1428,industria,inbound,117,63093.19,0.41,458,0.3294
1783,Empresa_1783,varejo,outbound,117,30331.68,0.936,185,0.7903
1696,Empresa_1696,servicos,inbound,117,40684.64,0.189,263,0.2549
212,Empresa_0212,industria,inbound,118,50612.63,0.794,248,0.99
1745,Empresa_1745,tecnologia,outbound,118,34506.96,0.222,335,0.4578
515,Empresa_0515,tecnologia,inbound,118,56892.9,0.618,498,0.943
1942,Empresa_1942,saude,indicacao,119,25441.69,0.467,429,0.2129
1098,Empresa_1098,saude,inbound,119,69473.27,0.064,204,0.4442
662,Empresa_0662,varejo,inbound,119,31951.54,0.23,215,0.6192
1018,Empresa_1018,varejo,inbound,119,43263.36,0.883,175,0.6374
1123,Empresa_1123,industria,inbound,120,45283.41,0.077,429,0.249
1604,Empresa_1604,saude,outbound,120,43752.89,0.859,63,0.3898
237,Empresa_0237,servicos,inbound,120,46746.68,0.339,201,0.4602
1371,Empresa_1371,varejo,inbound,120,66582.42,0.62,161,0.4785
276,Empresa_0276,varejo,inbound,120,34738.86,0.067,176,0.3692
1312,Empresa_1312,industria,inbound,120,36497.72,0.481,490,0.99
108,Empresa_0108,saude,inbound,121,66806.16,0.799,258,0.9219
218,Empresa_0218,industria,outbound,121,46909.89,0.093,360,0.4507
142,Empresa_0142,industria,inbound,121,7359.07,0.584,434,0.4676
838,Empresa_0838,varejo,outbound,121,86747.73,0.329,334,0.99
55,Empresa_0055,servicos,outbound,122,37222.44,0.747,212,0.4529
118,Empresa_0118,tecnologia,outbound,122,82035.58,0.425,160,0.6663
852,Empresa_0852,tecnologia,inbound,123,68172.03,0.204,461,0.167
1264,Empresa_1264,saude,inbound,123,49008.82,0.072,207,0.1878
1810,Empresa_1810,saude,outbound,124,10943.69,0.22,292,0.4929
750,Empresa_0750,saude,outbound,124,50229.03,0.58,147,0.4596
1481,Empresa_1481,tecnologia,outbound,124,61266.26,0.109,434,0.6878
981,Empresa_0981,tecnologia,outbound,124,19385.69,0.267,49,0.2772
371,Empresa_0371,saude,inbound,124,76579.21,0.237,488,0.4213
1308,Empresa_1308,servicos,outbound,124,5000.0,0.329,444,0.2577
944,Empresa_0944,servicos,inbound,124,55787.18,0.61,433,0.288
235,Empresa_0235,industria,outbound,125,36917.07,0.42,430,0.6279
33,Empresa_0033,industria,inbound,125,33724.55,0.301,353,0.2937
338,Empresa_0338,varejo,outbound,125,73106.24,0.009,282,0.3027
861,Empresa_0861,industria,outbound,125,21154.02,0.968,329,0.4834
765,Empresa_0765,saude,inbound,126,14327.78,0.045,73,0.0769
1492,Empresa_1492,industria,outbound,126,37549.2,0.592,408,0.4667
1729,Empresa_1729,industria,outbound,126,50750.46,0.792,112,0.0805
4,Empresa_0004,saude,inbound,126,10979.3,0.336,174,0.3199
88,Empresa_0088,saude,inbound,126,59614.93,0.929,337,0.7504
254,Empresa_0254,tecnologia,indicacao,126,45094.44,0.729,153,0.1951
1170,Empresa_1170,varejo,inbound,127,27015.92,0.748,186,0.4463
1482,Empresa_1482,saude,outbound,127,52291.69,0.154,85,0.2821
1084,Empresa_1084,industria,inbound,127,52207.91,0.944,215,0.9415
1469,Empresa_1469,industria,outbound,128,14647.56,0.919,329,0.4567
1421,Empresa_1421,tecnologia,inbound,128,45811.82,0.62,274,0.4737
146,Empresa_0146,saude,inbound,128,37758.06,0.564,481,0.5939
339,Empresa_0339,servicos,inbound,128,62175.23,0.047,285,0.7933
1703,Empresa_1703,industria,inbound,129,5000.0,0.31,114,0.091
264,Empresa_0264,tecnologia,outbound,129,59430.77,0.898,280,0.6455
1721,Empresa_1721,saude,outbound,129,22046.28,0.513,288,0.5508
925,Empresa_0925,servicos,outbound,129,87643.5,0.469,97,0.701
65,Empresa_0065,industria,inbound,130,65866.94,0.519,289,0.9295
227,Empresa_0227,servicos,outbound,130,87536.89,0.755,228,0.7582
1248,Empresa_1248,tecnologia,inbound,131,46568.71,0.492,348,0.5224
1033,Empresa_1033,varejo,inbound,131,59703.22,0.609,125,0.5493
952,Empresa_0952,varejo,inbound,131,59550.59,0.21,273,0.4456
1831,Empresa_1831,industria,outbound,131,51148.2,0.002,83,0.068
1913,Empresa_1913,industria,inbound,132,5000.0,0.106,333,0.01
1697,Empresa_1697,saude,outbound,132,97492.13,0.856,138,0.99
926,Empresa_0926,saude,inbound,132,46605.6,0.651,195,0.01
1279,Empresa_1279,servicos,outbound,132,45639.42,0.604,498,0.4541
1205,Empresa_1205,industria,inbound,133,36515.75,0.971,111,0.7352
1037,Empresa_1037,industria,outbound,133,38844.57,0.659,407,0.6812
964,Empresa_0964,industria,inbound,133,49287.79,0.751,483,0.4436
489,Empresa_0489,tecnologia,inbound,134,63311.7,0.958,304,0.99
984,Empresa_0984,varejo,indicacao,134,57487.73,0.378,212,0.2373
425,Empresa_0425,servicos,inbound,134,42839.67,0.446,235,0.5151
1130,Empresa_1130,tecnologia,inbound,135,32115.85,0.04,80,0.1086
1762,Empresa_1762,servicos,inbound,135,37398.35,0.63,425,0.5247
222,Empresa_0222,servicos,outbound,135,53531.47,0.508,208,0.3268
1477,Empresa_1477,saude,inbound,136,20857.24,0.11,294,0.1963
1627,Empresa_1627,servicos,indicacao,136,81809.05,0.296,16,0.5795
1014,Empresa_1014,varejo,inbound,137,29099.13,0.27,121,0.2389
658,Empresa_0658,industria,inbound,137,74250.38,0.812,470,0.7945
271,Empresa_0271,tecnologia,inbound,137,56329.89,0.175,364,0.5246
1614,Empresa_1614,industria,outbound,137,36438.57,0.057,41,0.3262
1166,Empresa_1166,industria,outbound,137,99148.48,0.701,241,0.8736
989,Empresa_0989,industria,inbound,138,40344.2,0.985,186,0.5455
1285,Empresa_1285,industria,inbound,138,55008.93,0.944,229,0.4462
203,Empresa_0203,saude,outbound,138,62878.78,0.388,20,0.1782
179,Empresa_0179,saude,inbound,139,55716.52,0.898,257,0.8956
315,Empresa_0315,industria,inbound,139,44068.58,0.831,57,0.4782
123,Empresa_0123,industria,inbound,140,77183.75,0.328,357,0.5264
193,Empresa_0193,servicos,outbound,140,79228.89,0.368,266,0.6056
1183,Empresa_1183,varejo,inbound,140,62657.16,0.648,173,0.3144
1127,Empresa_1127,servicos,outbound,140,48031.08,0.711,57,0.5513
133,Empresa_0133,tecnologia,inbound,140,45555.55,0.257,414,0.511
1065,Empresa_1065,tecnologia,indicacao,140,48794.96,0.302,44,0.0483
1526,Empresa_1526,varejo,indicacao,141,73970.4,0.14,231,0.2734
228,Empresa_0228,industria,inbound,141,32935.13,0.842,119,0.6446
48,Empresa_0048,varejo,outbound,141,63578.27,0.214,441,0.7945
1952,Empresa_1952,servicos,inbound,141,14472.03,0.453,189,0.6179
969,Empresa_0969,saude,inbound,142,50692.24,0.279,277,0.4662
1741,Empresa_1741,servicos,outbound,142,79547.87,0.96,408,0.99
1796,Empresa_1796,varejo,inbound,142,43453.89,0.643,316,0.2616
95,Empresa_0095,varejo,inbound,142,21057.75,0.896,418,0.7416
1684,Empresa_1684,servicos,inbound,143,37209.93,0.757,58,0.5987
674,Empresa_0674,saude,inbound,144,66716.16,0.556,153,0.6962
359,Empresa_0359,servicos,inbound,144,47049.43,0.806,113,0.1562
816,Empresa_0816,saude,indicacao,144,41960.15,0.525,450,0.8367
459,Empresa_0459,varejo,outbound,144,49482.74,0.277,109,0.1119
1734,Empresa_1734,servicos,outbound,144,39669.79,0.962,24,0.5948
1732,Empresa_1732,servicos,indicacao,144,45712.5,0.078,113,0.5457
1423,Empresa_1423,industria,outbound,145,78023.73,0.31,210,0.6258
1435,Empresa_1435,tecnologia,inbound,145,48331.02,0.442,461,0.4555
1452,Empresa_1452,industria,inbound,145,47895.52,0.758,133,0.5772
1834,Empresa_1834,saude,indicacao,146,61573.23,0.419,36,0.5693
1610,Empresa_1610,tecnologia,outbound,147,55764.38,0.083,22,0.3625
1381,Empresa_1381,saude,indicacao,147,5000.0,0.086,374,0.2206
1231,Empresa_1231,servicos,inbound,147,27544.63,0.483,344,0.2877
654,Empresa_0654,saude,outbound,147,61745.18,0.871,206,0.4052
505,Empresa_0505,varejo,indicacao,149,39130.09,0.543,296,0.262
1754,Empresa_1754,industria,inbound,149,71983.83,0.273,365,0.5356
1311,Empresa_1311,saude,outbound,149,66091.41,0.561,488,0.6303
1672,Empresa_1672,varejo,outbound,149,52702.47,0.802,463,0.8848
921,Empresa_0921,varejo,inbound,150,32659.89,0.32,201,0.1687
1233,Empresa_1233,industria,outbound,150,51730.11,0.324,458,0.5423
1773,Empresa_1773,varejo,indicacao,151,84121.84,0.686,316,0.7655
867,Empresa_0867,servicos,outbound,151,41861.13,0.533,415,0.6367
751,Empresa_0751,varejo,outbound,151,44014.71,0.627,155,0.6319
1584,Empresa_1584,saude,outbound,151,47612.68,0.19,204,0.6472
782,Empresa_0782,servicos,indicacao,151,85951.22,0.22,403,0.6178
1513,Empresa_1513,tecnologia,indicacao,151,10050.67,0.623,108,0.6074
1883,Empresa_1883,industria,inbound,151,52028.95,0.139,318,0.2132
1066,Empresa_1066,varejo,outbound,151,28560.75,0.255,417,0.4297
859,Empresa_0859,tecnologia,inbound,152,63331.45,0.379,250,0.3657
191,Empresa_0191,tecnologia,inbound,152,46409.62,0.136,198,0.3925
932,Empresa_0932,tecnologia,inbound,152,73306.15,0.71,390,0.2384
268,Empresa_0268,saude,inbound,152,51063.11,0.181,341,0.4316
1191,Empresa_1191,varejo,inbound,153,70150.22,0.954,104,0.5715
1654,Empresa_1654,servicos,outbound,153,45271.07,0.43,262,0.355
195,Empresa_0195,varejo,outbound,153,32105.46,0.297,21,0.2208
580,Empresa_0580,varejo,indicacao,153,5000.0,0.422,341,0.1376
396,Empresa_0396,saude,indicacao,154,65202.66,0.16,233,0.415
328,Empresa_0328,tecnologia,outbound,155,26559.86,0.251,373,0.3007
1981,Empresa_1981,saude,inbound,155,38791.01,0.652,103,0.2377
931,Empresa_0931,industria,outbound,155,58966.48,0.654,296,0.5221
994,Empresa_0994,industria,indicacao,155,47805.32,0.636,209,0.4136
922,Empresa_0922,industria,inbound,155,52384.52,0.283,398,0.7854
1352,Empresa_1352,varejo,inbound,157,24162.35,0.11,97,0.01
1868,Empresa_1868,industria,indicacao,157,42584.44,0.386,154,0.5281
1690,Empresa_1690,industria,inbound,158,39303.77,0.975,164,0.6687
1904,Empresa_1904,saude,indicacao,158,62382.1,0.295,479,0.3391
1356,Empresa_1356,tecnologia,inbound,158,42475.76,0.834,483,0.99
740,Empresa_0740,varejo,inbound,158,70034.91,0.692,471,0.8387
886,Empresa_0886,tecnologia,outbound,158,74898.95,0.208,383,0.3736
1246,Empresa_1246,varejo,inbound,158,41757.01,0.72,198,0.4458
737,Empresa_0737,industria,outbound,158,66140.17,0.638,79,0.4423
131,Empresa_0131,industria,outbound,159,22466.28,0.413,164,0.2291
806,Empresa_0806,tecnologia,inbound,159,47355.43,0.431,145,0.313
1988,Empresa_1988,saude,inbound,159,33874.36,0.546,476,0.663
936,Empresa_0936,tecnologia,indicacao,159,26982.71,0.278,487,0.6352
1811,Empresa_1811,varejo,inbound,159,10523.32,0.804,117,0.4159
1859,Empresa_1859,saude,indicacao,160,22060.76,0.374,293,0.3347
6,Empresa_0006,saude,inbound,160,52556.81,0.016,170,0.0779
1470,Empresa_1470,varejo,inbound,160,52189.71,0.755,277,0.7189
1622,Empresa_1622,saude,inbound,160,65237.1,0.129,262,0.442
722,Empresa_0722,servicos,inbound,160,5000.0,0.675,277,0.3486
724,Empresa_0724,industria,inbound,161,31542.27,0.991,240,0.0917
192,Empresa_0192,industria,outbound,161,42336.25,0.32,5,0.1195
738,Empresa_0738,tecnologia,inbound,161,17602.56,0.351,315,0.2407
824,Empresa_0824,industria,outbound,161,12763.1,0.036,337,0.4325
570,Empresa_0570,servicos,inbound,161,21037.45,0.494,471,0.1427
1027,Empresa_1027,tecnologia,inbound,161,50721.2,0.816,17,0.4746
1937,Empresa_1937,tecnologia,indicacao,161,26761.31,0.581,364,0.7345
1115,Empresa_1115,saude,outbound,161,51579.77,0.982,493,0.7326
532,Empresa_0532,saude,outbound,161,41028.72,0.859,440,0.8941
1508,Empresa_1508,servicos,inbound,161,89950.28,0.519,281,0.3818
582,Empresa_0582,varejo,outbound,161,44124.42,0.343,133,0.2912
1076,Empresa_1076,saude,inbound,162,76380.26,0.332,373,0.4399
1788,Empresa_1788,saude,outbound,162,56031.05,0.47,266,0.6528
1220,Empresa_1220,saude,inbound,162,49111.28,0.228,396,0.4438
1210,Empresa_1210,saude,inbound,162,67735.18,0.804,104,0.2688
319,Empresa_0319,industria,indicacao,162,26433.93,0.665,374,0.5833
1705,Empresa_1705,saude,indicacao,163,88058.15,0.085,255,0.5062
182,Empresa_0182,servicos,inbound,163,41781.46,0.067,66,0.2028
1466,Empresa_1466,varejo,inbound,163,24272.13,0.707,377,0.7334
1163,Empresa_1163,tecnologia,inbound,163,19853.49,0.109,425,0.508
1951,Empresa_1951,saude,inbound,163,54907.42,0.095,460,0.3754
25,Empresa_0025,servicos,indicacao,164,42957.33,0.86,476,0.9541
1794,Empresa_1794,tecnologia,inbound,164,12956.76,0.283,126,0.3793
1661,Empresa_1661,servicos,inbound,164,27997.29,0.331,279,0.2809
1031,Empresa_1031,saude,inbound,164,54055.5,0.337,495,0.1909
376,Empresa_0376,varejo,inbound,164,45896.77,0.198,201,0.2002
602,Empresa_0602,tecnologia,inbound,164,75488.94,0.799,496,0.717
236,Empresa_0236,saude,inbound,165,7054.22,0.188,161,0.01
644,Empresa_0644,varejo,inbound,165,43253.5,0.511,391,0.6552
547,Empresa_0547,servicos,inbound,165,29829.28,0.653,427,0.5826
850,Empresa_0850,varejo,inbound,165,42763.35,0.088,51,0.01
1999,Empresa_1999,servicos,indicacao,166,94283.05,0.481,126,0.1207
760,Empresa_0760,industria,outbound,166,74993.31,0.245,130,0.3919
1074,Empresa_1074,servicos,outbound,166,31742.44,0.273,473,0.3868
537,Empresa_0537,tecnologia,outbound,166,72956.25,0.077,410,0.4353
793,Empresa_0793,saude,indicacao,166,57825.29,0.372,160,0.6196
1276,Empresa_1276,tecnologia,inbound,166,38005.01,0.434,173,0.1645
351,Empresa_0351,industria,outbound,167,66931.68,0.258,94,0.4655
74,Empresa_0074,servicos,inbound,167,52848.51,0.24,150,0.01
677,Empresa_0677,industria,inbound,168,58403.77,0.355,238,0.7311
684,Empresa_0684,industria,outbound,168,41291.85,0.893,259,0.5023
648,Empresa_0648,industria,outbound,168,53287.81,0.987,359,0.7259
1541,Empresa_1541,tecnologia,inbound,169,66798.45,0.39,12,0.4173
1978,Empresa_1978,saude,inbound,169,81501.66,0.902,157,0.99
995,Empresa_0995,servicos,outbound,169,57054.4,0.38,494,0.5097
220,Empresa_0220,varejo,outbound,170,45522.82,0.127,31,0.1234
533,Empresa_0533,varejo,indicacao,170,59046.68,0.122,400,0.3191
188,Empresa_0188,varejo,inbound,170,22636.82,0.95,90,0.5194
822,Empresa_0822,industria,inbound,170,26758.41,0.557,341,0.5979
1100,Empresa_1100,varejo,outbound,171,72601.99,0.639,70,0.5383
1707,Empresa_1707,servicos,indicacao,172,55196.16,0.451,444,0.5449
1845,Empresa_1845,varejo,inbound,172,9245.43,0.142,162,0.0779
1197,Empresa_1197,varejo,outbound,172,31469.34,0.919,24,0.528
1230,Empresa_1230,tecnologia,outbound,172,39008.95,0.82,148,0.6086
454,Empresa_0454,servicos,outbound,173,51387.62,0.499,68,0.3768
384,Empresa_0384,varejo,inbound,173,17974.44,0.757,404,0.4241
469,Empresa_0469,tecnologia,inbound,173,30758.18,0.233,351,0.2382
1628,Empresa_1628,saude,inbound,173,57501.24,0.346,278,0.5364
795,Empresa_0795,saude,outbound,173,47546.31,0.787,439,0.7836
1199,Empresa_1199,tecnologia,inbound,173,28834.38,0.115,140,0.0617
534,Empresa_0534,saude,indicacao,174,18684.82,0.926,120,0.663
189,Empresa_0189,saude,inbound,174,83018.56,0.749,398,0.9555
1211,Empresa_1211,saude,inbound,174,40218.45,0.101,422,0.5659
1874,Empresa_1874,varejo,inbound,175,28710.55,0.431,326,0.3885
310,Empresa_0310,saude,inbound,176,73548.24,0.796,342,0.8088
1293,Empresa_1293,industria,inbound,176,7416.04,0.292,126,0.3944
1418,Empresa_1418,industria,indicacao,176,69422.78,0.288,408,0.7239
1487,Empresa_1487,saude,inbound,177,22539.94,0.473,72,0.4139
1598,Empresa_1598,industria,outbound,177,81555.36,0.176,139,0.2908
1984,Empresa_1984,industria,outbound,177,34280.47,0.905,384,0.5448
808,Empresa_0808,tecnologia,inbound,177,43617.87,0.321,368,0.5292
355,Empresa_0355,industria,inbound,177,54657.56,0.596,170,0.3773
1506,Empresa_1506,servicos,outbound,178,7856.15,0.553,341,0.2877
930,Empresa_0930,servicos,inbound,178,50120.33,0.82,377,0.4218
1815,Empresa_1815,servicos,outbound,178,40757.46,0.47,122,0.01
1495,Empresa_1495,industria,indicacao,178,27920.23,0.889,140,0.6134
1172,Empresa_1172,tecnologia,outbound,179,47662.4,0.013,80,0.01
650,Empresa_0650,servicos,inbound,179,86956.5,0.166,22,0.464
1385,Empresa_1385,tecnologia,outbound,180,51883.66,0.563,29,0.737
325,Empresa_0325,saude,indicacao,180,64615.49,0.462,35,0.2645
594,Empresa_0594,tecnologia,inbound,180,24378.62,0.198,342,0.0777
647,Empresa_0647,saude,indicacao,180,15386.57,0.876,77,0.3735
747,Empresa_0747,industria,outbound,180,60325.95,0.74,6,0.5988
145,Empresa_0145,tecnologia,outbound,180,41692.85,0.115,433,0.4751
1010,Empresa_1010,saude,inbound,181,25303.74,0.496,113,0.4374
148,Empresa_0148,servicos,inbound,181,71319.6,0.059,263,0.4328
1971,Empresa_1971,varejo,outbound,181,43866.05,0.251,8,0.1858
1718,Empresa_1718,saude,inbound,181,62125.82,0.249,75,0.4751
197,Empresa_0197,saude,inbound,182,42107.9,0.369,194,0.6185
354,Empresa_0354,saude,outbound,182,71369.43,0.555,374,0.7833
91,Empresa_0091,servicos,indicacao,183,48030.29,0.315,54,0.2932
680,Empresa_0680,industria,inbound,183,66335.52,0.741,258,0.104
890,Empresa_0890,servicos,outbound,183,33339.27,0.472,498,0.2025
1318,Empresa_1318,tecnologia,outbound,184,20298.89,0.596,132,0.4675
920,Empresa_0920,servicos,outbound,184,43641.87,0.543,232,0.7532
999,Empresa_0999,servicos,indicacao,184,66475.06,0.75,180,0.4999
194,Empresa_0194,servicos,outbound,185,27859.09,0.537,398,0.595
1668,Empresa_1668,saude,inbound,185,55639.12,0.754,444,0.6227
1317,Empresa_1317,tecnologia,indicacao,185,57520.89,0.585,189,0.6283
759,Empresa_0759,saude,indicacao,185,58850.91,0.119,298,0.315
1236,Empresa_1236,industria,inbound,185,50531.71,0.034,85,0.2445
1219,Empresa_1219,varejo,outbound,185,76499.11,0.339,211,0.6669
1159,Empresa_1159,industria,outbound,185,21646.32,0.928,59,0.3007
1717,Empresa_1717,tecnologia,inbound,186,39431.48,0.088,439,0.427
229,Empresa_0229,varejo,inbound,186,44252.33,0.869,107,0.3807
509,Empresa_0509,industria,inbound,186,59301.6,0.285,345,0.3872
1757,Empresa_1757,varejo,inbound,186,95352.88,0.312,440,0.8941
1534,Empresa_1534,tecnologia,inbound,186,90175.11,0.074,433,0.5533
1580,Empresa_1580,varejo,inbound,187,73792.44,0.561,339,0.3221
449,Empresa_0449,servicos,outbound,188,57667.54,0.884,379,0.9468
106,Empresa_0106,tecnologia,outbound,188,30999.56,0.034,170,0.1782
1253,Empresa_1253,saude,indicacao,188,56039.41,0.479,156,0.116
487,Empresa_0487,varejo,outbound,188,58606.03,0.69,497,0.4334
1769,Empresa_1769,industria,outbound,189,106191.38,0.431,146,0.5772
1050,Empresa_1050,industria,inbound,189,25164.89,0.047,253,0.01
1329,Empresa_1329,tecnologia,inbound,189,64840.58,0.507,176,0.6335
1022,Empresa_1022,saude,indicacao,189,58196.57,0.182,431,0.5574
1540,Empresa_1540,tecnologia,inbound,190,44782.0,0.801,19,0.5478
836,Empresa_0836,tecnologia,outbound,191,43474.76,0.094,109,0.01
1594,Empresa_1594,tecnologia,inbound,191,57559.42,0.534,325,0.7573
597,Empresa_0597,servicos,inbound,191,66252.03,0.575,120,0.4105
1096,Empresa_1096,servicos,outbound,192,81583.71,0.173,22,0.4674
1012,Empresa_1012,saude,inbound,192,39985.11,0.152,240,0.2671
161,Empresa_0161,industria,inbound,192,35495.48,0.718,80,0.1061
734,Empresa_0734,tecnologia,outbound,193,55562.87,0.135,358,0.3677
1305,Empresa_1305,saude,inbound,193,5000.0,0.033,241,0.2997
1365,Empresa_1365,varejo,outbound,193,57538.96,0.659,133,0.2829
1987,Empresa_1987,varejo,outbound,194,34655.66,0.64,442,0.5527
849,Empresa_0849,industria,inbound,194,69379.96,0.987,121,0.5053
400,Empresa_0400,saude,inbound,194,46407.77,0.572,213,0.459
1970,Empresa_1970,servicos,inbound,194,45283.32,0.548,59,0.14
542,Empresa_0542,servicos,indicacao,194,54953.32,0.166,224,0.3216
1116,Empresa_1116,servicos,inbound,194,72673.61,0.964,186,0.8662
958,Empresa_0958,industria,inbound,195,49961.6,0.746,208,0.2077
908,Empresa_0908,servicos,outbound,195,51398.39,0.913,49,0.5514
1081,Empresa_1081,saude,inbound,195,46975.05,0.542,385,0.2403
1073,Empresa_1073,varejo,inbound,195,18144.11,0.271,396,0.1189
128,Empresa_0128,tecnologia,inbound,195,37204.97,0.152,247,0.0149
397,Empresa_0397,varejo,outbound,196,54584.23,0.202,256,0.7359
694,Empresa_0694,saude,inbound,196,33465.9,0.575,135,0.1273
1369,Empresa_1369,varejo,outbound,196,69191.81,0.3,207,0.7613
1995,Empresa_1995,tecnologia,inbound,197,57840.22,0.442,161,0.3424
1897,Empresa_1897,saude,outbound,197,59060.38,0.191,180,0.3308
953,Empresa_0953,varejo,indicacao,197,26751.42,0.979,209,0.7066
1258,Empresa_1258,varejo,inbound,198,84792.96,0.999,22,0.5618
1041,Empresa_1041,varejo,outbound,198,69477.88,0.205,331,0.2867
431,Empresa_0431,tecnologia,outbound,198,59493.94,0.143,479,0.1254
1342,Empresa_1342,servicos,inbound,199,58779.82,0.945,425,0.6569
1731,Empresa_1731,saude,inbound,199,49383.35,0.704,64,0.4091
56,Empresa_0056,saude,inbound,199,44497.15,0.131,499,0.5709
1839,Empresa_1839,tecnologia,inbound,199,31986.16,0.974,121,0.4542
584,Empresa_0584,tecnologia,outbound,199,64287.93,0.241,477,0.625
1821,Empresa_1821,tecnologia,inbound,200,65384.72,0.564,122,0.5752
150,Empresa_0150,tecnologia,inbound,200,46827.3,0.816,352,0.8463
461,Empresa_0461,tecnologia,indicacao,200,33332.62,0.94,25,0.443
527,Empresa_0527,industria,outbound,200,52629.72,0.751,470,0.99
321,Empresa_0321,industria,inbound,200,46186.98,0.263,376,0.4516
637,Empresa_0637,saude,outbound,201,27732.24,0.153,489,0.4128
389,Empresa_0389,servicos,outbound,201,21744.68,0.697,329,0.4276
40,Empresa_0040,varejo,outbound,201,64865.08,0.263,72,0.1607
283,Empresa_0283,industria,inbound,201,59088.41,0.574,56,0.4132
1833,Empresa_1833,industria,indicacao,202,58292.33,0.02,83,0.5739
878,Empresa_0878,industria,inbound,203,47931.6,0.674,202,0.4546
151,Empresa_0151,tecnologia,outbound,203,29286.92,0.068,475,0.233
1500,Empresa_1500,industria,inbound,203,38674.1,0.471,120,0.244
1174,Empresa_1174,saude,inbound,204,48302.99,0.331,313,0.5697
1375,Empresa_1375,tecnologia,inbound,204,57290.69,0.861,174,0.3584
1232,Empresa_1232,servicos,outbound,204,26317.43,0.533,411,0.2929
1201,Empresa_1201,varejo,indicacao,204,40276.12,0.346,497,0.3108
1767,Empresa_1767,saude,outbound,205,66842.54,0.564,359,0.6443
638,Empresa_0638,servicos,outbound,205,61591.22,0.583,497,0.8656
1272,Empresa_1272,servicos,indicacao,205,42501.11,0.102,469,0.1654
239,Empresa_0239,tecnologia,outbound,205,39411.21,0.204,321,0.2545
1144,Empresa_1144,industria,outbound,207,50290.56,0.288,240,0.1996
12,Empresa_0012,saude,outbound,207,51320.61,0.475,94,0.01
1532,Empresa_1532,tecnologia,inbound,207,69629.59,0.257,106,0.3569
1551,Empresa_1551,tecnologia,inbound,207,35513.15,0.869,358,0.3001
1094,Empresa_1094,varejo,inbound,207,36878.9,0.377,485,0.5152
681,Empresa_0681,tecnologia,inbound,208,62501.7,0.785,458,0.8299
1806,Empresa_1806,servicos,outbound,208,59540.7,0.278,401,0.7243
1338,Empresa_1338,tecnologia,inbound,208,104214.91,0.557,222,0.531
1658,Empresa_1658,industria,outbound,208,65035.93,0.684,355,0.6044
1889,Empresa_1889,servicos,outbound,208,60857.16,0.497,56,0.2595
452,Empresa_0452,tecnologia,inbound,208,89020.25,0.212,238,0.3153
1633,Empresa_1633,industria,indicacao,209,49659.24,0.278,443,0.4657
668,Empresa_0668,servicos,outbound,209,39545.63,0.139,117,0.5614
1334,Empresa_1334,varejo,inbound,209,58239.43,0.954,134,0.5336
860,Empresa_0860,industria,outbound,209,30359.61,0.649,60,0.42
484,Empresa_0484,tecnologia,inbound,210,48864.34,0.631,498,0.2006
1853,Empresa_1853,industria,indicacao,210,63442.29,0.133,40,0.0622
1618,Empresa_1618,servicos,indicacao,210,56480.25,0.679,432,0.6016
843,Empresa_0843,tecnologia,outbound,210,48134.03,0.108,86,0.01
1579,Empresa_1579,servicos,inbound,210,56914.53,0.668,169,0.4844
1185,Empresa_1185,tecnologia,inbound,211,22472.25,0.439,346,0.3467
1427,Empresa_1427,varejo,inbound,211,68423.01,0.552,37,0.4331
1945,Empresa_1945,saude,outbound,211,13942.88,0.98,245,0.2799
231,Empresa_0231,saude,inbound,211,38185.86,0.556,264,0.6108
1611,Empresa_1611,saude,outbound,211,44952.52,0.159,104,0.2159
407,Empresa_0407,industria,inbound,211,66590.38,0.642,101,0.1618
269,Empresa_0269,servicos,outbound,211,50001.69,0.352,449,0.3648
11,Empresa_0011,varejo,inbound,212,65555.84,0.978,475,0.7757
1699,Empresa_1699,industria,outbound,212,54072.66,0.09,347,0.4097
249,Empresa_0249,varejo,inbound,212,26568.67,0.299,232,0.2281
1518,Empresa_1518,tecnologia,inbound,212,43696.51,0.184,238,0.2285
939,Empresa_0939,industria,inbound,212,67319.37,0.066,61,0.2421
475,Empresa_0475,saude,indicacao,212,43214.83,0.163,309,0.3652
513,Empresa_0513,tecnologia,indicacao,212,48277.99,0.464,358,0.4503
411,Empresa_0411,servicos,inbound,213,5000.0,0.606,173,0.2553
24,Empresa_0024,tecnologia,inbound,213,41433.44,0.505,158,0.1755
1592,Empresa_1592,saude,indicacao,213,46523.25,0.217,222,0.3592
147,Empresa_0147,industria,inbound,214,47184.18,0.721,162,0.0995
323,Empresa_0323,industria,outbound,214,65017.38,0.367,99,0.2846
1642,Empresa_1642,varejo,outbound,215,5000.0,0.952,301,0.7821
279,Empresa_0279,industria,outbound,215,55254.98,0.263,459,0.6749
784,Empresa_0784,servicos,outbound,215,50228.91,0.736,195,0.576
1975,Empresa_1975,industria,inbound,215,65397.14,0.222,27,0.3544
1439,Empresa_1439,servicos,inbound,215,72416.81,0.7,222,0.5527
1472,Empresa_1472,saude,outbound,216,49731.68,0.172,327,0.3107
483,Empresa_0483,tecnologia,inbound,216,61615.54,0.829,455,0.8409
1553,Empresa_1553,saude,inbound,216,42690.61,0.951,140,0.5693
1057,Empresa_1057,saude,outbound,216,58223.44,0.959,185,0.5105
1401,Empresa_1401,industria,outbound,216,43520.3,0.679,23,0.4239
1636,Empresa_1636,tecnologia,outbound,216,14695.59,0.171,468,0.4237
587,Empresa_0587,saude,indicacao,216,33250.73,0.888,258,0.502
1647,Empresa_1647,industria,inbound,217,73390.76,0.092,224,0.3739
918,Empresa_0918,varejo,inbound,217,77268.57,0.592,8,0.5911
895,Empresa_0895,varejo,outbound,218,70986.79,0.987,498,0.6871
1282,Empresa_1282,tecnologia,inbound,218,9717.95,0.849,17,0.2327
1390,Empresa_1390,varejo,inbound,218,36561.76,0.562,296,0.5385
240,Empresa_0240,varejo,outbound,218,32462.78,0.094,21,0.0646
657,Empresa_0657,servicos,indicacao,218,53547.92,0.388,86,0.0266
1645,Empresa_1645,tecnologia,inbound,219,51069.16,0.039,122,0.2923
1723,Empresa_1723,tecnologia,indicacao,219,88458.92,0.662,440,0.7929
1737,Empresa_1737,varejo,inbound,219,46208.89,0.933,470,0.6464
786,Empresa_0786,industria,outbound,220,50884.25,0.451,158,0.4425
667,Empresa_0667,varejo,inbound,220,59641.34,0.25,448,0.293
588,Empresa_0588,varejo,outbound,220,54708.97,0.63,293,0.6842
1509,Empresa_1509,varejo,outbound,220,52646.93,0.292,380,0.4351
612,Empresa_0612,servicos,indicacao,221,21525.31,0.565,499,0.4072
1751,Empresa_1751,servicos,inbound,221,37621.07,0.649,197,0.2927
1109,Empresa_1109,servicos,outbound,221,66804.4,0.186,201,0.443
797,Empresa_0797,tecnologia,outbound,222,71184.47,0.438,456,0.6559
360,Empresa_0360,tecnologia,outbound,222,46949.55,0.247,285,0.3293
45,Empresa_0045,varejo,inbound,222,54373.77,0.361,349,0.3925
1830,Empresa_1830,saude,inbound,222,64945.44,0.412,115,0.4249
1167,Empresa_1167,industria,outbound,222,86034.84,0.791,101,0.3588
1413,Empresa_1413,varejo,inbound,223,75218.75,0.02,267,0.1516
285,Empresa_0285,servicos,inbound,223,40569.5,0.58,71,0.4392
162,Empresa_0162,tecnologia,inbound,223,92569.39,0.443,25,0.1993
1216,Empresa_1216,industria,outbound,223,13787.63,0.696,342,0.4122
347,Empresa_0347,varejo,inbound,223,61818.13,0.359,488,0.7683
855,Empresa_0855,saude,inbound,224,50279.7,0.384,325,0.5674
288,Empresa_0288,varejo,inbound,224,44156.58,0.139,474,0.5148
957,Empresa_0957,tecnologia,outbound,224,94858.41,0.245,426,0.3014
501,Empresa_0501,servicos,inbound,224,67903.7,0.97,204,0.6854
626,Empresa_0626,tecnologia,inbound,224,41767.23,0.447,351,0.5143
1206,Empresa_1206,saude,inbound,224,35753.26,0.553,376,0.7717
652,Empresa_0652,servicos,inbound,224,83357.75,0.032,440,0.3476
1039,Empresa_1039,saude,outbound,224,63548.03,0.761,84,0.6706
1844,Empresa_1844,industria,outbound,225,23794.07,0.255,14,0.1498
163,Empresa_0163,servicos,inbound,226,33572.27,0.156,261,0.5482
181,Empresa_0181,servicos,inbound,226,54387.65,0.705,15,0.361
698,Empresa_0698,industria,inbound,226,31696.88,0.765,29,0.0148
524,Empresa_0524,servicos,indicacao,226,78076.43,0.996,93,0.5712
1321,Empresa_1321,servicos,inbound,226,38784.92,0.694,151,0.6702
436,Empresa_0436,saude,inbound,226,39322.0,0.235,257,0.3009
1712,Empresa_1712,servicos,inbound,226,62819.81,0.278,318,0.6002
1121,Empresa_1121,servicos,outbound,226,50062.17,0.096,164,0.3947
1441,Empresa_1441,servicos,inbound,227,57211.83,0.676,139,0.8179
783,Empresa_0783,saude,outbound,227,67884.27,0.813,415,0.4742
1242,Empresa_1242,saude,inbound,227,83671.72,0.421,322,0.8726
651,Empresa_0651,industria,inbound,227,46516.55,0.82,145,0.3391
669,Empresa_0669,saude,outbound,228,5000.0,0.861,17,0.3054
463,Empresa_0463,servicos,outbound,228,8540.33,0.532,205,0.135
666,Empresa_0666,industria,indicacao,228,17686.83,0.247,364,0.179
1229,Empresa_1229,tecnologia,outbound,229,61323.76,0.704,82,0.3313
972,Empresa_0972,servicos,inbound,229,54462.44,0.092,321,0.5353
51,Empresa_0051,varejo,inbound,229,62625.76,0.039,199,0.2953
1486,Empresa_1486,tecnologia,inbound,229,67561.17,0.016,178,0.2611
1310,Empresa_1310,varejo,inbound,229,26399.98,0.356,241,0.2157
1107,Empresa_1107,servicos,indicacao,230,34108.01,0.354,169,0.0757
331,Empresa_0331,servicos,inbound,231,62750.68,0.872,351,0.5352
549,Empresa_0549,varejo,indicacao,231,63253.32,0.295,201,0.5787
1899,Empresa_1899,servicos,outbound,231,28485.28,0.178,299,0.621
636,Empresa_0636,tecnologia,indicacao,231,46201.52,0.854,446,0.4869
687,Empresa_0687,servicos,indicacao,231,79967.49,0.555,361,0.734
1739,Empresa_1739,varejo,inbound,232,52227.01,0.525,165,0.172
710,Empresa_0710,servicos,inbound,232,49727.06,0.798,341,0.7913
803,Empresa_0803,saude,inbound,234,57585.6,0.768,193,0.3573
1956,Empresa_1956,tecnologia,indicacao,234,68161.26,0.357,236,0.1656
693,Empresa_0693,varejo,outbound,234,5000.0,0.707,381,0.4733
1032,Empresa_1032,varejo,indicacao,235,39992.78,0.611,498,0.8221
368,Empresa_0368,industria,indicacao,235,54046.12,0.537,207,0.7956
474,Empresa_0474,saude,inbound,236,62383.42,0.215,68,0.0837
186,Empresa_0186,saude,inbound,236,53664.69,0.655,380,0.6318
1808,Empresa_1808,tecnologia,inbound,236,50793.87,0.391,330,0.4993
1085,Empresa_1085,varejo,inbound,236,41833.34,0.427,456,0.8525
1787,Empresa_1787,tecnologia,inbound,236,18159.74,0.414,317,0.5467
98,Empresa_0098,industria,outbound,237,57995.48,0.806,79,0.4557
38,Empresa_0038,varejo,inbound,237,33510.38,0.181,108,0.3196
169,Empresa_0169,saude,inbound,237,49184.75,0.922,454,0.9265
1759,Empresa_1759,servicos,inbound,237,51408.38,0.02,239,0.1748
1058,Empresa_1058,saude,inbound,238,52366.96,0.761,221,0.564
1360,Empresa_1360,tecnologia,inbound,238,42443.87,0.813,384,0.7091
1727,Empresa_1727,varejo,inbound,239,39414.55,0.681,342,0.4066
44,Empresa_0044,industria,outbound,240,52333.72,0.467,369,0.3781
102,Empresa_0102,industria,inbound,240,42874.72,0.994,111,0.7844
776,Empresa_0776,varejo,indicacao,241,28130.57,0.679,54,0.4672
307,Empresa_0307,tecnologia,outbound,241,76000.89,0.235,91,0.0646
695,Empresa_0695,saude,outbound,241,34351.67,0.093,261,0.3122
851,Empresa_0851,tecnologia,indicacao,241,40205.0,0.975,453,0.7556
1463,Empresa_1463,tecnologia,outbound,242,59194.12,0.681,218,0.4008
1931,Empresa_1931,tecnologia,outbound,242,41928.16,0.055,121,0.2768
865,Empresa_0865,servicos,outbound,242,66620.64,0.704,122,0.4372
57,Empresa_0057,servicos,outbound,242,79898.83,0.807,91,0.3791
1278,Empresa_1278,saude,indicacao,242,57273.96,0.801,388,0.5366
1807,Empresa_1807,varejo,outbound,242,49988.74,0.367,329,0.3054
107,Empresa_0107,saude,inbound,244,43219.34,0.77,344,0.784
114,Empresa_0114,tecnologia,indicacao,244,51442.59,0.042,222,0.5032
774,Empresa_0774,saude,indicacao,244,50241.06,0.923,401,0.6597
498,Empresa_0498,saude,inbound,244,10183.76,0.25,261,0.1513
522,Empresa_0522,industria,inbound,245,76715.69,0.1,198,0.1724
1070,Empresa_1070,servicos,indicacao,245,46062.29,0.632,341,0.282
1412,Empresa_1412,tecnologia,outbound,245,18641.39,0.902,127,0.4135
1045,Empresa_1045,industria,inbound,245,32815.88,0.875,23,0.7882
1256,Empresa_1256,tecnologia,outbound,245,65489.89,0.319,429,0.5254
306,Empresa_0306,tecnologia,indicacao,246,43310.88,0.854,337,0.7815
1097,Empresa_1097,industria,outbound,246,59891.13,0.996,105,0.5546
864,Empresa_0864,industria,inbound,246,36129.88,0.568,449,0.8475
1243,Empresa_1243,varejo,outbound,246,39380.47,0.09,406,0.4319
495,Empresa_0495,saude,indicacao,247,68710.94,0.507,42,0.3321
1350,Empresa_1350,tecnologia,indicacao,248,44942.37,0.927,212,0.4886
1040,Empresa_1040,tecnologia,outbound,248,30904.16,0.316,283,0.0241
1207,Empresa_1207,servicos,indicacao,248,32409.81,0.271,158,0.364
1979,Empresa_1979,saude,inbound,249,59773.37,0.796,309,0.99
1118,Empresa_1118,servicos,outbound,249,57040.69,0.715,185,0.717
1974,Empresa_1974,varejo,outbound,249,23192.88,0.721,38,0.3641
1178,Empresa_1178,saude,inbound,249,57324.19,0.696,353,0.7465
87,Empresa_0087,saude,outbound,249,50249.88,0.991,41,0.6926
517,Empresa_0517,varejo,inbound,250,36232.55,0.747,178,0.3951
1905,Empresa_1905,saude,outbound,250,26781.76,0.425,238,0.3065
1304,Empresa_1304,servicos,inbound,251,44977.95,0.393,88,0.3714
796,Empresa_0796,industria,indicacao,251,69914.03,0.433,339,0.863
1646,Empresa_1646,industria,inbound,253,47616.62,0.6,106,0.4729
1332,Empresa_1332,saude,indicacao,253,67530.87,0.915,233,0.6277
1761,Empresa_1761,industria,outbound,253,34447.88,0.666,173,0.4806
1780,Empresa_1780,varejo,inbound,253,66183.89,0.545,324,0.6998
1260,Empresa_1260,tecnologia,inbound,254,69986.73,0.047,340,0.4397
1026,Empresa_1026,varejo,inbound,254,6395.8,0.964,201,0.1017
471,Empresa_0471,saude,outbound,255,41858.44,0.146,8,0.165
1641,Empresa_1641,varejo,inbound,255,60060.97,0.348,62,0.1154
832,Empresa_0832,tecnologia,inbound,256,27444.38,0.401,328,0.5582
1850,Empresa_1850,varejo,outbound,256,37169.15,0.62,288,0.6029
569,Empresa_0569,varejo,indicacao,256,53759.47,0.271,460,0.2655
1750,Empresa_1750,servicos,outbound,256,34509.8,0.653,495,0.7072
1819,Empresa_1819,servicos,outbound,256,44783.43,0.949,117,0.6851
1502,Empresa_1502,tecnologia,inbound,256,76502.93,0.998,499,0.9364
950,Empresa_0950,tecnologia,outbound,256,15530.73,0.473,368,0.4169
1503,Empresa_1503,servicos,inbound,257,56605.8,0.114,97,0.2619
1814,Empresa_1814,servicos,outbound,257,53403.54,0.081,311,0.0599
1181,Empresa_1181,tecnologia,inbound,258,67093.71,0.677,31,0.5131
1319,Empresa_1319,servicos,inbound,258,73808.27,0.315,71,0.4357
590,Empresa_0590,saude,inbound,258,25552.51,0.429,448,0.8132
1478,Empresa_1478,servicos,inbound,258,42186.45,0.381,201,0.5724
1377,Empresa_1377,saude,inbound,259,53545.23,0.659,122,0.4388
1836,Empresa_1836,industria,inbound,260,54391.7,0.915,287,0.5603
1082,Empresa_1082,varejo,inbound,260,58651.89,0.129,40,0.3077
402,Empresa_0402,industria,inbound,261,66410.57,0.404,231,0.6111
635,Empresa_0635,industria,outbound,261,44275.54,0.801,331,0.7075
1087,Empresa_1087,servicos,inbound,262,19127.5,0.098,323,0.0782
558,Empresa_0558,varejo,inbound,262,25110.56,0.753,409,0.7148
1957,Empresa_1957,saude,inbound,262,25946.07,0.852,316,0.5457
451,Empresa_0451,saude,inbound,263,56975.52,0.552,499,0.6269
61,Empresa_0061,varejo,indicacao,263,43302.3,0.714,206,0.6528
1915,Empresa_1915,servicos,inbound,264,5000.0,0.316,384,0.2414
1301,Empresa_1301,varejo,inbound,264,8311.96,0.796,335,0.2766
956,Empresa_0956,servicos,indicacao,265,40319.4,0.594,463,0.7023
1225,Empresa_1225,tecnologia,indicacao,265,60479.02,0.96,58,0.6289
1424,Empresa_1424,tecnologia,outbound,265,53626.28,0.967,318,0.541
1669,Empresa_1669,varejo,inbound,265,36026.39,0.852,184,0.6233
1240,Empresa_1240,saude,indicacao,265,75539.62,0.639,56,0.0573
1244,Empresa_1244,servicos,inbound,266,70897.46,0.433,469,0.6536
1916,Empresa_1916,servicos,inbound,266,37679.02,0.13,321,0.01
8,Empresa_0008,tecnologia,inbound,266,49663.98,0.843,46,0.6246
1353,Empresa_1353,industria,indicacao,266,57052.54,0.692,273,0.5554
1456,Empresa_1456,saude,outbound,266,95991.78,0.571,13,0.6866
1800,Empresa_1800,servicos,inbound,267,49205.87,0.508,279,0.3459
1648,Empresa_1648,varejo,inbound,268,46426.9,0.543,459,0.4305
286,Empresa_0286,servicos,indicacao,268,55274.34,0.377,87,0.01
671,Empresa_0671,varejo,outbound,268,55447.4,0.503,263,0.4412
1314,Empresa_1314,saude,outbound,268,61309.21,0.667,382,0.7127
1679,Empresa_1679,servicos,indicacao,269,44387.99,0.82,430,0.3646
634,Empresa_0634,saude,inbound,269,43790.32,0.341,465,0.198
406,Empresa_0406,servicos,inbound,269,47649.16,0.72,488,0.7641
120,Empresa_0120,varejo,outbound,269,29530.05,0.27,339,0.0532
1878,Empresa_1878,tecnologia,outbound,269,78506.58,0.923,126,0.7168
733,Empresa_0733,tecnologia,inbound,270,46246.58,0.26,30,0.3699
1813,Empresa_1813,servicos,outbound,270,49857.66,0.706,372,0.6097
1733,Empresa_1733,industria,inbound,270,21160.43,0.758,235,0.2308
935,Empresa_0935,servicos,indicacao,270,61790.94,0.614,439,0.8471
845,Empresa_0845,industria,outbound,271,57309.49,0.147,330,0.3783
841,Empresa_0841,saude,inbound,271,50711.53,0.024,79,0.2907
1882,Empresa_1882,servicos,inbound,271,40863.8,0.829,303,0.6555
820,Empresa_0820,tecnologia,inbound,271,40375.18,0.124,121,0.01
430,Empresa_0430,saude,inbound,272,29189.12,0.05,291,0.01
477,Empresa_0477,varejo,inbound,272,27161.24,0.368,69,0.0592
1001,Empresa_1001,varejo,inbound,272,35414.26,0.461,141,0.2248
818,Empresa_0818,saude,inbound,272,55464.08,0.104,168,0.4325
1843,Empresa_1843,tecnologia,outbound,272,20052.54,0.929,188,0.6466
711,Empresa_0711,tecnologia,outbound,272,64033.27,0.87,400,0.9065
1566,Empresa_1566,varejo,outbound,272,26730.52,0.328,421,0.2135
1291,Empresa_1291,servicos,outbound,273,41218.92,0.525,238,0.3285
1359,Empresa_1359,saude,inbound,273,44920.75,0.878,39,0.3336
1056,Empresa_1056,varejo,inbound,273,52996.85,0.195,353,0.4723
1640,Empresa_1640,servicos,outbound,273,20577.7,0.095,455,0.2594
1462,Empresa_1462,tecnologia,outbound,273,32924.82,0.81,247,0.3045
540,Empresa_0540,industria,inbound,274,16270.64,0.445,225,0.3802
1171,Empresa_1171,servicos,outbound,274,11837.39,0.355,140,0.4818
601,Empresa_0601,industria,inbound,275,38449.22,0.729,475,0.4555
275,Empresa_0275,industria,inbound,275,57716.93,0.033,351,0.4788
211,Empresa_0211,tecnologia,outbound,276,23472.15,0.91,128,0.6025
862,Empresa_0862,saude,outbound,276,48831.78,0.058,187,0.446
882,Empresa_0882,tecnologia,indicacao,277,27777.9,0.588,167,0.3552
928,Empresa_0928,industria,indicacao,278,45354.61,0.931,66,0.7036
1192,Empresa_1192,industria,outbound,278,44866.92,0.285,66,0.01
1173,Empresa_1173,industria,inbound,279,30042.96,0.281,226,0.01
66,Empresa_0066,industria,inbound,279,43025.5,0.533,33,0.0661
216,Empresa_0216,tecnologia,inbound,280,60762.31,0.987,238,0.6101
385,Empresa_0385,industria,inbound,280,34117.27,0.828,434,0.5406
1410,Empresa_1410,varejo,inbound,280,41623.03,0.782,460,0.2165
716,Empresa_0716,tecnologia,outbound,280,18730.44,0.919,300,0.7273
410,Empresa_0410,industria,outbound,280,20356.29,0.538,140,0.2253
1972,Empresa_1972,industria,outbound,280,52093.8,0.453,425,0.4799
1950,Empresa_1950,servicos,inbound,280,51128.23,0.014,299,0.01
301,Empresa_0301,saude,indicacao,280,19322.77,0.863,261,0.4148
470,Empresa_0470,tecnologia,inbound,281,56954.17,0.837,483,0.7337
213,Empresa_0213,industria,inbound,281,40316.61,0.059,271,0.3608
1564,Empresa_1564,tecnologia,indicacao,281,31195.58,0.226,486,0.562
1542,Empresa_1542,varejo,indicacao,282,54739.11,0.484,114,0.2321
1700,Empresa_1700,tecnologia,outbound,282,27440.94,0.717,104,0.641
847,Empresa_0847,servicos,inbound,282,67025.71,0.618,495,0.6969
618,Empresa_0618,tecnologia,outbound,282,37720.46,0.246,248,0.5547
1961,Empresa_1961,saude,inbound,282,37190.2,0.495,306,0.3756
1091,Empresa_1091,servicos,inbound,283,50170.11,0.843,121,0.4564
1061,Empresa_1061,industria,outbound,283,79081.0,0.331,99,0.4138
619,Empresa_0619,saude,inbound,283,79023.58,0.492,446,0.9037
1000,Empresa_1000,servicos,indicacao,284,48814.35,0.975,264,0.3817
901,Empresa_0901,varejo,outbound,284,52051.06,0.324,182,0.8851
762,Empresa_0762,saude,indicacao,284,64800.28,0.731,274,0.5326
754,Empresa_0754,tecnologia,inbound,284,85703.37,0.77,259,0.7872
933,Empresa_0933,servicos,outbound,285,82947.88,0.716,260,0.7412
105,Empresa_0105,tecnologia,outbound,285,45891.25,0.656,312,0.0818
1347,Empresa_1347,industria,inbound,286,35354.29,0.974,255,0.7719
1373,Empresa_1373,saude,inbound,286,17894.58,0.057,458,0.2713
1078,Empresa_1078,tecnologia,indicacao,286,38268.3,0.454,338,0.5298
1776,Empresa_1776,servicos,outbound,286,23063.95,0.628,138,0.0413
1871,Empresa_1871,servicos,indicacao,287,38763.87,0.519,455,0.1492
1688,Empresa_1688,saude,inbound,287,47172.09,0.579,322,0.3266
1075,Empresa_1075,varejo,inbound,288,54535.72,0.162,425,0.3821
278,Empresa_0278,varejo,inbound,288,73822.86,0.08,247,0.3495
53,Empresa_0053,varejo,outbound,288,43606.58,0.124,325,0.6641
1306,Empresa_1306,tecnologia,inbound,288,30071.63,0.116,122,0.342
1849,Empresa_1849,tecnologia,inbound,288,63227.56,0.925,312,0.5964
1111,Empresa_1111,servicos,indicacao,289,44566.51,0.07,313,0.01
1743,Empresa_1743,tecnologia,inbound,289,23763.94,0.349,375,0.3503
422,Empresa_0422,saude,outbound,289,38111.99,0.593,422,0.6861
80,Empresa_0080,industria,inbound,290,59135.5,0.385,440,0.5258
1187,Empresa_1187,industria,inbound,290,57307.27,0.518,92,0.4166
1383,Empresa_1383,tecnologia,outbound,290,46706.98,0.924,342,0.7305
892,Empresa_0892,saude,outbound,291,41832.23,0.086,434,0.6044
257,Empresa_0257,industria,inbound,291,42476.88,0.472,151,0.5707
267,Empresa_0267,servicos,indicacao,291,57035.13,0.385,328,0.353
701,Empresa_0701,servicos,outbound,291,45098.79,0.206,222,0.3087
660,Empresa_0660,servicos,inbound,292,16160.75,0.468,109,0.3825
372,Empresa_0372,industria,inbound,292,67135.88,0.528,346,0.7925
35,Empresa_0035,varejo,inbound,293,72579.45,0.392,84,0.6864
553,Empresa_0553,tecnologia,inbound,293,90701.47,0.943,277,0.8527
826,Empresa_0826,servicos,outbound,293,50618.35,0.458,157,0.4289
646,Empresa_0646,industria,inbound,294,62305.14,0.381,222,0.3443
1409,Empresa_1409,saude,indicacao,294,60264.0,0.991,59,0.788
1619,Empresa_1619,industria,inbound,295,34796.2,0.24,47,0.1718
1925,Empresa_1925,saude,outbound,295,26152.09,0.954,327,0.6744
703,Empresa_0703,varejo,inbound,295,48860.91,0.497,94,0.804
541,Empresa_0541,varejo,inbound,295,33475.41,0.334,311,0.255
1651,Empresa_1651,tecnologia,inbound,296,75457.66,0.299,219,0.4932
1313,Empresa_1313,industria,inbound,296,58079.08,0.678,224,0.5764
653,Empresa_0653,saude,outbound,296,27925.19,0.393,63,0.3181
1544,Empresa_1544,servicos,inbound,296,77277.01,0.293,362,0.305
1574,Empresa_1574,saude,outbound,296,20928.01,0.964,25,0.4606
7,Empresa_0007,industria,outbound,296,43675.15,0.453,186,0.2889
1521,Empresa_1521,tecnologia,inbound,296,5000.0,0.861,366,0.075
1005,Empresa_1005,tecnologia,indicacao,297,56804.2,0.887,129,0.5217
947,Empresa_0947,industria,indicacao,297,5000.0,0.31,382,0.3481
829,Empresa_0829,industria,inbound,297,5000.0,0.118,413,0.1495
761,Empresa_0761,tecnologia,inbound,297,62707.42,0.329,192,0.7093
244,Empresa_0244,varejo,indicacao,297,92584.94,0.292,494,0.5495
877,Empresa_0877,varejo,inbound,297,45580.65,0.161,124,0.0438
1038,Empresa_1038,saude,inbound,298,66113.57,0.781,53,0.4349
639,Empresa_0639,saude,inbound,298,60490.15,0.285,373,0.3696
1982,Empresa_1982,servicos,outbound,298,50620.94,0.663,186,0.301
598,Empresa_0598,saude,inbound,298,54833.19,0.863,270,0.4435
233,Empresa_0233,saude,outbound,298,74117.07,0.86,143,0.3253
183,Empresa_0183,industria,inbound,299,72125.77,0.039,254,0.2739
1496,Empresa_1496,industria,inbound,299,56455.95,0.544,465,0.7101
834,Empresa_0834,industria,inbound,299,34942.16,0.001,182,0.3981
130,Empresa_0130,varejo,indicacao,300,42203.8,0.566,160,0.5943
1573,Empresa_1573,varejo,outbound,300,49741.22,0.321,153,0.5372
1837,Empresa_1837,varejo,inbound,300,44825.88,0.713,125,0.2271
907,Empresa_0907,industria,inbound,300,24459.67,0.148,428,0.1213
1454,Empresa_1454,saude,inbound,300,79343.63,0.854,325,0.6645
1630,Empresa_1630,servicos,inbound,302,25602.49,0.878,404,0.6411
764,Empresa_0764,varejo,outbound,302,56815.83,0.166,286,0.0838
1499,Empresa_1499,tecnologia,outbound,302,26370.42,0.33,161,0.2984
1985,Empresa_1985,varejo,outbound,302,44202.49,0.511,99,0.4139
941,Empresa_0941,saude,outbound,303,67727.88,0.061,153,0.1207
1704,Empresa_1704,industria,outbound,303,54736.52,0.2,493,0.3772
1227,Empresa_1227,industria,inbound,304,38467.05,0.642,289,0.0937
766,Empresa_0766,tecnologia,inbound,304,51672.42,0.873,75,0.6312
1447,Empresa_1447,varejo,outbound,305,80328.8,0.856,111,0.5248
1324,Empresa_1324,servicos,indicacao,305,54575.4,0.441,252,0.623
689,Empresa_0689,saude,inbound,305,41504.53,0.272,293,0.3339
1826,Empresa_1826,servicos,inbound,305,67210.59,0.204,44,0.0888
686,Empresa_0686,servicos,inbound,305,65816.03,0.299,412,0.4681
673,Empresa_0673,tecnologia,outbound,305,23663.4,0.012,163,0.1471
593,Empresa_0593,industria,outbound,305,16964.82,0.823,66,0.1542
1582,Empresa_1582,saude,indicacao,306,61004.05,0.672,443,0.6046
28,Empresa_0028,servicos,inbound,306,58254.65,0.855,215,0.3956
429,Empresa_0429,industria,inbound,306,57856.55,0.368,143,0.8168
1399,Empresa_1399,tecnologia,inbound,306,21803.61,0.879,40,0.4353
1702,Empresa_1702,varejo,outbound,306,52828.39,0.876,33,0.4685
1577,Empresa_1577,tecnologia,inbound,306,70575.62,0.451,371,0.7159
565,Empresa_0565,saude,outbound,306,64788.25,0.887,372,0.5638
232,Empresa_0232,servicos,outbound,307,56312.1,0.216,320,0.6965
1292,Empresa_1292,industria,inbound,307,42108.54,0.883,366,0.7514
923,Empresa_0923,industria,outbound,307,38571.02,0.574,208,0.7913
1873,Empresa_1873,servicos,indicacao,307,26112.69,0.66,115,0.4632
1143,Empresa_1143,servicos,inbound,308,39136.58,0.143,72,0.2061
1576,Empresa_1576,varejo,outbound,308,50588.47,0.278,305,0.441
992,Empresa_0992,tecnologia,outbound,308,85887.4,0.005,97,0.3238
1016,Empresa_1016,tecnologia,inbound,308,51043.47,0.442,239,0.3859
1474,Empresa_1474,industria,inbound,308,46184.79,0.765,461,0.7374
265,Empresa_0265,industria,inbound,308,70254.32,0.995,492,0.99
1588,Empresa_1588,industria,outbound,309,30300.1,0.416,411,0.6292
386,Empresa_0386,tecnologia,inbound,309,58792.73,0.718,233,0.5589
345,Empresa_0345,industria,inbound,309,8735.23,0.592,40,0.01
938,Empresa_0938,varejo,outbound,309,68805.79,0.606,297,0.6889
874,Empresa_0874,varejo,outbound,310,12161.07,0.709,435,0.4318
516,Empresa_0516,servicos,inbound,310,63366.52,0.678,162,0.6066
215,Empresa_0215,servicos,indicacao,310,70055.16,0.698,221,0.36
77,Empresa_0077,industria,outbound,311,53170.79,0.279,158,0.1227
1498,Empresa_1498,saude,indicacao,311,64239.54,0.225,253,0.5734
661,Empresa_0661,tecnologia,inbound,311,49648.74,0.892,88,0.4741
86,Empresa_0086,tecnologia,outbound,311,40611.95,0.757,80,0.5443
23,Empresa_0023,servicos,inbound,311,46909.41,0.259,150,0.2408
768,Empresa_0768,industria,inbound,312,24403.18,0.04,146,0.1763
478,Empresa_0478,saude,inbound,312,50126.78,0.626,25,0.3522
153,Empresa_0153,varejo,inbound,312,40273.84,0.259,400,0.2409
840,Empresa_0840,varejo,indicacao,312,88101.2,0.222,433,0.5006
440,Empresa_0440,varejo,indicacao,313,46215.11,0.383,354,0.6613
1300,Empresa_1300,industria,inbound,314,51069.63,0.672,194,0.5791
1322,Empresa_1322,saude,outbound,314,49555.04,0.647,407,0.6451
1092,Empresa_1092,tecnologia,inbound,314,65898.65,0.057,436,0.6926
143,Empresa_0143,tecnologia,outbound,314,55354.23,0.263,296,0.0629
685,Empresa_0685,industria,outbound,314,40417.94,0.003,81,0.0664
577,Empresa_0577,industria,inbound,315,74959.0,0.228,239,0.3505
1344,Empresa_1344,varejo,inbound,315,29352.06,0.269,213,0.0272
201,Empresa_0201,saude,indicacao,315,78149.64,0.262,131,0.1663
1080,Empresa_1080,servicos,indicacao,315,54875.05,0.193,273,0.2111
1071,Empresa_1071,tecnologia,inbound,315,27707.66,0.159,340,0.2985
688,Empresa_0688,varejo,outbound,316,40823.19,0.334,77,0.4004
1535,Empresa_1535,tecnologia,inbound,316,30811.44,0.766,256,0.5622
1560,Empresa_1560,servicos,indicacao,316,42159.2,0.004,151,0.1209
1504,Empresa_1504,tecnologia,inbound,316,45765.32,0.852,226,0.3126
715,Empresa_0715,varejo,inbound,317,25682.18,0.653,14,0.4171
21,Empresa_0021,varejo,inbound,317,36381.41,0.502,425,0.2974
1374,Empresa_1374,industria,inbound,319,49514.05,0.85,66,0.4631
255,Empresa_0255,saude,inbound,319,65546.75,0.949,497,0.5869
769,Empresa_0769,tecnologia,inbound,319,83636.33,0.028,19,0.4787
1538,Empresa_1538,servicos,outbound,319,31394.71,0.722,331,0.4052
1605,Empresa_1605,varejo,outbound,319,77162.42,0.297,329,0.6455
1086,Empresa_1086,servicos,outbound,319,22037.81,0.901,40,0.7542
473,Empresa_0473,varejo,inbound,320,53706.51,0.549,180,0.3857
1786,Empresa_1786,tecnologia,outbound,320,72183.4,0.621,491,0.688
1501,Empresa_1501,tecnologia,inbound,320,37507.93,0.48,94,0.2054
812,Empresa_0812,industria,inbound,320,55057.7,0.432,286,0.6495
317,Empresa_0317,servicos,inbound,320,36051.52,0.478,309,0.2405
1637,Empresa_1637,tecnologia,inbound,321,69476.38,0.426,388,0.7881
1431,Empresa_1431,industria,inbound,321,31420.22,0.827,253,0.6077
678,Empresa_0678,varejo,inbound,321,57754.06,0.41,57,0.3116
1471,Empresa_1471,saude,indicacao,321,72500.88,0.609,157,0.4438
1617,Empresa_1617,varejo,outbound,322,14460.27,0.89,67,0.4264
1879,Empresa_1879,tecnologia,outbound,322,17478.31,0.207,157,0.301
1601,Empresa_1601,saude,inbound,322,72653.8,0.35,154,0.302
1247,Empresa_1247,tecnologia,outbound,322,13846.06,0.579,438,0.777
1685,Empresa_1685,industria,outbound,323,62804.27,0.936,349,0.7421
970,Empresa_0970,tecnologia,indicacao,323,44344.09,0.709,338,0.2972
1597,Empresa_1597,servicos,inbound,323,54772.02,0.816,217,0.7599
917,Empresa_0917,tecnologia,outbound,323,60588.27,0.101,232,0.4851
210,Empresa_0210,industria,indicacao,323,68318.05,0.522,492,0.6289
1505,Empresa_1505,saude,indicacao,324,59974.39,0.864,242,0.7772
924,Empresa_0924,servicos,outbound,324,46676.84,0.183,430,0.5251
1153,Empresa_1153,varejo,outbound,324,38770.34,0.154,469,0.5436
127,Empresa_0127,servicos,inbound,324,26224.74,0.503,458,0.4685
1212,Empresa_1212,industria,indicacao,325,46280.87,0.309,277,0.0668
1326,Empresa_1326,tecnologia,outbound,325,55858.68,0.036,222,0.1807
424,Empresa_0424,varejo,indicacao,325,32237.32,0.339,282,0.2293
70,Empresa_0070,saude,outbound,325,24486.27,0.928,87,0.4721
129,Empresa_0129,saude,inbound,325,31468.48,0.352,261,0.6896
1666,Empresa_1666,industria,outbound,325,54479.35,0.758,164,0.4826
1620,Empresa_1620,tecnologia,inbound,326,61548.05,0.42,69,0.2954
199,Empresa_0199,varejo,inbound,326,46731.14,0.386,239,0.5448
899,Empresa_0899,saude,inbound,326,19287.16,0.284,139,0.1956
1254,Empresa_1254,tecnologia,outbound,327,35492.17,0.026,496,0.2037
337,Empresa_0337,saude,outbound,327,56240.19,0.151,61,0.3065
1997,Empresa_1997,saude,outbound,327,48169.2,0.135,201,0.1392
377,Empresa_0377,servicos,outbound,328,9929.55,0.765,387,0.6348
1954,Empresa_1954,tecnologia,indicacao,328,54306.05,0.18,269,0.3946
1011,Empresa_1011,varejo,indicacao,328,78846.1,0.617,39,0.7423
416,Empresa_0416,industria,outbound,328,71784.35,0.679,231,0.4963
167,Empresa_0167,saude,inbound,328,57699.02,0.873,400,0.7176
1273,Empresa_1273,varejo,inbound,328,57461.05,0.086,28,0.1662
1771,Empresa_1771,saude,outbound,329,51440.35,0.428,380,0.6858
442,Empresa_0442,tecnologia,outbound,329,57238.44,0.803,163,0.3797
374,Empresa_0374,varejo,outbound,330,61082.33,0.931,237,0.5703
1330,Empresa_1330,servicos,inbound,331,12440.22,0.424,237,0.12
1483,Empresa_1483,saude,inbound,332,56598.87,0.838,162,0.6833
73,Empresa_0073,servicos,indicacao,332,59943.21,0.108,140,0.2187
712,Empresa_0712,varejo,indicacao,332,29298.44,0.698,390,0.2324
1274,Empresa_1274,saude,inbound,333,37527.99,0.311,174,0.4231
1760,Empresa_1760,servicos,outbound,333,26475.99,0.157,99,0.0388
951,Empresa_0951,servicos,outbound,333,59035.37,0.655,46,0.491
1829,Empresa_1829,varejo,inbound,333,45470.91,0.999,358,0.5719
1067,Empresa_1067,saude,outbound,335,59100.47,0.711,247,0.7644
1164,Empresa_1164,tecnologia,outbound,335,30296.84,0.095,435,0.3113
942,Empresa_0942,tecnologia,inbound,335,59815.33,0.549,324,0.6675
1138,Empresa_1138,servicos,inbound,335,48224.07,0.174,405,0.0373
1735,Empresa_1735,servicos,outbound,335,68292.48,0.085,196,0.5498
804,Empresa_0804,servicos,indicacao,335,75746.62,0.376,249,0.611
1946,Empresa_1946,servicos,indicacao,336,34956.78,0.423,247,0.471
1448,Empresa_1448,saude,inbound,336,43868.69,0.61,276,0.4192
287,Empresa_0287,saude,inbound,336,51049.34,0.827,39,0.3597
219,Empresa_0219,industria,inbound,336,36081.15,0.562,292,0.5378
303,Empresa_0303,servicos,inbound,337,43429.5,0.089,63,0.0204
1869,Empresa_1869,tecnologia,indicacao,337,54711.4,0.396,457,0.7537
263,Empresa_0263,industria,inbound,337,38893.46,0.598,307,0.4066
603,Empresa_0603,tecnologia,indicacao,338,37448.25,0.665,384,0.7227
1778,Empresa_1778,industria,inbound,338,27571.38,0.031,244,0.157
900,Empresa_0900,varejo,outbound,339,57793.83,0.418,13,0.0768
36,Empresa_0036,servicos,inbound,339,47721.05,0.2,227,0.6031
296,Empresa_0296,industria,indicacao,339,55919.88,0.069,305,0.2171
1051,Empresa_1051,industria,inbound,339,45918.63,0.084,155,0.1529
1968,Empresa_1968,varejo,inbound,340,41390.83,0.043,260,0.1768
224,Empresa_0224,servicos,inbound,341,51809.8,0.869,23,0.6009
1064,Empresa_1064,servicos,inbound,342,37112.66,0.938,458,0.5769
68,Empresa_0068,saude,indicacao,342,67159.52,0.613,466,0.7786
980,Empresa_0980,varejo,inbound,342,59267.4,0.141,61,0.357
1202,Empresa_1202,tecnologia,inbound,342,58404.53,0.802,347,0.5238
480,Empresa_0480,tecnologia,indicacao,342,54461.59,0.151,467,0.5023
1675,Empresa_1675,tecnologia,inbound,342,17698.98,0.638,303,0.3227
1141,Empresa_1141,varejo,inbound,342,5000.0,0.727,146,0.3025
736,Empresa_0736,servicos,inbound,343,65555.35,0.103,117,0.01
735,Empresa_0735,varejo,inbound,343,53162.38,0.117,372,0.5701
659,Empresa_0659,tecnologia,inbound,343,43524.17,0.71,297,0.2347
526,Empresa_0526,saude,inbound,343,79100.91,0.558,387,0.5591
1089,Empresa_1089,tecnologia,inbound,344,44466.0,0.721,442,0.7758
1875,Empresa_1875,saude,outbound,344,13432.09,0.218,158,0.2172
327,Empresa_0327,industria,indicacao,344,48660.94,0.305,227,0.6021
1828,Empresa_1828,varejo,inbound,344,32477.8,0.12,337,0.01
1177,Empresa_1177,industria,inbound,344,52972.54,0.76,139,0.5826
1389,Empresa_1389,varejo,inbound,345,31683.53,0.076,320,0.2253
200,Empresa_0200,varejo,inbound,345,56751.49,0.197,215,0.6833
573,Empresa_0573,tecnologia,inbound,345,32006.1,0.823,470,0.8962
1555,Empresa_1555,tecnologia,indicacao,345,37432.58,0.287,334,0.5503
620,Empresa_0620,varejo,outbound,346,41186.95,0.806,123,0.5959
1909,Empresa_1909,saude,outbound,346,58709.17,0.069,309,0.3152
971,Empresa_0971,varejo,inbound,346,47876.36,0.948,386,0.6136
1135,Empresa_1135,varejo,inbound,347,75768.88,0.937,339,0.9845
1156,Empresa_1156,industria,inbound,347,50026.8,0.923,461,0.3889
1209,Empresa_1209,industria,inbound,348,55950.22,0.037,234,0.2525
1120,Empresa_1120,servicos,inbound,348,59006.35,0.691,374,0.9395
777,Empresa_0777,servicos,inbound,348,57939.83,0.054,189,0.4476
31,Empresa_0031,industria,outbound,349,41871.7,0.977,483,0.971
1583,Empresa_1583,saude,inbound,349,35938.62,0.643,41,0.01
1013,Empresa_1013,industria,outbound,350,16898.09,0.216,343,0.1061
171,Empresa_0171,varejo,inbound,350,58921.44,0.114,366,0.5084
1182,Empresa_1182,servicos,inbound,350,33995.77,0.195,427,0.5513
1649,Empresa_1649,industria,inbound,350,36117.23,0.752,319,0.3624
76,Empresa_0076,varejo,inbound,350,41454.95,0.033,57,0.01
1105,Empresa_1105,servicos,outbound,350,64014.46,0.001,94,0.3652
1838,Empresa_1838,saude,outbound,350,79565.58,0.464,109,0.6165
1943,Empresa_1943,industria,outbound,351,6392.68,0.99,255,0.5671
780,Empresa_0780,varejo,outbound,351,48976.06,0.739,7,0.7719
1825,Empresa_1825,industria,inbound,351,63475.89,0.371,125,0.4491
132,Empresa_0132,servicos,inbound,351,62703.02,0.824,310,0.6022
756,Empresa_0756,industria,outbound,352,31582.99,0.492,123,0.2029
839,Empresa_0839,industria,indicacao,352,43281.22,0.548,91,0.6044
369,Empresa_0369,varejo,inbound,353,66887.7,0.487,131,0.3782
566,Empresa_0566,tecnologia,inbound,353,46807.03,0.819,191,0.694
742,Empresa_0742,varejo,outbound,353,29587.54,0.539,477,0.7956
833,Empresa_0833,industria,outbound,353,42403.87,0.529,210,0.5443
1126,Empresa_1126,servicos,inbound,353,85426.82,0.672,360,0.6616
827,Empresa_0827,industria,inbound,354,47647.78,0.02,27,0.1259
755,Empresa_0755,tecnologia,inbound,354,72720.97,0.998,308,0.6329
1928,Empresa_1928,industria,inbound,354,67324.5,0.197,407,0.2627
1241,Empresa_1241,tecnologia,outbound,354,29974.17,0.628,207,0.7256
1106,Empresa_1106,industria,outbound,355,22883.72,0.599,458,0.359
835,Empresa_0835,industria,inbound,355,32113.08,0.162,166,0.0348
1224,Empresa_1224,tecnologia,inbound,355,31982.06,0.14,59,0.2464
446,Empresa_0446,industria,outbound,356,71344.45,0.402,279,0.2808
1103,Empresa_1103,saude,outbound,356,60393.21,0.858,220,0.5775
1393,Empresa_1393,tecnologia,inbound,356,59244.25,0.007,116,0.01
1485,Empresa_1485,saude,inbound,356,33810.27,0.049,376,0.3046
460,Empresa_0460,saude,inbound,357,56278.16,0.053,439,0.4901
1790,Empresa_1790,varejo,inbound,357,16833.29,0.44,202,0.5914
1918,Empresa_1918,servicos,outbound,357,43654.27,0.274,469,0.2483
1009,Empresa_1009,servicos,inbound,357,57576.85,0.615,145,0.3544
1572,Empresa_1572,saude,outbound,357,56830.17,0.16,54,0.2973
1119,Empresa_1119,servicos,indicacao,357,30227.46,0.601,351,0.01
426,Empresa_0426,saude,outbound,358,66071.7,0.864,253,0.6604
1752,Empresa_1752,tecnologia,indicacao,359,36872.58,0.778,330,0.3707
670,Empresa_0670,varejo,outbound,359,65696.88,0.226,479,0.7107
702,Empresa_0702,varejo,inbound,359,29383.73,0.187,308,0.4243
439,Empresa_0439,varejo,indicacao,359,58557.81,0.816,344,0.5973
1437,Empresa_1437,saude,outbound,359,5000.0,0.838,256,0.3246
525,Empresa_0525,varejo,outbound,360,41149.29,0.016,175,0.1608
284,Empresa_0284,tecnologia,inbound,360,27791.39,0.498,457,0.3391
1394,Empresa_1394,saude,indicacao,360,12575.64,0.596,230,0.3978
335,Empresa_0335,saude,outbound,360,25668.8,0.848,227,0.2947
387,Empresa_0387,servicos,inbound,360,60483.76,0.586,270,0.5812
291,Empresa_0291,tecnologia,inbound,360,53051.25,0.868,44,0.4004
1268,Empresa_1268,varejo,outbound,361,63004.98,0.617,395,0.3174
691,Empresa_0691,servicos,inbound,361,45084.77,0.182,104,0.2471
595,Empresa_0595,saude,inbound,362,41527.87,0.717,286,0.3702
324,Empresa_0324,varejo,outbound,362,86412.92,0.521,341,0.8831
241,Empresa_0241,tecnologia,inbound,362,48114.75,0.888,128,0.3385
1296,Empresa_1296,servicos,inbound,362,18487.61,0.822,398,0.5213
503,Empresa_0503,saude,outbound,363,19949.93,0.32,225,0.2046
1265,Empresa_1265,servicos,inbound,363,47690.02,0.933,70,0.3543
1042,Empresa_1042,tecnologia,inbound,363,63971.33,0.454,491,0.2504
1823,Empresa_1823,servicos,outbound,363,62891.17,0.62,430,0.7359
1358,Empresa_1358,saude,inbound,364,41793.2,0.907,387,0.7273
1364,Empresa_1364,saude,inbound,364,42406.27,0.101,128,0.0742
623,Empresa_0623,servicos,inbound,364,37606.68,0.575,476,0.4969
1459,Empresa_1459,varejo,inbound,364,57146.39,0.718,7,0.476
1023,Empresa_1023,varejo,inbound,365,62322.69,0.732,386,0.5219
714,Empresa_0714,tecnologia,inbound,365,45786.2,0.525,257,0.378
1455,Empresa_1455,varejo,inbound,366,47715.8,0.414,7,0.4044
1062,Empresa_1062,industria,outbound,366,40870.58,0.646,157,0.4279
1157,Empresa_1157,tecnologia,inbound,366,79459.07,0.917,450,0.7252
792,Empresa_0792,varejo,outbound,366,60224.44,0.27,141,0.4011
1818,Empresa_1818,servicos,inbound,366,59679.65,0.344,314,0.4311
2,Empresa_0002,servicos,inbound,367,65009.02,0.547,332,0.5035
919,Empresa_0919,saude,inbound,367,12384.03,0.257,69,0.01
805,Empresa_0805,varejo,indicacao,367,71999.59,0.38,247,0.5044
196,Empresa_0196,tecnologia,inbound,367,62866.54,0.061,31,0.6809
729,Empresa_0729,saude,inbound,367,27609.28,0.754,85,0.1619
230,Empresa_0230,saude,outbound,368,20731.16,0.036,334,0.4025
1758,Empresa_1758,varejo,inbound,368,29385.66,0.178,332,0.4215
1602,Empresa_1602,tecnologia,inbound,369,75290.8,0.389,297,0.4292
728,Empresa_0728,servicos,indicacao,369,27196.78,0.049,379,0.2891
1203,Empresa_1203,servicos,outbound,369,47952.07,0.879,459,0.5204
1933,Empresa_1933,tecnologia,indicacao,369,75870.2,0.493,268,0.6873
581,Empresa_0581,tecnologia,outbound,369,26873.05,0.56,39,0.2586
214,Empresa_0214,saude,inbound,370,43446.54,0.429,168,0.242
1145,Empresa_1145,saude,inbound,370,63802.09,0.195,276,0.1915
1158,Empresa_1158,saude,indicacao,370,5000.0,0.649,255,0.4792
731,Empresa_0731,varejo,inbound,370,51165.49,0.649,188,0.1133
262,Empresa_0262,varejo,outbound,370,54643.4,0.431,176,0.614
846,Empresa_0846,saude,inbound,371,113577.07,0.981,499,0.9771
1245,Empresa_1245,saude,inbound,371,51359.73,0.353,173,0.1
718,Empresa_0718,industria,outbound,371,42980.95,0.316,387,0.3599
419,Empresa_0419,tecnologia,outbound,371,77071.72,0.222,423,0.3881
243,Empresa_0243,varejo,inbound,371,20659.1,0.2,14,0.0435
499,Empresa_0499,tecnologia,inbound,371,20098.78,0.528,405,0.5992
1665,Empresa_1665,industria,inbound,372,36075.76,0.868,341,0.6785
253,Empresa_0253,tecnologia,inbound,372,30262.86,0.005,354,0.01
523,Empresa_0523,saude,outbound,373,46173.12,0.655,278,0.5888
9,Empresa_0009,saude,inbound,373,32939.12,0.324,360,0.6291
1930,Empresa_1930,varejo,indicacao,373,15616.78,0.202,105,0.073
1269,Empresa_1269,varejo,inbound,374,61871.09,0.292,437,0.5833
1403,Empresa_1403,industria,inbound,374,40166.89,0.328,224,0.4506
1589,Empresa_1589,industria,inbound,374,40889.44,0.589,82,0.1769
1047,Empresa_1047,industria,outbound,374,60851.89,0.85,279,0.5271
72,Empresa_0072,servicos,inbound,374,31610.95,0.04,170,0.01
1927,Empresa_1927,tecnologia,inbound,375,29655.51,0.522,352,0.5141
965,Empresa_0965,industria,inbound,375,22705.17,0.293,342,0.3364
1801,Empresa_1801,varejo,inbound,375,58849.09,0.732,401,0.4736
880,Empresa_0880,varejo,inbound,375,54511.2,0.59,309,0.6938
1340,Empresa_1340,servicos,outbound,375,34042.34,0.685,36,0.01
363,Empresa_0363,industria,outbound,376,28829.28,0.33,303,0.7437
1402,Empresa_1402,industria,inbound,376,45918.61,0.757,265,0.7644
1716,Empresa_1716,tecnologia,indicacao,376,38326.39,0.327,442,0.5565
165,Empresa_0165,varejo,inbound,377,31941.46,1.0,242,0.5877
119,Empresa_0119,saude,indicacao,377,45212.89,0.879,454,0.7748
1316,Empresa_1316,saude,outbound,377,45941.16,0.346,439,0.6753
563,Empresa_0563,tecnologia,inbound,377,34689.29,0.666,34,0.2269
697,Empresa_0697,servicos,inbound,378,30727.23,0.175,328,0.1345
1134,Empresa_1134,tecnologia,inbound,379,46701.24,0.507,41,0.5361
316,Empresa_0316,varejo,outbound,379,51330.92,0.052,51,0.1797
576,Empresa_0576,servicos,inbound,379,76723.72,0.96,438,0.8937
252,Empresa_0252,saude,outbound,379,84573.95,0.043,104,0.2522
632,Empresa_0632,industria,indicacao,379,41894.61,0.818,379,0.3583
17,Empresa_0017,industria,inbound,379,30822.35,0.504,227,0.1698
828,Empresa_0828,industria,inbound,379,74283.8,0.25,353,0.4246
1921,Empresa_1921,servicos,inbound,380,70538.11,0.498,222,0.6482
1728,Empresa_1728,tecnologia,indicacao,380,51465.51,0.818,230,0.7179
1996,Empresa_1996,saude,inbound,380,56076.75,0.754,279,0.3946
1742,Empresa_1742,tecnologia,outbound,380,60131.66,0.128,189,0.4351
511,Empresa_0511,servicos,indicacao,380,44053.53,0.025,238,0.1323
1768,Empresa_1768,varejo,inbound,380,31644.93,0.062,184,0.1449
1694,Empresa_1694,varejo,inbound,380,25018.8,0.441,238,0.1659
1835,Empresa_1835,servicos,inbound,381,51759.26,0.717,245,0.4214
610,Empresa_0610,servicos,inbound,381,29313.84,0.927,280,0.6487
1682,Empresa_1682,varejo,inbound,381,39243.77,0.249,415,0.4744
1693,Empresa_1693,servicos,inbound,381,39362.45,0.796,143,0.493
330,Empresa_0330,saude,inbound,382,80224.57,0.15,382,0.6048
889,Empresa_0889,tecnologia,outbound,382,15920.14,0.667,269,0.3105
1994,Empresa_1994,tecnologia,outbound,382,51757.35,0.822,91,0.3976
27,Empresa_0027,tecnologia,inbound,383,57308.88,0.279,200,0.3205
155,Empresa_0155,servicos,inbound,383,85358.6,0.119,444,0.6924
1017,Empresa_1017,industria,inbound,383,44522.99,0.244,339,0.2987
1947,Empresa_1947,tecnologia,inbound,383,31817.94,0.081,302,0.5349
725,Empresa_0725,industria,inbound,384,79223.58,0.162,190,0.4459
1720,Empresa_1720,varejo,inbound,385,70946.31,0.79,494,0.6005
1337,Empresa_1337,tecnologia,indicacao,386,63157.76,0.922,451,0.6823
790,Empresa_0790,industria,inbound,386,35078.03,0.643,231,0.6186
3,Empresa_0003,varejo,inbound,386,68811.29,0.147,124,0.0758
456,Empresa_0456,saude,inbound,386,71524.8,0.683,352,0.6957
322,Empresa_0322,saude,inbound,387,73424.94,0.419,119,0.7585
1867,Empresa_1867,industria,inbound,387,63570.48,0.865,406,0.5384
1331,Empresa_1331,tecnologia,inbound,388,28504.68,0.01,397,0.2036
1052,Empresa_1052,saude,inbound,389,52192.96,0.39,47,0.59
1671,Empresa_1671,varejo,inbound,389,18038.95,0.73,79,0.3746
704,Empresa_0704,varejo,outbound,389,70983.47,0.033,223,0.4377
1563,Empresa_1563,tecnologia,inbound,389,27063.36,0.199,93,0.2078
1866,Empresa_1866,saude,inbound,389,45819.35,0.475,385,0.3361
1846,Empresa_1846,varejo,indicacao,389,50653.9,0.663,292,0.9031
1805,Empresa_1805,tecnologia,inbound,390,11581.68,0.424,392,0.4132
1764,Empresa_1764,tecnologia,inbound,390,28962.25,0.798,329,0.6399
1820,Empresa_1820,varejo,inbound,390,7846.21,0.324,469,0.6102
1959,Empresa_1959,saude,outbound,390,38278.97,0.538,319,0.8052
1411,Empresa_1411,industria,outbound,390,94594.64,0.938,102,0.7128
663,Empresa_0663,varejo,outbound,390,43153.18,0.17,363,0.5742
1397,Empresa_1397,saude,outbound,391,46350.0,0.04,146,0.3842
302,Empresa_0302,tecnologia,outbound,391,67276.56,0.836,465,0.7361
117,Empresa_0117,tecnologia,inbound,391,50437.04,0.393,156,0.1382
1568,Empresa_1568,servicos,inbound,391,64594.31,0.89,392,0.4672
149,Empresa_0149,servicos,inbound,391,53140.97,0.598,244,0.5735
1479,Empresa_1479,varejo,inbound,392,84117.05,0.506,483,0.5296
457,Empresa_0457,saude,outbound,392,33086.78,0.95,431,0.3488
1910,Empresa_1910,servicos,outbound,392,34391.33,0.593,172,0.407
1149,Empresa_1149,industria,outbound,392,70603.91,0.648,258,0.7683
137,Empresa_0137,saude,outbound,392,66762.53,0.838,252,0.6332
1261,Empresa_1261,saude,inbound,393,51948.27,0.062,75,0.4213
1355,Empresa_1355,industria,inbound,393,59323.55,0.069,137,0.2216
342,Empresa_0342,varejo,inbound,393,51440.67,0.045,45,0.4214
1133,Empresa_1133,tecnologia,indicacao,393,77634.15,0.004,155,0.2838
1392,Empresa_1392,industria,inbound,393,39148.84,0.322,13,0.0159
968,Empresa_0968,saude,outbound,393,68487.16,0.698,496,0.3886
1585,Empresa_1585,servicos,inbound,394,17581.73,0.106,10,0.1936
415,Empresa_0415,varejo,inbound,394,53955.8,0.873,97,0.752
1396,Empresa_1396,varejo,outbound,394,62053.05,0.188,185,0.3813
614,Empresa_0614,servicos,inbound,394,33868.02,0.226,349,0.2
447,Empresa_0447,saude,outbound,394,43370.24,0.051,397,0.4525
1616,Empresa_1616,saude,indicacao,395,108284.89,0.908,163,0.6315
1400,Empresa_1400,servicos,outbound,395,73650.61,0.337,116,0.2803
1548,Empresa_1548,varejo,outbound,395,61023.83,0.087,452,0.8046
589,Empresa_0589,varejo,outbound,396,82222.32,0.521,406,0.4595
488,Empresa_0488,servicos,inbound,396,32969.26,0.016,451,0.2419
112,Empresa_0112,saude,inbound,396,38117.0,0.276,296,0.2996
1025,Empresa_1025,varejo,outbound,397,42711.23,0.016,363,0.353
1280,Empresa_1280,saude,inbound,397,73872.37,0.847,168,0.5039
954,Empresa_0954,varejo,outbound,397,35757.96,0.098,479,0.4912
1008,Empresa_1008,industria,inbound,398,65124.96,0.783,233,0.708
1557,Empresa_1557,industria,inbound,398,65430.67,0.501,353,0.6742
616,Empresa_0616,tecnologia,indicacao,399,64276.4,0.397,295,0.4522
140,Empresa_0140,industria,outbound,399,58288.19,0.17,162,0.6315
1514,Empresa_1514,tecnologia,indicacao,399,16353.47,0.514,219,0.3559
979,Empresa_0979,saude,inbound,399,58876.25,0.314,254,0.5353
92,Empresa_0092,industria,inbound,399,41534.03,0.774,374,0.5053
491,Empresa_0491,varejo,inbound,401,57330.63,0.781,46,0.6142
604,Empresa_0604,tecnologia,inbound,401,37267.69,0.846,229,0.5671
1007,Empresa_1007,tecnologia,inbound,401,42503.17,0.648,364,0.2371
986,Empresa_0986,servicos,inbound,401,21914.62,0.064,352,0.0226
1376,Empresa_1376,tecnologia,inbound,401,61121.51,0.342,320,0.1917
546,Empresa_0546,industria,outbound,401,54067.76,0.893,15,0.5956
1184,Empresa_1184,industria,indicacao,401,49787.23,0.484,37,0.3148
1497,Empresa_1497,industria,outbound,401,26998.29,0.886,477,0.584
1440,Empresa_1440,tecnologia,outbound,401,36707.48,0.75,339,0.7953
496,Empresa_0496,varejo,inbound,402,13371.88,0.437,382,0.2276
1003,Empresa_1003,saude,inbound,402,62678.21,0.919,490,0.7928
1125,Empresa_1125,servicos,inbound,402,44596.9,0.987,112,0.5466
266,Empresa_0266,industria,outbound,403,53108.59,0.079,467,0.521
1749,Empresa_1749,varejo,outbound,403,67857.12,0.562,206,0.767
1753,Empresa_1753,industria,inbound,403,38687.23,0.415,84,0.2506
465,Empresa_0465,tecnologia,outbound,403,40826.49,0.463,429,0.488
1736,Empresa_1736,servicos,inbound,403,22633.31,0.836,455,0.4555
1763,Empresa_1763,saude,indicacao,404,28856.9,0.936,111,0.5488
115,Empresa_0115,industria,outbound,404,39410.15,0.448,282,0.6575
1881,Empresa_1881,varejo,inbound,404,78442.13,0.537,169,0.6358
967,Empresa_0967,saude,inbound,404,35156.16,0.762,121,0.5062
434,Empresa_0434,servicos,inbound,405,68565.94,0.944,220,0.6665
13,Empresa_0013,servicos,outbound,405,72544.82,0.131,336,0.5325
1357,Empresa_1357,saude,inbound,405,39857.89,0.523,308,0.3907
388,Empresa_0388,tecnologia,indicacao,405,55525.48,0.322,314,0.2897
519,Empresa_0519,industria,inbound,406,82578.74,0.604,11,0.3154
16,Empresa_0016,tecnologia,inbound,406,57375.02,0.266,247,0.4918
1556,Empresa_1556,industria,indicacao,406,35427.79,0.13,190,0.2157
1384,Empresa_1384,saude,indicacao,406,14958.03,0.822,97,0.3999
1457,Empresa_1457,servicos,inbound,406,51814.85,0.001,226,0.464
1695,Empresa_1695,servicos,inbound,406,58204.24,0.211,223,0.582
420,Empresa_0420,servicos,indicacao,406,51842.53,0.734,339,0.3716
62,Empresa_0062,varejo,inbound,406,53255.06,0.993,221,0.8686
273,Empresa_0273,varejo,inbound,407,91863.37,0.496,68,0.5571
198,Empresa_0198,varejo,outbound,407,49897.56,0.255,258,0.5944
334,Empresa_0334,industria,inbound,407,50655.64,0.694,37,0.5934
1382,Empresa_1382,saude,inbound,407,43651.23,0.878,379,0.3084
560,Empresa_0560,servicos,inbound,408,48586.39,0.144,445,0.4573
645,Empresa_0645,tecnologia,inbound,408,47159.94,0.949,296,0.587
848,Empresa_0848,tecnologia,inbound,408,35854.71,0.61,448,0.7575
705,Empresa_0705,varejo,inbound,408,30480.82,0.225,379,0.2243
37,Empresa_0037,industria,outbound,408,33196.87,0.68,295,0.1508
1554,Empresa_1554,servicos,outbound,409,22481.73,0.438,239,0.4784
226,Empresa_0226,varejo,inbound,409,100349.48,0.612,341,0.9656
1963,Empresa_1963,industria,outbound,410,45277.4,0.162,220,0.1275
427,Empresa_0427,servicos,indicacao,410,84415.4,0.723,478,0.99
518,Empresa_0518,industria,indicacao,410,67956.31,0.517,364,0.6207
1142,Empresa_1142,industria,inbound,410,9969.09,0.864,293,0.3457
1112,Empresa_1112,servicos,indicacao,411,26955.02,0.057,172,0.1163
1860,Empresa_1860,tecnologia,inbound,411,63112.36,0.668,208,0.7297
122,Empresa_0122,saude,inbound,411,54399.93,0.426,481,0.7588
1650,Empresa_1650,tecnologia,outbound,412,39867.95,0.424,177,0.6749
791,Empresa_0791,industria,inbound,412,24993.69,0.65,25,0.01
1379,Empresa_1379,industria,outbound,412,79472.23,0.154,455,0.6111
779,Empresa_0779,tecnologia,outbound,412,23946.96,0.981,290,0.7879
1797,Empresa_1797,saude,inbound,413,47038.55,0.653,491,0.5875
548,Empresa_0548,tecnologia,outbound,414,64136.99,0.124,378,0.4697
1606,Empresa_1606,tecnologia,inbound,414,60161.58,0.21,216,0.6923
423,Empresa_0423,tecnologia,indicacao,414,20389.27,0.591,20,0.01
1848,Empresa_1848,tecnologia,inbound,415,42309.0,0.523,310,0.6044
187,Empresa_0187,varejo,outbound,415,25510.62,0.094,356,0.6698
18,Empresa_0018,servicos,inbound,415,67569.01,0.091,329,0.3317
884,Empresa_0884,saude,indicacao,415,28133.52,0.697,93,0.3832
1284,Empresa_1284,tecnologia,inbound,416,51209.37,0.223,143,0.393
466,Empresa_0466,tecnologia,inbound,416,44136.17,0.42,448,0.3455
568,Empresa_0568,industria,inbound,416,60968.56,0.773,119,0.6521
1824,Empresa_1824,industria,outbound,416,32407.15,0.467,262,0.4489
78,Empresa_0078,saude,inbound,417,62511.81,0.193,236,0.4888
1657,Empresa_1657,industria,outbound,417,14803.69,0.574,294,0.175
879,Empresa_0879,saude,inbound,417,49440.35,0.06,432,0.5175
1101,Empresa_1101,tecnologia,inbound,417,62281.98,0.735,489,0.705
800,Empresa_0800,servicos,inbound,418,33099.09,0.588,452,0.5349
1547,Empresa_1547,varejo,outbound,418,33935.2,0.806,272,0.8756
1687,Empresa_1687,saude,inbound,419,54958.95,0.574,199,0.5497
0,Empresa_0000,industria,inbound,419,56094.34,0.042,263,0.0366
913,Empresa_0913,servicos,inbound,419,37556.65,0.248,230,0.32
1263,Empresa_1263,industria,inbound,419,41056.85,0.6,60,0.9187
1267,Empresa_1267,tecnologia,inbound,419,63241.63,0.546,43,0.3869
1275,Empresa_1275,industria,inbound,419,50467.11,0.012,381,0.7769
304,Empresa_0304,varejo,outbound,419,48773.51,0.024,53,0.01
1870,Empresa_1870,saude,indicacao,420,67438.69,0.305,58,0.2669
1407,Empresa_1407,saude,inbound,420,63034.96,0.001,435,0.4104
1404,Empresa_1404,saude,inbound,420,38386.97,0.822,293,0.691
164,Empresa_0164,industria,outbound,420,66769.78,0.104,403,0.4836
556,Empresa_0556,varejo,inbound,420,34929.45,0.667,341,0.99
934,Empresa_0934,industria,outbound,420,56192.4,0.875,430,0.371
1599,Empresa_1599,servicos,outbound,420,28648.12,0.052,200,0.01
1283,Empresa_1283,industria,inbound,421,65916.77,0.506,146,0.8779
1680,Empresa_1680,varejo,inbound,421,19986.61,0.799,68,0.01
1519,Empresa_1519,servicos,inbound,422,11309.39,0.973,408,0.4538
1388,Empresa_1388,industria,inbound,423,56728.02,0.248,149,0.3411
1387,Empresa_1387,saude,outbound,423,28268.64,0.985,69,0.293
353,Empresa_0353,servicos,outbound,423,66275.27,0.124,11,0.2238
1715,Empresa_1715,industria,inbound,423,52531.93,0.988,94,0.3947
1290,Empresa_1290,varejo,indicacao,423,53394.13,0.351,7,0.0609
781,Empresa_0781,industria,inbound,423,48405.41,0.465,285,0.576
1738,Empresa_1738,tecnologia,inbound,423,33604.92,0.226,436,0.4282
1691,Empresa_1691,saude,outbound,423,18549.43,0.255,116,0.0968
1522,Empresa_1522,saude,outbound,424,45317.49,0.483,44,0.3208
1335,Empresa_1335,saude,inbound,424,87189.9,0.287,307,0.5439
1799,Empresa_1799,industria,inbound,424,41139.76,0.959,268,0.6049
1896,Empresa_1896,servicos,inbound,425,18979.61,0.186,247,0.01
242,Empresa_0242,servicos,indicacao,425,14845.43,0.764,357,0.388
876,Empresa_0876,saude,outbound,425,49753.61,0.007,357,0.4972
110,Empresa_0110,varejo,inbound,425,58688.47,0.857,222,0.9229
1525,Empresa_1525,saude,outbound,425,71577.58,0.762,299,0.3197
468,Empresa_0468,servicos,outbound,426,72119.87,0.097,295,0.416
1415,Empresa_1415,tecnologia,inbound,426,32956.82,0.451,185,0.2216
1908,Empresa_1908,varejo,inbound,426,40603.27,0.715,284,0.642
1632,Empresa_1632,servicos,indicacao,426,52918.77,0.572,66,0.4597
348,Empresa_0348,industria,inbound,426,18368.11,0.011,131,0.3995
404,Empresa_0404,servicos,outbound,426,60423.35,0.585,159,0.518
763,Empresa_0763,saude,inbound,426,62738.13,0.184,97,0.2386
1019,Empresa_1019,tecnologia,inbound,427,62394.04,0.374,128,0.4941
1408,Empresa_1408,industria,outbound,427,49824.11,0.035,459,0.3979
1545,Empresa_1545,varejo,inbound,427,45266.82,0.804,252,0.2726
809,Empresa_0809,servicos,inbound,427,54344.62,0.758,15,0.5926
856,Empresa_0856,tecnologia,inbound,427,56731.66,0.931,42,0.7229
500,Empresa_0500,saude,outbound,428,77277.24,0.375,208,0.1519
863,Empresa_0863,varejo,indicacao,428,51679.62,0.923,270,0.618
1920,Empresa_1920,industria,outbound,428,28125.26,0.09,328,0.1761
1299,Empresa_1299,tecnologia,inbound,428,30692.98,0.503,202,0.0384
1049,Empresa_1049,saude,outbound,428,58750.24,0.465,290,0.5904
914,Empresa_0914,tecnologia,indicacao,428,69748.1,0.914,386,0.8314
709,Empresa_0709,industria,inbound,429,62949.69,0.882,390,0.6166
621,Empresa_0621,saude,outbound,429,50642.15,0.895,347,0.5785
1607,Empresa_1607,industria,inbound,430,53905.26,0.309,72,0.0117
1465,Empresa_1465,servicos,outbound,430,50805.13,0.959,45,0.6439
1443,Empresa_1443,varejo,inbound,430,78774.11,0.209,331,0.01
144,Empresa_0144,saude,outbound,430,33741.18,0.93,180,0.4123
1015,Empresa_1015,varejo,inbound,431,29579.1,0.598,5,0.3625
887,Empresa_0887,servicos,outbound,431,41373.21,0.563,147,0.0341
785,Empresa_0785,varejo,inbound,431,54975.75,0.222,121,0.221
58,Empresa_0058,servicos,outbound,431,32683.38,0.937,52,0.5817
567,Empresa_0567,servicos,inbound,432,36941.68,0.493,420,0.404
175,Empresa_0175,varejo,inbound,432,53451.76,0.355,216,0.6895
1674,Empresa_1674,servicos,inbound,432,45451.61,0.475,381,0.6526
289,Empresa_0289,servicos,outbound,432,47930.23,0.428,249,0.2462
853,Empresa_0853,industria,outbound,433,50621.71,0.623,142,0.4013
1351,Empresa_1351,tecnologia,inbound,433,61245.46,0.075,226,0.5047
1055,Empresa_1055,servicos,inbound,433,79440.29,0.953,85,0.6507
1414,Empresa_1414,varejo,outbound,433,77358.15,0.792,19,0.6717
1020,Empresa_1020,varejo,outbound,433,56797.51,0.446,81,0.3231
1490,Empresa_1490,tecnologia,indicacao,433,37674.14,0.795,229,0.2987
630,Empresa_0630,servicos,inbound,434,82218.74,0.501,356,0.9683
414,Empresa_0414,varejo,outbound,434,44302.32,0.527,80,0.9494
64,Empresa_0064,servicos,outbound,435,64224.53,0.163,220,0.2287
362,Empresa_0362,saude,inbound,435,69996.48,0.297,358,0.8174
868,Empresa_0868,tecnologia,outbound,435,38302.52,0.674,214,0.4583
178,Empresa_0178,varejo,inbound,436,47627.23,0.19,75,0.3769
615,Empresa_0615,tecnologia,inbound,436,24347.31,0.841,329,0.6123
1779,Empresa_1779,varejo,indicacao,437,79247.11,0.723,317,0.7755
1603,Empresa_1603,saude,inbound,437,21564.73,0.247,73,0.01
869,Empresa_0869,saude,outbound,437,49068.25,0.456,485,0.6626
854,Empresa_0854,tecnologia,indicacao,437,55571.52,0.42,14,0.5515
1660,Empresa_1660,industria,inbound,438,97739.04,0.153,149,0.3783
349,Empresa_0349,industria,outbound,438,79518.98,0.595,343,0.5147
982,Empresa_0982,servicos,inbound,438,54589.63,0.86,15,0.4865
1725,Empresa_1725,tecnologia,inbound,439,51952.08,0.94,65,0.4297
1434,Empresa_1434,varejo,indicacao,439,54738.97,0.564,243,0.6151
1922,Empresa_1922,tecnologia,outbound,440,11569.91,0.158,328,0.439
1949,Empresa_1949,saude,inbound,440,90019.26,0.238,221,0.6897
1266,Empresa_1266,varejo,inbound,440,33278.86,0.937,353,0.4235
1160,Empresa_1160,saude,inbound,442,26258.59,0.417,318,0.6742
448,Empresa_0448,industria,inbound,442,72291.85,0.923,18,0.2577
81,Empresa_0081,servicos,inbound,442,36761.48,0.339,461,0.5691
1489,Empresa_1489,servicos,inbound,442,53574.82,0.705,343,0.792
963,Empresa_0963,varejo,inbound,443,47805.45,0.08,363,0.4714
1531,Empresa_1531,servicos,indicacao,444,56187.83,0.82,261,0.613
1900,Empresa_1900,industria,inbound,444,38908.55,0.882,162,0.3369
721,Empresa_0721,tecnologia,outbound,445,72560.38,0.445,299,0.4307
177,Empresa_0177,servicos,outbound,445,53199.83,0.416,257,0.384
1289,Empresa_1289,saude,inbound,445,66483.99,0.367,365,0.2421
1958,Empresa_1958,industria,inbound,445,44272.68,0.241,165,0.3216
1766,Empresa_1766,tecnologia,outbound,445,25665.63,0.138,163,0.01
1965,Empresa_1965,industria,indicacao,446,59701.88,0.264,164,0.3791
1877,Empresa_1877,varejo,outbound,446,86178.29,0.346,84,0.6427
875,Empresa_0875,varejo,outbound,446,10828.17,0.999,396,0.2662
741,Empresa_0741,servicos,inbound,446,73754.5,0.687,388,0.8031
1855,Empresa_1855,servicos,inbound,446,36161.33,0.143,161,0.469
435,Empresa_0435,industria,outbound,446,37899.99,0.505,145,0.3556
530,Empresa_0530,varejo,outbound,446,42764.59,0.62,17,0.0742
207,Empresa_0207,saude,inbound,446,25623.74,0.379,220,0.1097
1686,Empresa_1686,tecnologia,inbound,447,39233.68,0.907,422,0.8975
1046,Empresa_1046,tecnologia,outbound,447,39246.75,0.916,318,0.6474
1894,Empresa_1894,tecnologia,outbound,447,44671.73,0.093,137,0.0422
1168,Empresa_1168,tecnologia,outbound,447,41765.01,0.59,93,0.3352
583,Empresa_0583,tecnologia,inbound,447,28557.34,0.289,14,0.3202
1417,Empresa_1417,tecnologia,inbound,447,69909.81,0.007,243,0.6947
872,Empresa_0872,industria,outbound,448,64485.65,0.854,442,0.7021
1104,Empresa_1104,industria,outbound,448,28053.25,0.184,111,0.01
599,Empresa_0599,varejo,outbound,449,14500.76,0.291,366,0.4448
520,Empresa_0520,varejo,outbound,449,30597.01,0.396,105,0.2049
624,Empresa_0624,varejo,outbound,449,59422.73,0.467,260,0.7865
336,Empresa_0336,tecnologia,indicacao,449,36577.19,0.238,133,0.2392
417,Empresa_0417,saude,outbound,450,76553.72,0.09,267,0.5412
961,Empresa_0961,saude,outbound,450,52620.54,0.59,281,0.626
1772,Empresa_1772,tecnologia,outbound,450,24093.18,0.28,432,0.6361
104,Empresa_0104,saude,outbound,450,31327.65,0.093,78,0.01
717,Empresa_0717,industria,indicacao,450,63714.98,0.101,140,0.8062
1903,Empresa_1903,servicos,inbound,451,47399.48,0.876,88,0.2685
1146,Empresa_1146,saude,inbound,451,59461.74,0.027,280,0.5693
665,Empresa_0665,tecnologia,inbound,451,15886.96,0.972,101,0.0652
250,Empresa_0250,tecnologia,outbound,451,42635.02,0.04,442,0.4356
1354,Empresa_1354,varejo,outbound,452,88259.1,0.648,374,0.7186
881,Empresa_0881,saude,inbound,452,68952.99,0.684,143,0.2254
1438,Empresa_1438,saude,outbound,452,25053.65,0.563,84,0.5145
676,Empresa_0676,saude,inbound,453,97652.05,0.807,112,0.4878
125,Empresa_0125,varejo,indicacao,453,57137.42,0.418,365,0.483
1644,Empresa_1644,servicos,inbound,453,20157.88,0.381,202,0.4632
1228,Empresa_1228,tecnologia,inbound,454,61190.81,0.71,228,0.6439
270,Empresa_0270,servicos,inbound,454,35568.84,0.287,95,0.3345
753,Empresa_0753,servicos,outbound,455,90975.11,0.679,94,0.6097
298,Empresa_0298,industria,inbound,455,14865.56,0.288,451,0.4775
837,Empresa_0837,tecnologia,inbound,455,78549.71,0.55,484,0.705
326,Empresa_0326,industria,inbound,455,18559.19,0.327,271,0.4986
998,Empresa_0998,industria,inbound,456,52615.28,0.447,76,0.3335
1856,Empresa_1856,servicos,outbound,456,46626.96,0.81,345,0.4988
1941,Empresa_1941,industria,indicacao,456,51896.54,0.22,149,0.2344
462,Empresa_0462,saude,inbound,457,18208.65,0.937,256,0.6925
314,Empresa_0314,saude,inbound,457,66559.76,0.15,424,0.536
1932,Empresa_1932,saude,indicacao,458,32736.29,0.139,307,0.4694
1578,Empresa_1578,tecnologia,inbound,458,5716.25,0.836,92,0.5539
1079,Empresa_1079,tecnologia,inbound,458,78706.0,0.19,337,0.5841
293,Empresa_0293,tecnologia,inbound,459,5000.0,0.568,363,0.487
1730,Empresa_1730,tecnologia,inbound,459,48182.58,0.491,400,0.4302
1238,Empresa_1238,industria,inbound,460,62363.81,0.094,221,0.0384
1635,Empresa_1635,tecnologia,indicacao,460,71690.3,0.738,139,0.6247
343,Empresa_0343,varejo,indicacao,460,58277.81,0.748,341,0.5624
562,Empresa_0562,saude,inbound,461,51022.84,0.233,164,0.1582
464,Empresa_0464,saude,outbound,461,27652.32,0.642,470,0.647
1493,Empresa_1493,tecnologia,inbound,461,28565.97,0.154,13,0.01
1162,Empresa_1162,varejo,inbound,461,44907.84,0.063,142,0.2536
46,Empresa_0046,varejo,inbound,461,67428.58,0.853,409,0.72
1405,Empresa_1405,saude,inbound,462,63893.41,0.692,310,0.5302
778,Empresa_0778,varejo,inbound,462,51207.72,0.956,374,0.9741
745,Empresa_0745,saude,inbound,462,68616.76,0.836,11,0.342
1852,Empresa_1852,varejo,inbound,462,44013.24,0.4,405,0.403
1872,Empresa_1872,industria,inbound,462,37676.15,0.545,385,0.3819
912,Empresa_0912,tecnologia,outbound,462,61111.64,0.012,338,0.2348
101,Empresa_0101,servicos,outbound,463,75984.57,0.094,164,0.0796
1398,Empresa_1398,varejo,inbound,463,61510.93,0.364,277,0.6557
1002,Empresa_1002,industria,inbound,464,41710.54,0.643,354,0.468
1136,Empresa_1136,saude,inbound,464,51234.09,0.257,362,0.6362
929,Empresa_0929,servicos,outbound,464,51514.27,0.506,164,0.5952
1488,Empresa_1488,saude,inbound,465,56567.36,0.164,72,0.4906
450,Empresa_0450,servicos,inbound,465,47377.25,0.522,255,0.4941
1784,Empresa_1784,servicos,inbound,465,63755.22,0.624,439,0.7069
799,Empresa_0799,saude,outbound,466,50778.26,0.209,59,0.3646
1169,Empresa_1169,varejo,outbound,466,42728.33,0.146,136,0.4058
726,Empresa_0726,tecnologia,outbound,466,55651.74,0.8,188,0.5262
1543,Empresa_1543,varejo,outbound,466,47900.84,0.779,122,0.6541
1926,Empresa_1926,varejo,inbound,466,38337.7,0.145,421,0.4049
502,Empresa_0502,varejo,outbound,466,35610.4,0.173,107,0.0667
1277,Empresa_1277,servicos,inbound,467,82401.41,0.708,369,0.69
1214,Empresa_1214,tecnologia,inbound,467,5000.0,0.043,228,0.2215
642,Empresa_0642,varejo,indicacao,467,91053.7,0.671,196,0.5788
1110,Empresa_1110,saude,outbound,467,79747.97,0.332,229,0.4875
1851,Empresa_1851,varejo,outbound,467,54625.64,0.311,315,0.1866
1467,Empresa_1467,tecnologia,inbound,467,22794.83,0.988,141,0.2361
559,Empresa_0559,industria,outbound,468,32224.05,0.032,104,0.01
1128,Empresa_1128,varejo,outbound,468,45122.08,0.985,57,0.7122
1747,Empresa_1747,saude,inbound,468,56276.38,0.023,460,0.3272
1035,Empresa_1035,industria,outbound,468,49972.15,0.222,140,0.1699
1726,Empresa_1726,servicos,inbound,469,31189.4,0.961,128,0.6769
545,Empresa_0545,saude,inbound,469,46816.3,0.768,394,0.7761
223,Empresa_0223,varejo,inbound,470,28312.24,0.723,454,0.5448
706,Empresa_0706,varejo,inbound,470,31788.5,0.724,170,0.3226
1148,Empresa_1148,saude,inbound,470,70380.87,0.7,323,0.6468
1095,Empresa_1095,servicos,inbound,470,74525.86,0.303,366,0.2682
1708,Empresa_1708,saude,outbound,470,70498.43,0.751,358,0.7758
1924,Empresa_1924,saude,inbound,470,48897.96,0.143,345,0.3976
96,Empresa_0096,servicos,inbound,471,23546.01,0.434,221,0.0744
1798,Empresa_1798,saude,outbound,471,38730.57,0.608,467,0.99
1948,Empresa_1948,tecnologia,indicacao,471,32575.68,0.324,479,0.1614
1024,Empresa_1024,servicos,outbound,471,7840.93,0.448,261,0.3356
1770,Empresa_1770,industria,inbound,471,40972.31,0.39,266,0.5568
1911,Empresa_1911,servicos,inbound,471,60196.41,0.989,112,0.4068
1029,Empresa_1029,industria,outbound,472,70910.65,0.869,353,0.8378
1986,Empresa_1986,tecnologia,inbound,472,53967.62,0.355,283,0.8048
1362,Empresa_1362,tecnologia,outbound,472,15335.82,0.252,356,0.198
1561,Empresa_1561,industria,outbound,472,52798.49,0.143,204,0.4096
1653,Empresa_1653,varejo,inbound,472,42287.4,0.025,126,0.4566
1420,Empresa_1420,varejo,inbound,474,45655.48,0.793,110,0.549
1529,Empresa_1529,tecnologia,inbound,475,62345.63,0.322,291,0.2493
1559,Empresa_1559,varejo,indicacao,475,47083.79,0.936,208,0.6819
1663,Empresa_1663,tecnologia,inbound,475,85965.75,0.439,114,0.8872
916,Empresa_0916,servicos,inbound,475,78726.04,0.97,394,0.99
727,Empresa_0727,varejo,inbound,475,65346.34,0.887,438,0.9809
1623,Empresa_1623,servicos,outbound,476,73510.13,0.38,234,0.6877
775,Empresa_0775,tecnologia,outbound,476,54055.95,0.288,416,0.2506
1891,Empresa_1891,industria,inbound,476,34336.4,0.343,8,0.2636
613,Empresa_0613,tecnologia,outbound,476,58926.44,0.106,38,0.1039
29,Empresa_0029,industria,outbound,476,58616.42,0.39,401,0.9029
708,Empresa_0708,industria,indicacao,477,45569.28,0.081,424,0.2759
217,Empresa_0217,varejo,inbound,478,76747.96,0.458,239,0.3739
156,Empresa_0156,varejo,inbound,478,52605.49,0.937,205,0.1155
1491,Empresa_1491,saude,inbound,478,49546.29,0.228,248,0.6019
1977,Empresa_1977,industria,indicacao,479,54345.46,0.315,264,0.3971
656,Empresa_0656,servicos,outbound,479,32619.06,0.533,46,0.3064
897,Empresa_0897,varejo,inbound,479,32753.64,0.815,58,0.1948
390,Empresa_0390,varejo,inbound,480,5000.0,0.957,319,0.3551
1935,Empresa_1935,industria,inbound,480,82084.58,0.087,106,0.4812
1249,Empresa_1249,saude,outbound,480,18812.34,0.487,140,0.188
274,Empresa_0274,servicos,outbound,480,81467.1,0.919,441,0.8029
82,Empresa_0082,servicos,inbound,481,42738.92,0.328,152,0.425
26,Empresa_0026,saude,inbound,481,60646.18,0.448,63,0.4742
261,Empresa_0261,industria,outbound,482,44672.25,0.522,280,0.4204
379,Empresa_0379,tecnologia,inbound,482,40846.01,0.9,38,0.2097
825,Empresa_0825,tecnologia,outbound,482,50582.2,0.621,294,0.5246
627,Empresa_0627,varejo,inbound,483,77252.85,0.399,245,0.55
208,Empresa_0208,tecnologia,inbound,483,32436.95,0.588,43,0.2337
531,Empresa_0531,servicos,inbound,483,31177.56,0.697,262,0.607
458,Empresa_0458,servicos,indicacao,483,56661.41,0.829,50,0.2089
640,Empresa_0640,servicos,inbound,483,20111.89,0.739,300,0.4154
1549,Empresa_1549,servicos,outbound,483,57910.18,0.044,278,0.2674
898,Empresa_0898,servicos,outbound,484,59577.51,0.169,7,0.2686
894,Empresa_0894,saude,inbound,484,43765.07,0.011,109,0.6198
1030,Empresa_1030,varejo,inbound,484,73752.69,0.907,325,0.7537
1043,Empresa_1043,tecnologia,inbound,484,52038.52,0.547,378,0.3919
1596,Empresa_1596,tecnologia,indicacao,484,56416.99,0.03,346,0.3727
246,Empresa_0246,varejo,indicacao,485,28064.29,0.708,202,0.3837
1983,Empresa_1983,saude,indicacao,486,44958.74,0.48,448,0.7297
1713,Empresa_1713,industria,inbound,486,47736.63,0.928,147,0.3666
10,Empresa_0010,saude,inbound,486,67587.96,0.48,223,0.7073
633,Empresa_0633,industria,inbound,486,11263.24,0.746,273,0.2843
1748,Empresa_1748,varejo,inbound,486,40165.05,0.154,55,0.4848
173,Empresa_0173,industria,inbound,487,25487.88,0.947,315,0.1079
611,Empresa_0611,saude,outbound,488,54705.52,0.394,95,0.2116
299,Empresa_0299,saude,inbound,488,56559.91,0.724,143,0.3293
1804,Empresa_1804,servicos,outbound,488,51847.08,0.283,239,0.6435
1004,Empresa_1004,tecnologia,inbound,489,50059.87,0.249,106,0.4048
1884,Empresa_1884,servicos,outbound,489,9842.14,0.91,279,0.5421
134,Empresa_0134,tecnologia,inbound,489,20583.87,0.97,445,0.4162
318,Empresa_0318,varejo,inbound,489,69791.68,0.886,19,0.6321
1165,Empresa_1165,tecnologia,inbound,489,32783.17,0.352,168,0.3397
1955,Empresa_1955,industria,outbound,490,29509.42,0.716,440,0.6984
15,Empresa_0015,servicos,outbound,490,32814.15,0.945,275,0.7921
1990,Empresa_1990,servicos,indicacao,490,57814.5,0.393,68,0.258
1028,Empresa_1028,varejo,inbound,491,49907.34,0.724,186,0.6029
1527,Empresa_1527,industria,inbound,491,46592.23,0.307,220,0.2157
1847,Empresa_1847,tecnologia,inbound,492,27633.88,0.516,20,0.2727
1722,Empresa_1722,servicos,inbound,492,36745.97,0.337,173,0.2203
974,Empresa_0974,saude,outbound,492,30005.76,0.235,307,0.0309
1430,Empresa_1430,tecnologia,inbound,492,44581.44,0.432,164,0.3292
1892,Empresa_1892,servicos,inbound,493,27261.55,0.649,174,0.3727
905,Empresa_0905,varejo,outbound,493,91205.96,0.154,249,0.8214
485,Empresa_0485,servicos,inbound,494,46591.85,0.62,112,0.568
378,Empresa_0378,tecnologia,outbound,494,82085.09,0.097,355,0.7114
1973,Empresa_1973,servicos,inbound,495,83931.73,0.088,426,0.3981
1044,Empresa_1044,saude,inbound,495,34753.53,0.919,109,0.7554
1865,Empresa_1865,varejo,indicacao,496,53144.66,0.511,108,0.2937
238,Empresa_0238,tecnologia,inbound,496,28751.71,0.704,86,0.5656
831,Empresa_0831,tecnologia,inbound,496,81228.76,0.275,213,0.3428
910,Empresa_0910,saude,inbound,496,34964.88,0.336,225,0.5018
543,Empresa_0543,industria,indicacao,496,46415.47,0.451,467,0.9009
1006,Empresa_1006,tecnologia,inbound,496,63401.58,0.098,67,0.2353
1444,Empresa_1444,saude,inbound,496,47119.45,0.498,47,0.5389
798,Empresa_0798,varejo,inbound,497,70516.74,0.245,282,0.4679
357,Empresa_0357,industria,inbound,497,55406.86,0.753,80,0.253
375,Empresa_0375,servicos,inbound,498,96553.06,0.124,367,0.5556
1237,Empresa_1237,industria,inbound,498,61410.74,0.276,46,0.3896
202,Empresa_0202,industria,indicacao,498,51811.7,0.627,34,0.6532
596,Empresa_0596,tecnologia,outbound,498,39588.23,0.76,46,0.2395
383,Empresa_0383,industria,inbound,499,24967.06,0.632,195,0.4178
1234,Empresa_1234,varejo,outbound,499,56540.2,0.105,206,0.7528
1361,Empresa_1361,saude,indicacao,499,68326.23,0.516,171,0.6546
172,Empresa_0172,saude,outbound,499,40900.33,0.93,391,0.5387
297,Empresa_0297,tecnologia,indicacao,499,42561.71,0.728,418,0.5197
467,Empresa_0467,industria,inbound,499,88744.62,0.119,148,0.492
1176,Empresa_1176,industria,inbound,499,34760.51,0.812,269,0.4926
1528,Empresa_1528,varejo,inbound,500,7306.13,0.446,205,0.2919
744,Empresa_0744,industria,outbound,500,51980.7,0.385,469,0.7831
438,Empresa_0438,saude,outbound,500,36914.33,0.338,464,0.5461
1966,Empresa_1966,servicos,outbound,501,54767.77,0.172,366,0.3264
154,Empresa_0154,industria,indicacao,501,48924.35,0.663,299,0.3452
138,Empresa_0138,industria,outbound,501,89934.62,0.142,173,0.2373
170,Empresa_0170,industria,inbound,501,36904.25,0.088,320,0.7987
281,Empresa_0281,saude,outbound,501,15108.28,0.209,404,0.0746
943,Empresa_0943,industria,inbound,501,74006.13,0.16,218,0.1227
554,Empresa_0554,saude,inbound,502,48258.12,0.951,25,0.4902
719,Empresa_0719,servicos,inbound,503,29554.39,0.072,236,0.1579
977,Empresa_0977,varejo,inbound,503,41753.26,0.474,243,0.1168
893,Empresa_0893,tecnologia,inbound,503,50771.62,0.245,425,0.2394
109,Empresa_0109,saude,inbound,503,15453.59,0.602,453,0.3193
1901,Empresa_1901,varejo,indicacao,504,71426.09,0.21,115,0.4008
1789,Empresa_1789,saude,outbound,504,70310.3,0.29,97,0.1249
443,Empresa_0443,varejo,inbound,504,76413.23,0.111,214,0.1039
1151,Empresa_1151,servicos,inbound,505,69253.15,0.555,111,0.6277
19,Empresa_0019,saude,inbound,505,49001.48,0.424,414,0.8655
557,Empresa_0557,industria,inbound,506,29354.75,0.457,34,0.01
141,Empresa_0141,saude,outbound,506,30209.24,0.818,137,0.4567
1673,Empresa_1673,varejo,outbound,506,59000.41,0.935,300,0.9038
158,Empresa_0158,tecnologia,inbound,506,40014.09,0.186,214,0.5565
506,Empresa_0506,varejo,inbound,506,98408.3,0.499,498,0.7979
1586,Empresa_1586,saude,outbound,506,5000.0,0.965,410,0.4283
787,Empresa_0787,saude,inbound,506,45941.72,0.463,151,0.3965
514,Empresa_0514,tecnologia,inbound,507,65816.12,0.031,97,0.1714
437,Empresa_0437,saude,indicacao,507,28604.95,0.106,409,0.1768
83,Empresa_0083,tecnologia,inbound,507,42365.24,0.09,271,0.2649
308,Empresa_0308,varejo,inbound,507,61653.1,0.548,447,0.6907
1842,Empresa_1842,industria,inbound,507,67579.08,0.849,10,0.6094
39,Empresa_0039,saude,inbound,507,63011.86,0.675,63,0.4574
811,Empresa_0811,industria,inbound,508,38442.12,0.661,421,0.3332
1782,Empresa_1782,industria,inbound,508,5000.0,0.328,391,0.1439
883,Empresa_0883,saude,inbound,508,26560.57,0.365,389,0.4843
1744,Empresa_1744,saude,inbound,509,63424.56,0.698,63,0.5093
1876,Empresa_1876,tecnologia,inbound,509,64596.58,0.867,400,0.6286
1802,Empresa_1802,industria,inbound,509,43911.46,0.705,29,0.7214
1053,Empresa_1053,industria,inbound,509,98902.6,0.258,438,0.467
159,Empresa_0159,servicos,inbound,509,26301.12,0.323,498,0.4424
743,Empresa_0743,industria,outbound,509,12803.29,0.935,269,0.4233
399,Empresa_0399,servicos,inbound,509,35906.53,0.481,360,0.5465
492,Empresa_0492,tecnologia,outbound,510,44275.03,0.377,133,0.4057
152,Empresa_0152,servicos,inbound,510,16506.34,0.512,276,0.01
135,Empresa_0135,tecnologia,inbound,511,29688.42,0.785,386,0.6165
1719,Empresa_1719,servicos,outbound,511,23232.35,0.058,356,0.2065
927,Empresa_0927,tecnologia,inbound,511,58275.85,0.128,379,0.3953
1539,Empresa_1539,servicos,outbound,512,80327.37,0.915,216,0.99
350,Empresa_0350,servicos,outbound,512,57367.13,0.991,236,0.4966
352,Empresa_0352,varejo,inbound,512,38581.13,0.189,157,0.1548
1213,Empresa_1213,servicos,outbound,512,35728.92,0.565,402,0.3761
493,Empresa_0493,servicos,inbound,512,59079.31,0.012,37,0.01
1054,Empresa_1054,tecnologia,inbound,512,22453.69,0.17,413,0.1954
985,Empresa_0985,tecnologia,inbound,512,62639.63,0.79,433,0.6262
367,Empresa_0367,industria,inbound,512,33555.0,0.417,280,0.3346
1368,Empresa_1368,varejo,outbound,513,74912.7,0.054,388,0.036
1450,Empresa_1450,saude,outbound,513,43489.1,0.816,26,0.4669
966,Empresa_0966,industria,indicacao,513,44883.36,0.889,420,0.4268
1569,Empresa_1569,tecnologia,inbound,513,18258.03,0.603,454,0.4137
1059,Empresa_1059,varejo,inbound,513,58894.54,0.641,425,0.7449
1512,Empresa_1512,tecnologia,inbound,513,67912.1,0.926,83,0.5077
730,Empresa_0730,saude,inbound,514,58956.27,0.355,248,0.3994
14,Empresa_0014,servicos,indicacao,514,59350.19,0.052,93,0.5276
124,Empresa_0124,saude,outbound,514,66702.22,0.503,29,0.184
823,Empresa_0823,industria,outbound,514,7666.91,0.931,78,0.3118
1706,Empresa_1706,servicos,inbound,515,40931.23,0.512,313,0.2341
1034,Empresa_1034,tecnologia,indicacao,515,39441.65,0.267,9,0.01
1565,Empresa_1565,varejo,outbound,516,37303.74,0.656,209,0.1692
1140,Empresa_1140,saude,inbound,516,84375.9,0.081,278,0.3223
1625,Empresa_1625,servicos,indicacao,516,72641.05,0.36,316,0.6152
393,Empresa_0393,varejo,indicacao,517,59187.72,0.437,414,0.3526
1781,Empresa_1781,servicos,outbound,517,51908.78,0.271,81,0.0819
1475,Empresa_1475,servicos,inbound,517,46744.02,0.521,458,0.5363
937,Empresa_0937,varejo,inbound,518,48242.47,0.1,65,0.1391
1378,Empresa_1378,tecnologia,inbound,518,55824.63,0.403,442,0.6146
574,Empresa_0574,varejo,inbound,518,53796.87,0.902,164,0.3006
329,Empresa_0329,industria,inbound,518,39634.4,0.365,105,0.6049
1777,Empresa_1777,varejo,inbound,519,54213.34,0.538,129,0.6736
1765,Empresa_1765,saude,inbound,519,47114.31,0.568,245,0.6719
1537,Empresa_1537,tecnologia,inbound,519,16253.05,0.402,470,0.1707
1088,Empresa_1088,saude,inbound,519,63064.9,0.043,96,0.3775
272,Empresa_0272,servicos,outbound,519,48054.27,0.764,387,0.3733
767,Empresa_0767,saude,inbound,520,38876.16,0.694,122,0.5773
251,Empresa_0251,tecnologia,outbound,520,56831.11,0.728,481,0.583
441,Empresa_0441,industria,inbound,520,56573.24,0.773,258,0.5559
1626,Empresa_1626,servicos,inbound,520,5000.0,0.611,308,0.276
1854,Empresa_1854,tecnologia,inbound,520,59502.56,0.192,88,0.2012
1122,Empresa_1122,industria,inbound,521,35003.73,0.189,469,0.8544
955,Empresa_0955,servicos,outbound,522,77410.82,0.829,387,0.8299
814,Empresa_0814,servicos,inbound,522,37438.68,0.458,304,0.5296
1453,Empresa_1453,saude,outbound,522,42095.12,0.392,201,0.3174
1634,Empresa_1634,varejo,indicacao,522,55661.37,0.053,145,0.2296
757,Empresa_0757,industria,inbound,522,67100.39,0.061,118,0.3928
260,Empresa_0260,saude,inbound,522,45236.53,0.325,68,0.0477
1817,Empresa_1817,industria,inbound,523,68652.78,0.676,490,0.6491
1200,Empresa_1200,saude,indicacao,523,23549.18,0.556,287,0.1142
529,Empresa_0529,varejo,inbound,523,81294.36,0.545,315,0.2564
1740,Empresa_1740,servicos,indicacao,523,42227.34,0.928,37,0.3962
282,Empresa_0282,varejo,outbound,523,68548.77,0.198,327,0.01
996,Empresa_0996,servicos,inbound,524,65336.46,0.924,343,0.8689
550,Empresa_0550,servicos,inbound,524,57700.76,0.913,296,0.7904
1907,Empresa_1907,saude,indicacao,525,52946.45,0.944,179,0.6407
221,Empresa_0221,industria,inbound,525,54849.94,0.752,8,0.8055
54,Empresa_0054,varejo,inbound,525,40592.55,0.238,303,0.2613
683,Empresa_0683,industria,outbound,525,39573.54,0.393,155,0.359
1516,Empresa_1516,tecnologia,inbound,525,35702.47,0.504,161,0.0393
976,Empresa_0976,saude,indicacao,525,72093.58,0.742,429,0.4513
333,Empresa_0333,varejo,inbound,525,29725.65,0.134,181,0.4309
1939,Empresa_1939,industria,outbound,526,33967.62,0.372,102,0.3155
817,Empresa_0817,industria,inbound,526,54882.09,0.318,331,0.5928
997,Empresa_0997,servicos,inbound,526,52423.56,0.765,249,0.4849
168,Empresa_0168,servicos,outbound,526,46867.24,0.482,260,0.2459
455,Empresa_0455,saude,indicacao,526,53203.81,0.034,404,0.2679
1885,Empresa_1885,varejo,inbound,527,55334.72,0.531,98,0.561
720,Empresa_0720,varejo,outbound,527,48076.42,0.945,453,0.822
1880,Empresa_1880,tecnologia,inbound,527,64497.09,0.56,103,0.4934
1609,Empresa_1609,tecnologia,inbound,527,42323.98,0.318,388,0.3
245,Empresa_0245,tecnologia,outbound,527,24251.55,0.972,205,0.3796
1832,Empresa_1832,industria,outbound,528,27653.45,0.953,352,0.5113
444,Empresa_0444,saude,indicacao,528,43144.28,0.609,251,0.4471
1662,Empresa_1662,servicos,inbound,528,47946.76,0.67,397,0.5599
5,Empresa_0005,saude,inbound,528,23956.41,0.988,136,0.1233
67,Empresa_0067,varejo,inbound,528,40752.96,0.178,82,0.01
641,Empresa_0641,saude,indicacao,529,63983.93,0.239,63,0.0956
313,Empresa_0313,industria,inbound,529,58779.86,0.989,404,0.7608
1215,Empresa_1215,servicos,indicacao,529,22439.81,0.079,67,0.105
49,Empresa_0049,servicos,indicacao,529,51351.58,0.9,94,0.6196
490,Empresa_0490,tecnologia,inbound,530,71705.74,0.586,102,0.8017
707,Empresa_0707,tecnologia,outbound,530,61170.98,0.837,82,0.5391
204,Empresa_0204,tecnologia,inbound,530,8996.56,0.345,53,0.0583
292,Empresa_0292,varejo,inbound,530,79429.84,0.37,208,0.5004
1102,Empresa_1102,tecnologia,outbound,530,61966.94,0.712,435,0.8182
1445,Empresa_1445,tecnologia,indicacao,531,55800.81,0.588,286,0.4737
59,Empresa_0059,saude,inbound,531,69365.57,0.607,19,0.5615
810,Empresa_0810,industria,inbound,532,45958.34,0.94,69,0.3086
1255,Empresa_1255,varejo,inbound,532,37430.31,0.943,22,0.228
382,Empresa_0382,tecnologia,inbound,532,17954.81,0.692,245,0.6433
1117,Empresa_1117,saude,outbound,533,42774.59,0.143,327,0.4952
538,Empresa_0538,tecnologia,inbound,533,5000.0,0.195,144,0.171
69,Empresa_0069,tecnologia,inbound,534,46173.91,0.014,228,0.562
1363,Empresa_1363,tecnologia,outbound,534,67240.0,0.506,403,0.598
97,Empresa_0097,varejo,inbound,534,30055.06,0.767,97,0.2284
1193,Empresa_1193,tecnologia,inbound,534,65002.44,0.355,5,0.2169
1558,Empresa_1558,servicos,outbound,535,66182.43,0.22,490,0.4217
1533,Empresa_1533,industria,inbound,535,26703.44,0.745,342,0.798
1235,Empresa_1235,servicos,outbound,535,34149.48,0.665,230,0.5887
1953,Empresa_1953,saude,inbound,536,36920.74,0.34,420,0.3874
510,Empresa_0510,tecnologia,inbound,536,18780.83,0.693,410,0.4704
320,Empresa_0320,tecnologia,inbound,536,65647.01,0.685,458,0.7286
1348,Empresa_1348,saude,outbound,536,68318.61,0.028,176,0.3895
395,Empresa_0395,varejo,inbound,537,52764.83,0.998,240,0.7219
1530,Empresa_1530,saude,indicacao,538,61107.2,0.387,93,0.6895
946,Empresa_0946,servicos,inbound,539,56716.83,0.822,310,0.5945
